"LinkIndec","Provincia","Partido","Localidad","Tecnologia","Accesos"
"6588100","BUENOS AIRES","9 de Julio","9 de Julio","ADSL","3.092"
"6588100","BUENOS AIRES","9 de Julio","9 de Julio","CABLEMODEM","3.341"
"6588100","BUENOS AIRES","9 de Julio","9 de Julio","DIAL UP","78"
"6588100","BUENOS AIRES","9 de Julio","9 de Julio","FIBRA OPTICA","9.104"
"6588100","BUENOS AIRES","9 de Julio","9 de Julio","SATELITAL","566"
"6588100","BUENOS AIRES","9 de Julio","9 de Julio","WIRELESS","831"
"6588030","BUENOS AIRES","9 de Julio","12 de Octubre","SATELITAL","13"
"6588030","BUENOS AIRES","9 de Julio","12 de Octubre","WIRELESS","19"
"6588010","BUENOS AIRES","9 de Julio","Alfredo Demarchi  (Est. Facundo Quiroga)","ADSL","450"
"6588010","BUENOS AIRES","9 de Julio","Alfredo Demarchi  (Est. Facundo Quiroga)","Otros","60"
"6588010","BUENOS AIRES","9 de Julio","Alfredo Demarchi  (Est. Facundo Quiroga)","SATELITAL","53"
"6588020","BUENOS AIRES","9 de Julio","Carlos María Naón","FIBRA OPTICA","62"
"6588020","BUENOS AIRES","9 de Julio","Carlos María Naón","SATELITAL","21"
"6588020","BUENOS AIRES","9 de Julio","Carlos María Naón","WIRELESS","1"
"6588040","BUENOS AIRES","9 de Julio","Dudignac","SATELITAL","72"
"6588040","BUENOS AIRES","9 de Julio","Dudignac","WIRELESS","474"
"6588050","BUENOS AIRES","9 de Julio","La Aurora  (Est. La Niña)","SATELITAL","26"
"6588060","BUENOS AIRES","9 de Julio","Manuel B. Gonnet  (Est. French)","ADSL","193"
"6588060","BUENOS AIRES","9 de Julio","Manuel B. Gonnet  (Est. French)","SATELITAL","29"
"6588070","BUENOS AIRES","9 de Julio","Marcelino Ugarte  (Est. Dennehy)","SATELITAL","8"
"6588080","BUENOS AIRES","9 de Julio","Morea","SATELITAL","33"
"6588080","BUENOS AIRES","9 de Julio","Morea","WIRELESS","130"
"6588090","BUENOS AIRES","9 de Julio","Norumbega","SATELITAL","16"
"0","BUENOS AIRES","9 de Julio","Otros","SATELITAL","122"
"6588110","BUENOS AIRES","9 de Julio","Patricios","ADSL","90"
"6588110","BUENOS AIRES","9 de Julio","Patricios","FIBRA OPTICA","2"
"6588110","BUENOS AIRES","9 de Julio","Patricios","SATELITAL","22"
"6588110","BUENOS AIRES","9 de Julio","Patricios","WIRELESS","50"
"6588120","BUENOS AIRES","9 de Julio","Villa General Fournier  (Est. 9 de Julio Sud)","FIBRA OPTICA","210"
"6588120","BUENOS AIRES","9 de Julio","Villa General Fournier  (Est. 9 de Julio Sud)","SATELITAL","46"
"6588120","BUENOS AIRES","9 de Julio","Villa General Fournier  (Est. 9 de Julio Sud)","WIRELESS","42"
"6854100","BUENOS AIRES","25 de Mayo","25 de Mayo","ADSL","338"
"6854100","BUENOS AIRES","25 de Mayo","25 de Mayo","CABLEMODEM","5.238"
"6854100","BUENOS AIRES","25 de Mayo","25 de Mayo","FIBRA OPTICA","4"
"6854100","BUENOS AIRES","25 de Mayo","25 de Mayo","SATELITAL","969"
"6854100","BUENOS AIRES","25 de Mayo","25 de Mayo","WIRELESS","579"
"6854010","BUENOS AIRES","25 de Mayo","Agustín Mosconi","SATELITAL","17"
"6854020","BUENOS AIRES","25 de Mayo","Del Valle","ADSL","181"
"6854020","BUENOS AIRES","25 de Mayo","Del Valle","Otros","10"
"6854020","BUENOS AIRES","25 de Mayo","Del Valle","SATELITAL","57"
"6854030","BUENOS AIRES","25 de Mayo","Ernestina","ADSL","33"
"6854030","BUENOS AIRES","25 de Mayo","Ernestina","FIBRA OPTICA","69"
"6854030","BUENOS AIRES","25 de Mayo","Ernestina","SATELITAL","13"
"6854040","BUENOS AIRES","25 de Mayo","Gobernador Ugarte","FIBRA OPTICA","7"
"6854040","BUENOS AIRES","25 de Mayo","Gobernador Ugarte","SATELITAL","16"
"6854040","BUENOS AIRES","25 de Mayo","Gobernador Ugarte","WIRELESS","225"
"6854050","BUENOS AIRES","25 de Mayo","Lucas Monteverde","SATELITAL","16"
"6854060","BUENOS AIRES","25 de Mayo","Norberto de la Riestra","CABLEMODEM","782"
"6854060","BUENOS AIRES","25 de Mayo","Norberto de la Riestra","FIBRA OPTICA","1.195"
"6854060","BUENOS AIRES","25 de Mayo","Norberto de la Riestra","Otros","16"
"6854060","BUENOS AIRES","25 de Mayo","Norberto de la Riestra","SATELITAL","122"
"6854060","BUENOS AIRES","25 de Mayo","Norberto de la Riestra","WIRELESS","100"
"0","BUENOS AIRES","25 de Mayo","Otros","SATELITAL","132"
"6854070","BUENOS AIRES","25 de Mayo","Pedernales","ADSL","208"
"6854070","BUENOS AIRES","25 de Mayo","Pedernales","FIBRA OPTICA","473"
"6854070","BUENOS AIRES","25 de Mayo","Pedernales","SATELITAL","57"
"6854070","BUENOS AIRES","25 de Mayo","Pedernales","WIRELESS","7"
"6854080","BUENOS AIRES","25 de Mayo","San Enrique","SATELITAL","40"
"6854090","BUENOS AIRES","25 de Mayo","Valdés","SATELITAL","54"
"6007010","BUENOS AIRES","Adolfo Alsina","Carhué","ADSL","879"
"6007010","BUENOS AIRES","Adolfo Alsina","Carhué","DIAL UP","1"
"6007010","BUENOS AIRES","Adolfo Alsina","Carhué","FIBRA OPTICA","1.886"
"6007010","BUENOS AIRES","Adolfo Alsina","Carhué","SATELITAL","163"
"6007010","BUENOS AIRES","Adolfo Alsina","Carhué","WIRELESS","1.073"
"6007020","BUENOS AIRES","Adolfo Alsina","Colonia San Miguel Arcángel","FIBRA OPTICA","208"
"6007020","BUENOS AIRES","Adolfo Alsina","Colonia San Miguel Arcángel","SATELITAL","42"
"6007030","BUENOS AIRES","Adolfo Alsina","Delfín Huergo","SATELITAL","6"
"6007050","BUENOS AIRES","Adolfo Alsina","Esteban Agustín Gascón","FIBRA OPTICA","60"
"6007050","BUENOS AIRES","Adolfo Alsina","Esteban Agustín Gascón","SATELITAL","7"
"6007060","BUENOS AIRES","Adolfo Alsina","La Pala","SATELITAL","4"
"6007070","BUENOS AIRES","Adolfo Alsina","Maza","FIBRA OPTICA","395"
"6007070","BUENOS AIRES","Adolfo Alsina","Maza","SATELITAL","81"
"6007070","BUENOS AIRES","Adolfo Alsina","Maza","WIRELESS","14"
"0","BUENOS AIRES","Adolfo Alsina","Otros","SATELITAL","85"
"6007080","BUENOS AIRES","Adolfo Alsina","Rivera","FIBRA OPTICA","1.399"
"6007080","BUENOS AIRES","Adolfo Alsina","Rivera","SATELITAL","95"
"6007010","BUENOS AIRES","Adolfo Alsina","Thames","SATELITAL","6"
"6007100","BUENOS AIRES","Adolfo Alsina","Villa Margarita","SATELITAL","2"
"6007110","BUENOS AIRES","Adolfo Alsina","Yutuyaco","SATELITAL","17"
"6014010","BUENOS AIRES","Adolfo Gonzales Chaves","Adolfo Gonzales Chaves  (Est. Chaves)","ADSL","281"
"6014010","BUENOS AIRES","Adolfo Gonzales Chaves","Adolfo Gonzales Chaves  (Est. Chaves)","CABLEMODEM","1"
"6014010","BUENOS AIRES","Adolfo Gonzales Chaves","Adolfo Gonzales Chaves  (Est. Chaves)","CELULAR","1"
"6014010","BUENOS AIRES","Adolfo Gonzales Chaves","Adolfo Gonzales Chaves  (Est. Chaves)","DIAL UP","2"
"6014010","BUENOS AIRES","Adolfo Gonzales Chaves","Adolfo Gonzales Chaves  (Est. Chaves)","FIBRA OPTICA","942"
"6014010","BUENOS AIRES","Adolfo Gonzales Chaves","Adolfo Gonzales Chaves  (Est. Chaves)","SATELITAL","159"
"6014010","BUENOS AIRES","Adolfo Gonzales Chaves","Adolfo Gonzales Chaves  (Est. Chaves)","WIRELESS","690"
"6014020","BUENOS AIRES","Adolfo Gonzales Chaves","De la Garma","FIBRA OPTICA","702"
"6014020","BUENOS AIRES","Adolfo Gonzales Chaves","De la Garma","SATELITAL","76"
"6014020","BUENOS AIRES","Adolfo Gonzales Chaves","De la Garma","WIRELESS","34"
"6014030","BUENOS AIRES","Adolfo Gonzales Chaves","Juan E. Barra","SATELITAL","16"
"6014030","BUENOS AIRES","Adolfo Gonzales Chaves","Juan E. Barra","WIRELESS","65"
"0","BUENOS AIRES","Adolfo Gonzales Chaves","Otros","SATELITAL","68"
"6014040","BUENOS AIRES","Adolfo Gonzales Chaves","Vásquez","SATELITAL","5"
"6014040","BUENOS AIRES","Adolfo Gonzales Chaves","Vásquez","WIRELESS","14"
"6021010","BUENOS AIRES","Alberti","Alberti   (Est. Andrés Vaccarezza)","ADSL","147"
"6021010","BUENOS AIRES","Alberti","Alberti   (Est. Andrés Vaccarezza)","DIAL UP","5"
"6021010","BUENOS AIRES","Alberti","Alberti   (Est. Andrés Vaccarezza)","FIBRA OPTICA","9"
"6021010","BUENOS AIRES","Alberti","Alberti   (Est. Andrés Vaccarezza)","SATELITAL","107"
"6021010","BUENOS AIRES","Alberti","Alberti   (Est. Andrés Vaccarezza)","WIRELESS","4"
"6021020","BUENOS AIRES","Alberti","Coronel Seguí","SATELITAL","8"
"6021020","BUENOS AIRES","Alberti","Coronel Seguí","WIRELESS","5"
"6021030","BUENOS AIRES","Alberti","Mechita","ADSL","285"
"6021030","BUENOS AIRES","Alberti","Mechita","SATELITAL","20"
"0","BUENOS AIRES","Alberti","Otros","SATELITAL","11"
"6021040","BUENOS AIRES","Alberti","Pla","SATELITAL","9"
"6021050","BUENOS AIRES","Alberti","Villa Grisolía  (Est. Achupallas)","SATELITAL","36"
"6021060","BUENOS AIRES","Alberti","Villa María","SATELITAL","1"
"6021070","BUENOS AIRES","Alberti","Villa Ortiz  (Est. Coronel Mom)","SATELITAL","5"
"6021070","BUENOS AIRES","Alberti","Villa Ortiz  (Est. Coronel Mom)","WIRELESS","24"
"6028010","BUENOS AIRES","Almirante Brown","Adrogué","ADSL","9"
"6028010","BUENOS AIRES","Almirante Brown","Adrogué","CABLEMODEM","8.912"
"6028010","BUENOS AIRES","Almirante Brown","Adrogué","DIAL UP","44"
"6028010","BUENOS AIRES","Almirante Brown","Adrogué","FIBRA OPTICA","14.456"
"6028010","BUENOS AIRES","Almirante Brown","Adrogué","Otros","1"
"6028010","BUENOS AIRES","Almirante Brown","Adrogué","SATELITAL","141"
"6028010","BUENOS AIRES","Almirante Brown","Adrogué","WIRELESS","26"
"6028010","BUENOS AIRES","Almirante Brown","Burzaco","ADSL","17"
"6028010","BUENOS AIRES","Almirante Brown","Burzaco","CABLEMODEM","15.360"
"6028010","BUENOS AIRES","Almirante Brown","Burzaco","CELULAR","10"
"6028010","BUENOS AIRES","Almirante Brown","Burzaco","DIAL UP","33"
"6028010","BUENOS AIRES","Almirante Brown","Burzaco","FIBRA OPTICA","15.536"
"6028010","BUENOS AIRES","Almirante Brown","Burzaco","SATELITAL","162"
"6028010","BUENOS AIRES","Almirante Brown","Burzaco","WIRELESS","273"
"6028010","BUENOS AIRES","Almirante Brown","Claypole","ADSL","1"
"6028010","BUENOS AIRES","Almirante Brown","Claypole","CABLEMODEM","7.478"
"6028010","BUENOS AIRES","Almirante Brown","Claypole","CELULAR","25"
"6028010","BUENOS AIRES","Almirante Brown","Claypole","DIAL UP","3"
"6028010","BUENOS AIRES","Almirante Brown","Claypole","FIBRA OPTICA","5.882"
"6028010","BUENOS AIRES","Almirante Brown","Claypole","SATELITAL","27"
"6028010","BUENOS AIRES","Almirante Brown","Claypole","WIRELESS","1"
"6028010","BUENOS AIRES","Almirante Brown","Don Orione","CABLEMODEM","5.087"
"6028010","BUENOS AIRES","Almirante Brown","Don Orione","FIBRA OPTICA","421"
"6028010","BUENOS AIRES","Almirante Brown","Don Orione","SATELITAL","34"
"6028010","BUENOS AIRES","Almirante Brown","Don Orione","WIRELESS","1"
"6028010","BUENOS AIRES","Almirante Brown","Glew","CABLEMODEM","8.471"
"6028010","BUENOS AIRES","Almirante Brown","Glew","CELULAR","5"
"6028010","BUENOS AIRES","Almirante Brown","Glew","DIAL UP","9"
"6028010","BUENOS AIRES","Almirante Brown","Glew","FIBRA OPTICA","14.301"
"6028010","BUENOS AIRES","Almirante Brown","Glew","SATELITAL","50"
"6028010","BUENOS AIRES","Almirante Brown","Glew","WIRELESS","54"
"6028010","BUENOS AIRES","Almirante Brown","Jose Mármol","CABLEMODEM","7.209"
"6028010","BUENOS AIRES","Almirante Brown","Jose Mármol","DIAL UP","1"
"6028010","BUENOS AIRES","Almirante Brown","Jose Mármol","FIBRA OPTICA","2.182"
"6028010","BUENOS AIRES","Almirante Brown","Jose Mármol","SATELITAL","30"
"6028010","BUENOS AIRES","Almirante Brown","Jose Mármol","WIRELESS","1"
"6028010","BUENOS AIRES","Almirante Brown","Longchamps","ADSL","7"
"6028010","BUENOS AIRES","Almirante Brown","Longchamps","CABLEMODEM","8.780"
"6028010","BUENOS AIRES","Almirante Brown","Longchamps","CELULAR","9"
"6028010","BUENOS AIRES","Almirante Brown","Longchamps","DIAL UP","20"
"6028010","BUENOS AIRES","Almirante Brown","Longchamps","FIBRA OPTICA","10.111"
"6028010","BUENOS AIRES","Almirante Brown","Longchamps","SATELITAL","57"
"6028010","BUENOS AIRES","Almirante Brown","Longchamps","WIRELESS","2"
"6028010","BUENOS AIRES","Almirante Brown","Malvinas Argentinas","CABLEMODEM","4.598"
"6028010","BUENOS AIRES","Almirante Brown","Malvinas Argentinas","CELULAR","7"
"6028010","BUENOS AIRES","Almirante Brown","Malvinas Argentinas","DIAL UP","2"
"6028010","BUENOS AIRES","Almirante Brown","Malvinas Argentinas","FIBRA OPTICA","2.243"
"6028010","BUENOS AIRES","Almirante Brown","Malvinas Argentinas","SATELITAL","46"
"6028010","BUENOS AIRES","Almirante Brown","Malvinas Argentinas","WIRELESS","1"
"6028010","BUENOS AIRES","Almirante Brown","Ministro Rivadavia","ADSL","2"
"6028010","BUENOS AIRES","Almirante Brown","Ministro Rivadavia","CABLEMODEM","3.431"
"6028010","BUENOS AIRES","Almirante Brown","Ministro Rivadavia","CELULAR","6"
"6028010","BUENOS AIRES","Almirante Brown","Ministro Rivadavia","DIAL UP","3"
"6028010","BUENOS AIRES","Almirante Brown","Ministro Rivadavia","FIBRA OPTICA","4.918"
"6028010","BUENOS AIRES","Almirante Brown","Ministro Rivadavia","SATELITAL","65"
"6028010","BUENOS AIRES","Almirante Brown","Ministro Rivadavia","WIRELESS","1"
"6028010","BUENOS AIRES","Almirante Brown","Rafael Calzada","ADSL","4"
"6028010","BUENOS AIRES","Almirante Brown","Rafael Calzada","CABLEMODEM","10.694"
"6028010","BUENOS AIRES","Almirante Brown","Rafael Calzada","CELULAR","11"
"6028010","BUENOS AIRES","Almirante Brown","Rafael Calzada","DIAL UP","14"
"6028010","BUENOS AIRES","Almirante Brown","Rafael Calzada","FIBRA OPTICA","12.045"
"6028010","BUENOS AIRES","Almirante Brown","Rafael Calzada","SATELITAL","31"
"6028010","BUENOS AIRES","Almirante Brown","Rafael Calzada","WIRELESS","340"
"6028010","BUENOS AIRES","Almirante Brown","San Francisco Solano","ADSL","1"
"6028010","BUENOS AIRES","Almirante Brown","San Francisco Solano","CABLEMODEM","4.292"
"6028010","BUENOS AIRES","Almirante Brown","San Francisco Solano","CELULAR","1"
"6028010","BUENOS AIRES","Almirante Brown","San Francisco Solano","DIAL UP","4"
"6028010","BUENOS AIRES","Almirante Brown","San Francisco Solano","FIBRA OPTICA","6.825"
"6028010","BUENOS AIRES","Almirante Brown","San Francisco Solano","SATELITAL","26"
"6028010","BUENOS AIRES","Almirante Brown","San Francisco Solano","WIRELESS","1"
"6028010","BUENOS AIRES","Almirante Brown","San Jose","CABLEMODEM","8.744"
"6028010","BUENOS AIRES","Almirante Brown","San Jose","CELULAR","3"
"6028010","BUENOS AIRES","Almirante Brown","San Jose","DIAL UP","1"
"6028010","BUENOS AIRES","Almirante Brown","San Jose","FIBRA OPTICA","1.947"
"6028010","BUENOS AIRES","Almirante Brown","San Jose","SATELITAL","55"
"6028010","BUENOS AIRES","Almirante Brown","San Jose","WIRELESS","1"
"0","BUENOS AIRES","AMBA","Otros","CABLEMODEM","3.836"
"0","BUENOS AIRES","AMBA","Otros","OTROS","0"
"0","BUENOS AIRES","AMBA","Otros","WIRELESS","13"
"6077010","BUENOS AIRES","Arrecifes","Arrecifes","ADSL","490"
"6077010","BUENOS AIRES","Arrecifes","Arrecifes","CABLEMODEM","1.335"
"6077010","BUENOS AIRES","Arrecifes","Arrecifes","CELULAR","1"
"6077010","BUENOS AIRES","Arrecifes","Arrecifes","DIAL UP","12"
"6077010","BUENOS AIRES","Arrecifes","Arrecifes","FIBRA OPTICA","7.805"
"6077010","BUENOS AIRES","Arrecifes","Arrecifes","SATELITAL","288"
"6077010","BUENOS AIRES","Arrecifes","Arrecifes","WIRELESS","1.127"
"0","BUENOS AIRES","Arrecifes","Otros","SATELITAL","55"
"6077020","BUENOS AIRES","Arrecifes","Todd","FIBRA OPTICA","375"
"6077020","BUENOS AIRES","Arrecifes","Todd","SATELITAL","16"
"6077030","BUENOS AIRES","Arrecifes","Viña","ADSL","50"
"6077030","BUENOS AIRES","Arrecifes","Viña","SATELITAL","11"
"6077030","BUENOS AIRES","Arrecifes","Viña","WIRELESS","25"
"6035010","BUENOS AIRES","Avellaneda","Area Reserva Cinturón Ecológico","SATELITAL","55"
"6035010","BUENOS AIRES","Avellaneda","Avellaneda","ADSL","72"
"6035010","BUENOS AIRES","Avellaneda","Avellaneda","CABLEMODEM","7.396"
"6035010","BUENOS AIRES","Avellaneda","Avellaneda","CELULAR","2"
"6035010","BUENOS AIRES","Avellaneda","Avellaneda","DIAL UP","41"
"6035010","BUENOS AIRES","Avellaneda","Avellaneda","FIBRA OPTICA","10.332"
"6035010","BUENOS AIRES","Avellaneda","Avellaneda","SATELITAL","148"
"6035010","BUENOS AIRES","Avellaneda","Avellaneda","WIRELESS","65"
"6035010","BUENOS AIRES","Avellaneda","Crucesita","CABLEMODEM","4.262"
"6035010","BUENOS AIRES","Avellaneda","Crucesita","FIBRA OPTICA","3.844"
"6035010","BUENOS AIRES","Avellaneda","Crucesita","SATELITAL","72"
"6035010","BUENOS AIRES","Avellaneda","Dock Sud","ADSL","4"
"6035010","BUENOS AIRES","Avellaneda","Dock Sud","CABLEMODEM","546"
"6035010","BUENOS AIRES","Avellaneda","Dock Sud","CELULAR","28"
"6035010","BUENOS AIRES","Avellaneda","Dock Sud","FIBRA OPTICA","1.991"
"6035010","BUENOS AIRES","Avellaneda","Dock Sud","SATELITAL","98"
"6035010","BUENOS AIRES","Avellaneda","Dock Sud","WIRELESS","23"
"6035010","BUENOS AIRES","Avellaneda","Gerli","CABLEMODEM","5.010"
"6035010","BUENOS AIRES","Avellaneda","Gerli","FIBRA OPTICA","5.651"
"6035010","BUENOS AIRES","Avellaneda","Gerli","SATELITAL","78"
"6035010","BUENOS AIRES","Avellaneda","Pineyro","CABLEMODEM","5.079"
"6035010","BUENOS AIRES","Avellaneda","Pineyro","FIBRA OPTICA","3.248"
"6035010","BUENOS AIRES","Avellaneda","Pineyro","SATELITAL","64"
"6035010","BUENOS AIRES","Avellaneda","Sarandí","ADSL","8"
"6035010","BUENOS AIRES","Avellaneda","Sarandí","CABLEMODEM","8.336"
"6035010","BUENOS AIRES","Avellaneda","Sarandí","CELULAR","18"
"6035010","BUENOS AIRES","Avellaneda","Sarandí","DIAL UP","53"
"6035010","BUENOS AIRES","Avellaneda","Sarandí","FIBRA OPTICA","16.960"
"6035010","BUENOS AIRES","Avellaneda","Sarandí","SATELITAL","128"
"6035010","BUENOS AIRES","Avellaneda","Villa Domínico","CABLEMODEM","7.658"
"6035010","BUENOS AIRES","Avellaneda","Villa Domínico","CELULAR","28"
"6035010","BUENOS AIRES","Avellaneda","Villa Domínico","FIBRA OPTICA","8.304"
"6035010","BUENOS AIRES","Avellaneda","Villa Domínico","SATELITAL","88"
"6035010","BUENOS AIRES","Avellaneda","Villa Domínico","WIRELESS","520"
"6035010","BUENOS AIRES","Avellaneda","Wilde","ADSL","6"
"6035010","BUENOS AIRES","Avellaneda","Wilde","CABLEMODEM","10.244"
"6035010","BUENOS AIRES","Avellaneda","Wilde","CELULAR","13"
"6035010","BUENOS AIRES","Avellaneda","Wilde","DIAL UP","58"
"6035010","BUENOS AIRES","Avellaneda","Wilde","FIBRA OPTICA","21.377"
"6035010","BUENOS AIRES","Avellaneda","Wilde","SATELITAL","85"
"6035010","BUENOS AIRES","Avellaneda","Wilde","WIRELESS","123"
"6042010","BUENOS AIRES","Ayacucho","Ayacucho","ADSL","1.190"
"6042010","BUENOS AIRES","Ayacucho","Ayacucho","CABLEMODEM","1"
"6042010","BUENOS AIRES","Ayacucho","Ayacucho","DIAL UP","2"
"6042010","BUENOS AIRES","Ayacucho","Ayacucho","FIBRA OPTICA","376"
"6042010","BUENOS AIRES","Ayacucho","Ayacucho","SATELITAL","535"
"6042010","BUENOS AIRES","Ayacucho","Ayacucho","WIRELESS","12"
"6042020","BUENOS AIRES","Ayacucho","La Constancia","SATELITAL","32"
"6042020","BUENOS AIRES","Ayacucho","La Constancia","WIRELESS","14"
"0","BUENOS AIRES","Ayacucho","Otros","SATELITAL","212"
"6042030","BUENOS AIRES","Ayacucho","Solanet","SATELITAL","26"
"6042030","BUENOS AIRES","Ayacucho","Solanet","WIRELESS","10"
"6042040","BUENOS AIRES","Ayacucho","Udaquiola","SATELITAL","53"
"6042040","BUENOS AIRES","Ayacucho","Udaquiola","WIRELESS","15"
"6049050","BUENOS AIRES","Azul","16 de Julio","SATELITAL","13"
"6049010","BUENOS AIRES","Azul","Ariel","SATELITAL","7"
"6049020","BUENOS AIRES","Azul","Azul","ADSL","201"
"6049020","BUENOS AIRES","Azul","Azul","CABLEMODEM","10.889"
"6049020","BUENOS AIRES","Azul","Azul","DIAL UP","42"
"6049020","BUENOS AIRES","Azul","Azul","FIBRA OPTICA","10.065"
"6049020","BUENOS AIRES","Azul","Azul","SATELITAL","634"
"6049020","BUENOS AIRES","Azul","Azul","WIRELESS","1.158"
"6049030","BUENOS AIRES","Azul","Cacharí","CELULAR","6"
"6049030","BUENOS AIRES","Azul","Cacharí","DIAL UP","2"
"6049030","BUENOS AIRES","Azul","Cacharí","FIBRA OPTICA","2"
"6049030","BUENOS AIRES","Azul","Cacharí","SATELITAL","244"
"6049030","BUENOS AIRES","Azul","Cacharí","WIRELESS","521"
"6049040","BUENOS AIRES","Azul","Chillar","FIBRA OPTICA","2"
"6049040","BUENOS AIRES","Azul","Chillar","SATELITAL","121"
"6049040","BUENOS AIRES","Azul","Chillar","WIRELESS","565"
"0","BUENOS AIRES","Azul","Otros","SATELITAL","992"
"6056010","BUENOS AIRES","Bahía Blanca","Bahía Blanca","ADSL","998"
"6056010","BUENOS AIRES","Bahía Blanca","Bahía Blanca","CABLEMODEM","89.875"
"6056010","BUENOS AIRES","Bahía Blanca","Bahía Blanca","CELULAR","6"
"6056010","BUENOS AIRES","Bahía Blanca","Bahía Blanca","DIAL UP","346"
"6056010","BUENOS AIRES","Bahía Blanca","Bahía Blanca","FIBRA OPTICA","41.020"
"6056010","BUENOS AIRES","Bahía Blanca","Bahía Blanca","SATELITAL","2.725"
"6056010","BUENOS AIRES","Bahía Blanca","Bahía Blanca","WIRELESS","3.072"
"6056020","BUENOS AIRES","Bahía Blanca","Cabildo","CABLEMODEM","193"
"6056020","BUENOS AIRES","Bahía Blanca","Cabildo","DIAL UP","3"
"6056020","BUENOS AIRES","Bahía Blanca","Cabildo","FIBRA OPTICA","211"
"6056020","BUENOS AIRES","Bahía Blanca","Cabildo","SATELITAL","34"
"6056020","BUENOS AIRES","Bahía Blanca","Cabildo","WIRELESS","41"
"6056030","BUENOS AIRES","Bahía Blanca","General Daniel Cerri  (Est. General Cerri)","ADSL","10"
"6056030","BUENOS AIRES","Bahía Blanca","General Daniel Cerri  (Est. General Cerri)","CABLEMODEM","1.384"
"6056030","BUENOS AIRES","Bahía Blanca","General Daniel Cerri  (Est. General Cerri)","FIBRA OPTICA","861"
"6056030","BUENOS AIRES","Bahía Blanca","General Daniel Cerri  (Est. General Cerri)","SATELITAL","243"
"6056030","BUENOS AIRES","Bahía Blanca","General Daniel Cerri  (Est. General Cerri)","WIRELESS","14"
"6056020","BUENOS AIRES","Bahía Blanca","Grunbein","SATELITAL","453"
"6056020","BUENOS AIRES","Bahía Blanca","Ingeniero White","FIBRA OPTICA","2"
"6056020","BUENOS AIRES","Bahía Blanca","Ingeniero White","SATELITAL","296"
"6056020","BUENOS AIRES","Bahía Blanca","Ingeniero White","WIRELESS","6"
"0","BUENOS AIRES","Bahía Blanca","Otros","SATELITAL","45"
"6056020","BUENOS AIRES","Bahía Blanca","Villa Bordeau","FIBRA OPTICA","1"
"6056020","BUENOS AIRES","Bahía Blanca","Villa Bordeau","SATELITAL","283"
"6056020","BUENOS AIRES","Bahía Blanca","Villa Espora","SATELITAL","25"
"6063010","BUENOS AIRES","Balcarce","Balcarce","ADSL","334"
"6063010","BUENOS AIRES","Balcarce","Balcarce","CABLEMODEM","11.541"
"6063010","BUENOS AIRES","Balcarce","Balcarce","CELULAR","2"
"6063010","BUENOS AIRES","Balcarce","Balcarce","DIAL UP","30"
"6063010","BUENOS AIRES","Balcarce","Balcarce","FIBRA OPTICA","2.685"
"6063010","BUENOS AIRES","Balcarce","Balcarce","Otros","5"
"6063010","BUENOS AIRES","Balcarce","Balcarce","SATELITAL","850"
"6063010","BUENOS AIRES","Balcarce","Balcarce","WIRELESS","883"
"6063020","BUENOS AIRES","Balcarce","Los Pinos","Otros","9"
"6063020","BUENOS AIRES","Balcarce","Los Pinos","SATELITAL","53"
"6063020","BUENOS AIRES","Balcarce","Los Pinos","WIRELESS","30"
"6063030","BUENOS AIRES","Balcarce","Napaleofú","FIBRA OPTICA","15"
"6063030","BUENOS AIRES","Balcarce","Napaleofú","SATELITAL","44"
"6063030","BUENOS AIRES","Balcarce","Napaleofú","WIRELESS","166"
"0","BUENOS AIRES","Balcarce","Otros","SATELITAL","178"
"6063040","BUENOS AIRES","Balcarce","Ramos Otero","SATELITAL","20"
"6063040","BUENOS AIRES","Balcarce","Ramos Otero","WIRELESS","8"
"6063050","BUENOS AIRES","Balcarce","San Agustín","Otros","3"
"6063050","BUENOS AIRES","Balcarce","San Agustín","SATELITAL","44"
"6063050","BUENOS AIRES","Balcarce","San Agustín","WIRELESS","72"
"6063060","BUENOS AIRES","Balcarce","Villa Laguna La Brava","SATELITAL","50"
"6063060","BUENOS AIRES","Balcarce","Villa Laguna La Brava","WIRELESS","42"
"6070010","BUENOS AIRES","Baradero","Baradero","ADSL","105"
"6070010","BUENOS AIRES","Baradero","Baradero","CABLEMODEM","7.549"
"6070010","BUENOS AIRES","Baradero","Baradero","CELULAR","14"
"6070010","BUENOS AIRES","Baradero","Baradero","FIBRA OPTICA","797"
"6070010","BUENOS AIRES","Baradero","Baradero","SATELITAL","584"
"6070010","BUENOS AIRES","Baradero","Baradero","WIRELESS","1.927"
"6070020","BUENOS AIRES","Baradero","Irineo Portela","SATELITAL","39"
"6070020","BUENOS AIRES","Baradero","Irineo Portela","WIRELESS","92"
"0","BUENOS AIRES","Baradero","Otros","SATELITAL","45"
"6070030","BUENOS AIRES","Baradero","Santa Coloma","SATELITAL","65"
"6070030","BUENOS AIRES","Baradero","Santa Coloma","WIRELESS","55"
"6070040","BUENOS AIRES","Baradero","Villa Alsina  (Est. Alsina)","ADSL","63"
"6070040","BUENOS AIRES","Baradero","Villa Alsina  (Est. Alsina)","CELULAR","3"
"6070040","BUENOS AIRES","Baradero","Villa Alsina  (Est. Alsina)","Otros","10"
"6070040","BUENOS AIRES","Baradero","Villa Alsina  (Est. Alsina)","SATELITAL","76"
"6070040","BUENOS AIRES","Baradero","Villa Alsina  (Est. Alsina)","WIRELESS","248"
"6084010","BUENOS AIRES","Benito Juárez","Barker","DIAL UP","1"
"6084010","BUENOS AIRES","Benito Juárez","Barker","FIBRA OPTICA","11"
"6084010","BUENOS AIRES","Benito Juárez","Barker","SATELITAL","19"
"6084010","BUENOS AIRES","Benito Juárez","Barker","WIRELESS","70"
"6084020","BUENOS AIRES","Benito Juárez","Benito Juárez  (Est. Juárez)","ADSL","177"
"6084020","BUENOS AIRES","Benito Juárez","Benito Juárez  (Est. Juárez)","CABLEMODEM","1"
"6084020","BUENOS AIRES","Benito Juárez","Benito Juárez  (Est. Juárez)","DIAL UP","12"
"6084020","BUENOS AIRES","Benito Juárez","Benito Juárez  (Est. Juárez)","FIBRA OPTICA","2.800"
"6084020","BUENOS AIRES","Benito Juárez","Benito Juárez  (Est. Juárez)","SATELITAL","256"
"6084020","BUENOS AIRES","Benito Juárez","Benito Juárez  (Est. Juárez)","WIRELESS","147"
"6084030","BUENOS AIRES","Benito Juárez","López","SATELITAL","18"
"6084030","BUENOS AIRES","Benito Juárez","López","WIRELESS","12"
"0","BUENOS AIRES","Benito Juárez","Otros","SATELITAL","115"
"6084040","BUENOS AIRES","Benito Juárez","Tedín Uriburu","SATELITAL","17"
"6084040","BUENOS AIRES","Benito Juárez","Tedín Uriburu","WIRELESS","3"
"6084050","BUENOS AIRES","Benito Juárez","Villa Cacique  (Est. Alfredo Fortabat)","FIBRA OPTICA","20"
"6084050","BUENOS AIRES","Benito Juárez","Villa Cacique  (Est. Alfredo Fortabat)","SATELITAL","105"
"6084050","BUENOS AIRES","Benito Juárez","Villa Cacique  (Est. Alfredo Fortabat)","WIRELESS","100"
"6091010","BUENOS AIRES","Berazategui","Berazategui","ADSL","5"
"6091010","BUENOS AIRES","Berazategui","Berazategui","CABLEMODEM","15.015"
"6091010","BUENOS AIRES","Berazategui","Berazategui","CELULAR","19"
"6091010","BUENOS AIRES","Berazategui","Berazategui","DIAL UP","37"
"6091010","BUENOS AIRES","Berazategui","Berazategui","FIBRA OPTICA","34.044"
"6091010","BUENOS AIRES","Berazategui","Berazategui","SATELITAL","98"
"6091010","BUENOS AIRES","Berazategui","Berazategui","WIRELESS","52"
"6091010","BUENOS AIRES","Berazategui","Berazategui Oeste","ADSL","16"
"6091010","BUENOS AIRES","Berazategui","Berazategui Oeste","CABLEMODEM","104"
"6091010","BUENOS AIRES","Berazategui","Berazategui Oeste","FIBRA OPTICA","16.819"
"6091010","BUENOS AIRES","Berazategui","Berazategui Oeste","SATELITAL","65"
"6091010","BUENOS AIRES","Berazategui","Carlos Tomás Sourigues","CABLEMODEM","1.263"
"6091010","BUENOS AIRES","Berazategui","Carlos Tomás Sourigues","CELULAR","3"
"6091010","BUENOS AIRES","Berazategui","Carlos Tomás Sourigues","FIBRA OPTICA","2.519"
"6091010","BUENOS AIRES","Berazategui","Carlos Tomás Sourigues","SATELITAL","51"
"6091010","BUENOS AIRES","Berazategui","Centro Agrícola El Pato","ADSL","1.328"
"6091010","BUENOS AIRES","Berazategui","Centro Agrícola El Pato","CABLEMODEM","978"
"6091010","BUENOS AIRES","Berazategui","Centro Agrícola El Pato","CELULAR","1"
"6091010","BUENOS AIRES","Berazategui","Centro Agrícola El Pato","FIBRA OPTICA","2.141"
"6091010","BUENOS AIRES","Berazategui","Centro Agrícola El Pato","SATELITAL","164"
"6091010","BUENOS AIRES","Berazategui","Centro Agrícola El Pato","WIRELESS","16"
"6091010","BUENOS AIRES","Berazategui","Guillermo E. Hudson","ADSL","13"
"6091010","BUENOS AIRES","Berazategui","Guillermo E. Hudson","CABLEMODEM","5.432"
"6091010","BUENOS AIRES","Berazategui","Guillermo E. Hudson","CELULAR","13"
"6091010","BUENOS AIRES","Berazategui","Guillermo E. Hudson","DIAL UP","2"
"6091010","BUENOS AIRES","Berazategui","Guillermo E. Hudson","FIBRA OPTICA","11.734"
"6091010","BUENOS AIRES","Berazategui","Guillermo E. Hudson","SATELITAL","178"
"6091010","BUENOS AIRES","Berazategui","Juan María Gutierrez","ADSL","5"
"6091010","BUENOS AIRES","Berazategui","Juan María Gutierrez","CABLEMODEM","1.699"
"6091010","BUENOS AIRES","Berazategui","Juan María Gutierrez","CELULAR","3"
"6091010","BUENOS AIRES","Berazategui","Juan María Gutierrez","DIAL UP","2"
"6091010","BUENOS AIRES","Berazategui","Juan María Gutierrez","FIBRA OPTICA","7.662"
"6091010","BUENOS AIRES","Berazategui","Juan María Gutierrez","SATELITAL","188"
"6091010","BUENOS AIRES","Berazategui","Juan María Gutierrez","WIRELESS","90"
"6091010","BUENOS AIRES","Berazategui","Pereyra","CABLEMODEM","237"
"6091010","BUENOS AIRES","Berazategui","Pereyra","CELULAR","1"
"6091010","BUENOS AIRES","Berazategui","Pereyra","DIAL UP","1"
"6091010","BUENOS AIRES","Berazategui","Pereyra","FIBRA OPTICA","632"
"6091010","BUENOS AIRES","Berazategui","Pereyra","SATELITAL","27"
"6091010","BUENOS AIRES","Berazategui","Plátanos","CABLEMODEM","1.421"
"6091010","BUENOS AIRES","Berazategui","Plátanos","CELULAR","4"
"6091010","BUENOS AIRES","Berazategui","Plátanos","FIBRA OPTICA","2.818"
"6091010","BUENOS AIRES","Berazategui","Plátanos","SATELITAL","46"
"6091010","BUENOS AIRES","Berazategui","Ranelagh","ADSL","2"
"6091010","BUENOS AIRES","Berazategui","Ranelagh","CABLEMODEM","2.665"
"6091010","BUENOS AIRES","Berazategui","Ranelagh","CELULAR","5"
"6091010","BUENOS AIRES","Berazategui","Ranelagh","DIAL UP","12"
"6091010","BUENOS AIRES","Berazategui","Ranelagh","FIBRA OPTICA","9.009"
"6091010","BUENOS AIRES","Berazategui","Ranelagh","SATELITAL","105"
"6091010","BUENOS AIRES","Berazategui","Villa España","CABLEMODEM","827"
"6091010","BUENOS AIRES","Berazategui","Villa España","FIBRA OPTICA","2.677"
"6091010","BUENOS AIRES","Berazategui","Villa España","SATELITAL","36"
"6098010","BUENOS AIRES","Berisso","Barrio Banco Provincia","SATELITAL","23"
"6098010","BUENOS AIRES","Berisso","Barrio El Carmen (Este)","FIBRA OPTICA","132"
"6098010","BUENOS AIRES","Berisso","Barrio El Carmen (Este)","SATELITAL","7"
"6098010","BUENOS AIRES","Berisso","Barrio El Carmen (Este)","WIRELESS","250"
"6098010","BUENOS AIRES","Berisso","Barrio Universitario","SATELITAL","2"
"6098010","BUENOS AIRES","Berisso","Berisso","ADSL","266"
"6098010","BUENOS AIRES","Berisso","Berisso","CABLEMODEM","11.325"
"6098010","BUENOS AIRES","Berisso","Berisso","CELULAR","7"
"6098010","BUENOS AIRES","Berisso","Berisso","DIAL UP","16"
"6098010","BUENOS AIRES","Berisso","Berisso","FIBRA OPTICA","14.854"
"6098010","BUENOS AIRES","Berisso","Berisso","SATELITAL","57"
"6098010","BUENOS AIRES","Berisso","Berisso","WIRELESS","361"
"6098010","BUENOS AIRES","Berisso","Los Talas","SATELITAL","60"
"6098010","BUENOS AIRES","Berisso","Villa Arguello","FIBRA OPTICA","132"
"6098010","BUENOS AIRES","Berisso","Villa Arguello","SATELITAL","19"
"6098010","BUENOS AIRES","Berisso","Villa Arguello","WIRELESS","250"
"6098010","BUENOS AIRES","Berisso","Villa Dolores","SATELITAL","12"
"6098010","BUENOS AIRES","Berisso","Villa Independencia","SATELITAL","2"
"6098010","BUENOS AIRES","Berisso","Villa Nueva","FIBRA OPTICA","132"
"6098010","BUENOS AIRES","Berisso","Villa Nueva","SATELITAL","3"
"6098010","BUENOS AIRES","Berisso","Villa Nueva","WIRELESS","250"
"6098010","BUENOS AIRES","Berisso","Villa Porteña","SATELITAL","8"
"6098010","BUENOS AIRES","Berisso","Villa Progreso","FIBRA OPTICA","132"
"6098010","BUENOS AIRES","Berisso","Villa Progreso","SATELITAL","2"
"6098010","BUENOS AIRES","Berisso","Villa Progreso","WIRELESS","250"
"6098010","BUENOS AIRES","Berisso","Villa San Carlos","SATELITAL","32"
"6098010","BUENOS AIRES","Berisso","Villa Zula","SATELITAL","3"
"6105010","BUENOS AIRES","Bolívar","Hale","ADSL","10"
"6105010","BUENOS AIRES","Bolívar","Hale","SATELITAL","39"
"6105020","BUENOS AIRES","Bolívar","Juan F. Ibarra","SATELITAL","16"
"6105060","BUENOS AIRES","Bolívar","Mariano Unzué","SATELITAL","18"
"0","BUENOS AIRES","Bolívar","Otros","SATELITAL","110"
"6105040","BUENOS AIRES","Bolívar","Paula","SATELITAL","15"
"6105050","BUENOS AIRES","Bolívar","Pirovano","FIBRA OPTICA","4"
"6105050","BUENOS AIRES","Bolívar","Pirovano","Otros","50"
"6105050","BUENOS AIRES","Bolívar","Pirovano","SATELITAL","47"
"6105050","BUENOS AIRES","Bolívar","Pirovano","WIRELESS","65"
"6105060","BUENOS AIRES","Bolívar","San Carlos de Bolívar  (Est. Bolívar)","ADSL","366"
"6105060","BUENOS AIRES","Bolívar","San Carlos de Bolívar  (Est. Bolívar)","CABLEMODEM","4.954"
"6105060","BUENOS AIRES","Bolívar","San Carlos de Bolívar  (Est. Bolívar)","DIAL UP","2"
"6105060","BUENOS AIRES","Bolívar","San Carlos de Bolívar  (Est. Bolívar)","FIBRA OPTICA","3"
"6105060","BUENOS AIRES","Bolívar","San Carlos de Bolívar  (Est. Bolívar)","SATELITAL","752"
"6105060","BUENOS AIRES","Bolívar","San Carlos de Bolívar  (Est. Bolívar)","WIRELESS","255"
"6105070","BUENOS AIRES","Bolívar","Urdampilleta","DIAL UP","2"
"6105070","BUENOS AIRES","Bolívar","Urdampilleta","SATELITAL","65"
"6105070","BUENOS AIRES","Bolívar","Urdampilleta","WIRELESS","77"
"6105080","BUENOS AIRES","Bolívar","Villa Lynch Pueyrredón","SATELITAL","5"
"6112005","BUENOS AIRES","Bragado","Asamblea","SATELITAL","8"
"6112010","BUENOS AIRES","Bragado","Bragado","ADSL","210"
"6112010","BUENOS AIRES","Bragado","Bragado","CABLEMODEM","2.340"
"6112010","BUENOS AIRES","Bragado","Bragado","DIAL UP","9"
"6112010","BUENOS AIRES","Bragado","Bragado","FIBRA OPTICA","276"
"6112010","BUENOS AIRES","Bragado","Bragado","SATELITAL","303"
"6112010","BUENOS AIRES","Bragado","Bragado","WIRELESS","210"
"6112020","BUENOS AIRES","Bragado","Comodoro Py","FIBRA OPTICA","220"
"6112020","BUENOS AIRES","Bragado","Comodoro Py","SATELITAL","8"
"6112020","BUENOS AIRES","Bragado","Comodoro Py","WIRELESS","2"
"6112030","BUENOS AIRES","Bragado","General O'Brien","ADSL","321"
"6112030","BUENOS AIRES","Bragado","General O'Brien","FIBRA OPTICA","138"
"6112030","BUENOS AIRES","Bragado","General O'Brien","SATELITAL","88"
"6112030","BUENOS AIRES","Bragado","General O'Brien","WIRELESS","27"
"6112040","BUENOS AIRES","Bragado","Irala","SATELITAL","37"
"6112040","BUENOS AIRES","Bragado","Irala","WIRELESS","92"
"6112050","BUENOS AIRES","Bragado","La Limpia","SATELITAL","19"
"6112060","BUENOS AIRES","Bragado","Máximo Fernández  (Est. Juan F. Salaberry)","SATELITAL","11"
"6112070","BUENOS AIRES","Bragado","Mechita (Est. Mecha)","ADSL","10"
"6112070","BUENOS AIRES","Bragado","Mechita (Est. Mecha)","CABLEMODEM","7"
"6112070","BUENOS AIRES","Bragado","Mechita (Est. Mecha)","SATELITAL","13"
"6112070","BUENOS AIRES","Bragado","Mechita (Est. Mecha)","WIRELESS","9"
"6112080","BUENOS AIRES","Bragado","Olascoaga","SATELITAL","12"
"6112080","BUENOS AIRES","Bragado","Olascoaga","WIRELESS","40"
"0","BUENOS AIRES","Bragado","Otros","SATELITAL","16"
"6112090","BUENOS AIRES","Bragado","Warnes","ADSL","135"
"6112090","BUENOS AIRES","Bragado","Warnes","Otros","9"
"6112090","BUENOS AIRES","Bragado","Warnes","SATELITAL","39"
"6112090","BUENOS AIRES","Bragado","Warnes","WIRELESS","17"
"6119010","BUENOS AIRES","Brandsen","Altamirano","SATELITAL","20"
"6119015","BUENOS AIRES","Brandsen","Barrio El Mirador","SATELITAL","115"
"6119020","BUENOS AIRES","Brandsen","Barrio Las Golondrinas","SATELITAL","37"
"6119030","BUENOS AIRES","Brandsen","Barrio Los Bosquecitos","SATELITAL","33"
"6119040","BUENOS AIRES","Brandsen","Barrio Parque Las Acacias","SATELITAL","32"
"6119045","BUENOS AIRES","Brandsen","Campos de Roca","SATELITAL","76"
"6119055","BUENOS AIRES","Brandsen","Club de Campo Las Malvinas","SATELITAL","12"
"6119050","BUENOS AIRES","Brandsen","Coronel Brandsen","ADSL","27"
"6119050","BUENOS AIRES","Brandsen","Coronel Brandsen","CABLEMODEM","420"
"6119050","BUENOS AIRES","Brandsen","Coronel Brandsen","CELULAR","6"
"6119050","BUENOS AIRES","Brandsen","Coronel Brandsen","FIBRA OPTICA","5.015"
"6119050","BUENOS AIRES","Brandsen","Coronel Brandsen","SATELITAL","274"
"6119050","BUENOS AIRES","Brandsen","Coronel Brandsen","WIRELESS","1.114"
"6119060","BUENOS AIRES","Brandsen","Gómez","SATELITAL","22"
"6119070","BUENOS AIRES","Brandsen","Jeppener","FIBRA OPTICA","1.080"
"6119070","BUENOS AIRES","Brandsen","Jeppener","SATELITAL","41"
"6119080","BUENOS AIRES","Brandsen","Oliden","SATELITAL","51"
"0","BUENOS AIRES","Brandsen","Otros","SATELITAL","10"
"6119085","BUENOS AIRES","Brandsen","Posada de los Lagos","SATELITAL","232"
"6119090","BUENOS AIRES","Brandsen","Samborombón","SATELITAL","18"
"6126010","BUENOS AIRES","Campana","Alto Los Cardales","FIBRA OPTICA","621"
"6126010","BUENOS AIRES","Campana","Alto Los Cardales","SATELITAL","117"
"6126010","BUENOS AIRES","Campana","Alto Los Cardales","WIRELESS","41"
"6126020","BUENOS AIRES","Campana","Barrio Los Pioneros","SATELITAL","93"
"6126020","BUENOS AIRES","Campana","Barrio Los Pioneros","WIRELESS","60"
"6126030","BUENOS AIRES","Campana","Campana","ADSL","166"
"6126030","BUENOS AIRES","Campana","Campana","CABLEMODEM","18.976"
"6126030","BUENOS AIRES","Campana","Campana","CELULAR","58"
"6126030","BUENOS AIRES","Campana","Campana","FIBRA OPTICA","16.653"
"6126030","BUENOS AIRES","Campana","Campana","SATELITAL","377"
"6126030","BUENOS AIRES","Campana","Campana","WIRELESS","1.306"
"6126035","BUENOS AIRES","Campana","Chacras del Río Luján","SATELITAL","102"
"6126035","BUENOS AIRES","Campana","Chacras Del Río Luján","WIRELESS","35"
"6126040","BUENOS AIRES","Campana","Lomas del Río Luján (Est. Río Luján)","CABLEMODEM","63"
"6126040","BUENOS AIRES","Campana","Lomas del Río Luján (Est. Río Luján)","SATELITAL","157"
"0","BUENOS AIRES","Campana","Otros","SATELITAL","88"
"6134010","BUENOS AIRES","Cañuelas","Alejandro Petión","CABLEMODEM","650"
"6134010","BUENOS AIRES","Cañuelas","Alejandro Petión","DIAL UP","5"
"6134010","BUENOS AIRES","Cañuelas","Alejandro Petión","FIBRA OPTICA","626"
"6134010","BUENOS AIRES","Cañuelas","Alejandro Petión","SATELITAL","155"
"6134010","BUENOS AIRES","Cañuelas","Alejandro Petión","WIRELESS","6"
"6134030","BUENOS AIRES","Cañuelas","Barrio Belgrano-Máximo Paz","SATELITAL","44"
"6134030","BUENOS AIRES","Cañuelas","Barrio Belgrano-Máximo Paz","WIRELESS","20"
"6134020","BUENOS AIRES","Cañuelas","Barrio El Taladro","FIBRA OPTICA","264"
"6134020","BUENOS AIRES","Cañuelas","Barrio El Taladro","SATELITAL","7"
"6134030","BUENOS AIRES","Cañuelas","Cañuelas","ADSL","15"
"6134030","BUENOS AIRES","Cañuelas","Cañuelas","CABLEMODEM","3.691"
"6134030","BUENOS AIRES","Cañuelas","Cañuelas","CELULAR","2"
"6134030","BUENOS AIRES","Cañuelas","Cañuelas","DIAL UP","26"
"6134030","BUENOS AIRES","Cañuelas","Cañuelas","FIBRA OPTICA","8.148"
"6134030","BUENOS AIRES","Cañuelas","Cañuelas","SATELITAL","6.216"
"6134030","BUENOS AIRES","Cañuelas","Cañuelas","WIRELESS","508"
"6134040","BUENOS AIRES","Cañuelas","Gobernador Udaondo","FIBRA OPTICA","1"
"6134040","BUENOS AIRES","Cañuelas","Gobernador Udaondo","SATELITAL","38"
"6134040","BUENOS AIRES","Cañuelas","Gobernador Udaondo","WIRELESS","40"
"6134050","BUENOS AIRES","Cañuelas","Máximo Paz","CELULAR","2"
"6134050","BUENOS AIRES","Cañuelas","Máximo Paz","FIBRA OPTICA","1.860"
"6134050","BUENOS AIRES","Cañuelas","Máximo Paz","WIRELESS","160"
"0","BUENOS AIRES","Cañuelas","Otros","SATELITAL","37"
"6134060","BUENOS AIRES","Cañuelas","Santa Rosa","FIBRA OPTICA","3.980"
"6134060","BUENOS AIRES","Cañuelas","Santa Rosa","SATELITAL","78"
"6134060","BUENOS AIRES","Cañuelas","Santa Rosa","WIRELESS","150"
"6134070","BUENOS AIRES","Cañuelas","Uribelarrea","ADSL","44"
"6134070","BUENOS AIRES","Cañuelas","Uribelarrea","FIBRA OPTICA","893"
"6134070","BUENOS AIRES","Cañuelas","Uribelarrea","SATELITAL","46"
"6134070","BUENOS AIRES","Cañuelas","Uribelarrea","WIRELESS","101"
"6134080","BUENOS AIRES","Cañuelas","Vicente Casares","ADSL","50"
"6134080","BUENOS AIRES","Cañuelas","Vicente Casares","FIBRA OPTICA","304"
"6134080","BUENOS AIRES","Cañuelas","Vicente Casares","SATELITAL","43"
"6134080","BUENOS AIRES","Cañuelas","Vicente Casares","WIRELESS","5"
"6140010","BUENOS AIRES","Capitán Sarmiento","Capitán Sarmiento","ADSL","57"
"6140010","BUENOS AIRES","Capitán Sarmiento","Capitán Sarmiento","CABLEMODEM","3.670"
"6140010","BUENOS AIRES","Capitán Sarmiento","Capitán Sarmiento","FIBRA OPTICA","180"
"6140010","BUENOS AIRES","Capitán Sarmiento","Capitán Sarmiento","SATELITAL","149"
"6140010","BUENOS AIRES","Capitán Sarmiento","Capitán Sarmiento","WIRELESS","643"
"6140020","BUENOS AIRES","Capitán Sarmiento","La Luisa","FIBRA OPTICA","36"
"6140020","BUENOS AIRES","Capitán Sarmiento","La Luisa","SATELITAL","43"
"6140020","BUENOS AIRES","Capitán Sarmiento","La Luisa","WIRELESS","44"
"0","BUENOS AIRES","Capitán Sarmiento","Otros","SATELITAL","10"
"6147010","BUENOS AIRES","Carlos Casares","Bellocq","DIAL UP","1"
"6147010","BUENOS AIRES","Carlos Casares","Bellocq","SATELITAL","74"
"6147010","BUENOS AIRES","Carlos Casares","Bellocq","WIRELESS","280"
"6147020","BUENOS AIRES","Carlos Casares","Cadret","Otros","1"
"6147020","BUENOS AIRES","Carlos Casares","Cadret","SATELITAL","28"
"6147020","BUENOS AIRES","Carlos Casares","Cadret","WIRELESS","48"
"6147030","BUENOS AIRES","Carlos Casares","Carlos Casares","ADSL","538"
"6147030","BUENOS AIRES","Carlos Casares","Carlos Casares","CABLEMODEM","1"
"6147030","BUENOS AIRES","Carlos Casares","Carlos Casares","DIAL UP","6"
"6147030","BUENOS AIRES","Carlos Casares","Carlos Casares","FIBRA OPTICA","2.803"
"6147030","BUENOS AIRES","Carlos Casares","Carlos Casares","SATELITAL","354"
"6147030","BUENOS AIRES","Carlos Casares","Carlos Casares","WIRELESS","2.461"
"6147040","BUENOS AIRES","Carlos Casares","Colonia Mauricio","SATELITAL","10"
"6147050","BUENOS AIRES","Carlos Casares","Hortensia","SATELITAL","16"
"6147060","BUENOS AIRES","Carlos Casares","La Sofía","SATELITAL","10"
"6147060","BUENOS AIRES","Carlos Casares","La Sofía","WIRELESS","1"
"6147070","BUENOS AIRES","Carlos Casares","Mauricio Hirsch","SATELITAL","6"
"6147070","BUENOS AIRES","Carlos Casares","Mauricio Hirsch","WIRELESS","47"
"6147080","BUENOS AIRES","Carlos Casares","Moctezuma","SATELITAL","22"
"6147080","BUENOS AIRES","Carlos Casares","Moctezuma","WIRELESS","165"
"6147090","BUENOS AIRES","Carlos Casares","Ordoqui","SATELITAL","16"
"0","BUENOS AIRES","Carlos Casares","Otros","SATELITAL","15"
"6147095","BUENOS AIRES","Carlos Casares","Santo Tomás","SATELITAL","10"
"6147095","BUENOS AIRES","Carlos Casares","Santo Tomás","WIRELESS","44"
"6147100","BUENOS AIRES","Carlos Casares","Smith","SATELITAL","20"
"6147100","BUENOS AIRES","Carlos Casares","Smith","WIRELESS","194"
"6154010","BUENOS AIRES","Carlos Tejedor","Carlos Tejedor","CABLEMODEM","1.305"
"6154010","BUENOS AIRES","Carlos Tejedor","Carlos Tejedor","FIBRA OPTICA","70"
"6154010","BUENOS AIRES","Carlos Tejedor","Carlos Tejedor","SATELITAL","119"
"6154010","BUENOS AIRES","Carlos Tejedor","Carlos Tejedor","WIRELESS","465"
"6154020","BUENOS AIRES","Carlos Tejedor","Colonia Seré","FIBRA OPTICA","120"
"6154020","BUENOS AIRES","Carlos Tejedor","Colonia Seré","SATELITAL","32"
"6154020","BUENOS AIRES","Carlos Tejedor","Colonia Seré","WIRELESS","77"
"6154030","BUENOS AIRES","Carlos Tejedor","Curarú","SATELITAL","32"
"6154030","BUENOS AIRES","Carlos Tejedor","Curarú","WIRELESS","16"
"0","BUENOS AIRES","Carlos Tejedor","Otros","SATELITAL","85"
"6154040","BUENOS AIRES","Carlos Tejedor","Timote","SATELITAL","31"
"6154040","BUENOS AIRES","Carlos Tejedor","Timote","WIRELESS","61"
"6154050","BUENOS AIRES","Carlos Tejedor","Tres Algarrobos  (Est. Cuenca)","SATELITAL","88"
"6154050","BUENOS AIRES","Carlos Tejedor","Tres Algarrobos  (Est. Cuenca)","WIRELESS","198"
"6161010","BUENOS AIRES","Carmen de Areco","Carmen de Areco","ADSL","156"
"6161010","BUENOS AIRES","Carmen de Areco","Carmen de Areco","CABLEMODEM","1.684"
"6161010","BUENOS AIRES","Carmen de Areco","Carmen de Areco","CELULAR","1"
"6161010","BUENOS AIRES","Carmen de Areco","Carmen de Areco","DIAL UP","4"
"6161010","BUENOS AIRES","Carmen de Areco","Carmen de Areco","FIBRA OPTICA","4"
"6161010","BUENOS AIRES","Carmen de Areco","Carmen de Areco","SATELITAL","285"
"6161010","BUENOS AIRES","Carmen de Areco","Carmen de Areco","WIRELESS","1.045"
"0","BUENOS AIRES","Carmen de Areco","Otros","SATELITAL","18"
"6161020","BUENOS AIRES","Carmen de Areco","Pueblo Gouin","SATELITAL","50"
"6161020","BUENOS AIRES","Carmen de Areco","Pueblo Gouin","WIRELESS","31"
"6161030","BUENOS AIRES","Carmen de Areco","Tres Sargentos","SATELITAL","35"
"6161030","BUENOS AIRES","Carmen de Areco","Tres Sargentos","WIRELESS","107"
"6168010","BUENOS AIRES","Castelli","Castelli","CABLEMODEM","21"
"6168010","BUENOS AIRES","Castelli","Castelli","FIBRA OPTICA","2.638"
"6168010","BUENOS AIRES","Castelli","Castelli","SATELITAL","150"
"6168010","BUENOS AIRES","Castelli","Castelli","WIRELESS","283"
"6168020","BUENOS AIRES","Castelli","Centro Guerrero","FIBRA OPTICA","78"
"6168020","BUENOS AIRES","Castelli","Centro Guerrero","SATELITAL","20"
"6168020","BUENOS AIRES","Castelli","Centro Guerrero","WIRELESS","1"
"6168030","BUENOS AIRES","Castelli","Cerro De La Gloria","FIBRA OPTICA","14"
"6168030","BUENOS AIRES","Castelli","Cerro de la Gloria","SATELITAL","17"
"6168030","BUENOS AIRES","Castelli","Cerro De La Gloria","WIRELESS","1"
"0","BUENOS AIRES","Castelli","Otros","SATELITAL","46"
"6210010","BUENOS AIRES","Chacabuco","Castilla","SATELITAL","29"
"6210010","BUENOS AIRES","Chacabuco","Castilla","WIRELESS","327"
"6210020","BUENOS AIRES","Chacabuco","Chacabuco","ADSL","523"
"6210020","BUENOS AIRES","Chacabuco","Chacabuco","CABLEMODEM","9.782"
"6210020","BUENOS AIRES","Chacabuco","Chacabuco","CELULAR","1"
"6210020","BUENOS AIRES","Chacabuco","Chacabuco","DIAL UP","14"
"6210020","BUENOS AIRES","Chacabuco","Chacabuco","FIBRA OPTICA","3.586"
"6210020","BUENOS AIRES","Chacabuco","Chacabuco","SATELITAL","388"
"6210020","BUENOS AIRES","Chacabuco","Chacabuco","WIRELESS","130"
"6210030","BUENOS AIRES","Chacabuco","Los Angeles","SATELITAL","17"
"6210040","BUENOS AIRES","Chacabuco","O'Higgins","ADSL","260"
"6210040","BUENOS AIRES","Chacabuco","O'Higgins","FIBRA OPTICA","224"
"6210040","BUENOS AIRES","Chacabuco","O'Higgins","SATELITAL","39"
"6210040","BUENOS AIRES","Chacabuco","O'Higgins","WIRELESS","12"
"0","BUENOS AIRES","Chacabuco","Otros","SATELITAL","57"
"6210050","BUENOS AIRES","Chacabuco","Rawson","ADSL","50"
"6210050","BUENOS AIRES","Chacabuco","Rawson","CABLEMODEM","1"
"6210050","BUENOS AIRES","Chacabuco","Rawson","CELULAR","1"
"6210050","BUENOS AIRES","Chacabuco","Rawson","FIBRA OPTICA","455"
"6210050","BUENOS AIRES","Chacabuco","Rawson","Otros","38"
"6210050","BUENOS AIRES","Chacabuco","Rawson","SATELITAL","85"
"6210050","BUENOS AIRES","Chacabuco","Rawson","WIRELESS","125"
"6217003","BUENOS AIRES","Chascomús","Barrio Lomas Altas","SATELITAL","147"
"6217020","BUENOS AIRES","Chascomús","Barrio San Cayetano","FIBRA OPTICA","132"
"6217020","BUENOS AIRES","Chascomús","Barrio San Cayetano","SATELITAL","152"
"6217010","BUENOS AIRES","Chascomús","Chascomús","ADSL","762"
"6217010","BUENOS AIRES","Chascomús","Chascomús","CABLEMODEM","7.842"
"6217010","BUENOS AIRES","Chascomús","Chascomús","DIAL UP","69"
"6217010","BUENOS AIRES","Chascomús","Chascomús","FIBRA OPTICA","1.161"
"6217010","BUENOS AIRES","Chascomús","Chascomús","SATELITAL","451"
"6217015","BUENOS AIRES","Chascomús","Laguna Vitel","SATELITAL","36"
"6217020","BUENOS AIRES","Chascomús","Manuel J. Cobo  (Est. Lezama)","ADSL","46"
"6217020","BUENOS AIRES","Chascomús","Manuel J. Cobo  (Est. Lezama)","CABLEMODEM","1.456"
"6217020","BUENOS AIRES","Chascomús","Manuel J. Cobo  (Est. Lezama)","FIBRA OPTICA","353"
"6217020","BUENOS AIRES","Chascomús","Manuel J. Cobo  (Est. Lezama)","SATELITAL","542"
"6217020","BUENOS AIRES","Chascomús","Manuel J. Cobo  (Est. Lezama)","WIMAX","444"
"0","BUENOS AIRES","Chascomús","Otros","SATELITAL","211"
"6217030","BUENOS AIRES","Chascomús","Villa Parque Girado","SATELITAL","62"
"6224005","BUENOS AIRES","Chivilcoy","Benitez","SATELITAL","28"
"6224005","BUENOS AIRES","Chivilcoy","Benitez","WIRELESS","19"
"6224010","BUENOS AIRES","Chivilcoy","Chivilcoy","ADSL","823"
"6224010","BUENOS AIRES","Chivilcoy","Chivilcoy","CABLEMODEM","9.746"
"6224010","BUENOS AIRES","Chivilcoy","Chivilcoy","CELULAR","2"
"6224010","BUENOS AIRES","Chivilcoy","Chivilcoy","DIAL UP","101"
"6224010","BUENOS AIRES","Chivilcoy","Chivilcoy","FIBRA OPTICA","5.439"
"6224010","BUENOS AIRES","Chivilcoy","Chivilcoy","SATELITAL","1.025"
"6224010","BUENOS AIRES","Chivilcoy","Chivilcoy","WIRELESS","5.530"
"6224020","BUENOS AIRES","Chivilcoy","Emilio Ayarza","SATELITAL","27"
"6224020","BUENOS AIRES","Chivilcoy","Emilio Ayarza","WIRELESS","5"
"6224030","BUENOS AIRES","Chivilcoy","Gorostiaga","ADSL","55"
"6224030","BUENOS AIRES","Chivilcoy","Gorostiaga","SATELITAL","49"
"6224030","BUENOS AIRES","Chivilcoy","Gorostiaga","WIRELESS","2"
"6224040","BUENOS AIRES","Chivilcoy","La Rica","ADSL","56"
"6224040","BUENOS AIRES","Chivilcoy","La Rica","SATELITAL","13"
"6224040","BUENOS AIRES","Chivilcoy","La Rica","WIRELESS","97"
"6224050","BUENOS AIRES","Chivilcoy","Moquehuá","CABLEMODEM","338"
"6224050","BUENOS AIRES","Chivilcoy","Moquehuá","FIBRA OPTICA","658"
"6224050","BUENOS AIRES","Chivilcoy","Moquehuá","SATELITAL","68"
"6224050","BUENOS AIRES","Chivilcoy","Moquehuá","WIRELESS","30"
"0","BUENOS AIRES","Chivilcoy","Otros","SATELITAL","16"
"6224060","BUENOS AIRES","Chivilcoy","Ramón Biaus","ADSL","3"
"6224060","BUENOS AIRES","Chivilcoy","Ramón Biaus","SATELITAL","18"
"6224060","BUENOS AIRES","Chivilcoy","Ramón Biaus","WIRELESS","77"
"6224070","BUENOS AIRES","Chivilcoy","San Sebastián","ADSL","3"
"6224070","BUENOS AIRES","Chivilcoy","San Sebastián","SATELITAL","8"
"6224070","BUENOS AIRES","Chivilcoy","San Sebastián","WIRELESS","28"
"6175010","BUENOS AIRES","Colón","Colón","ADSL","3.695"
"6175010","BUENOS AIRES","Colón","Colón","CABLEMODEM","2.056"
"6175010","BUENOS AIRES","Colón","Colón","CELULAR","1"
"6175010","BUENOS AIRES","Colón","Colón","FIBRA OPTICA","3.679"
"6175010","BUENOS AIRES","Colón","Colón","SATELITAL","352"
"6175010","BUENOS AIRES","Colón","Colón","WIRELESS","20"
"6175010","BUENOS AIRES","Colón","El Arbolito","SATELITAL","39"
"0","BUENOS AIRES","Colón","Otros","SATELITAL","8"
"6175030","BUENOS AIRES","Colón","Pearson","SATELITAL","15"
"6175040","BUENOS AIRES","Colón","Sarasa","SATELITAL","15"
"6175040","BUENOS AIRES","Colón","Sarasa","WIRELESS","14"
"6182010","BUENOS AIRES","Coronel de Marina L. Rosales","Bajo Hondo","FIBRA OPTICA","25"
"6182010","BUENOS AIRES","Coronel de Marina L. Rosales","Bajo Hondo","SATELITAL","42"
"6182010","BUENOS AIRES","Coronel de Marina L. Rosales","Bajo Hondo","WIRELESS","49"
"6182020","BUENOS AIRES","Coronel de Marina L. Rosales","Balneario Pehuen Co","SATELITAL","230"
"0","BUENOS AIRES","Coronel de Marina L. Rosales","Otros","SATELITAL","43"
"6182025","BUENOS AIRES","Coronel de Marina L. Rosales","Pago Chico","SATELITAL","46"
"6182025","BUENOS AIRES","Coronel de Marina L. Rosales","Pago Chico","WIRELESS","28"
"6182030","BUENOS AIRES","Coronel de Marina L. Rosales","Punta Alta  (Est Almirante Solier)","ADSL","154"
"6182030","BUENOS AIRES","Coronel de Marina L. Rosales","Punta Alta  (Est Almirante Solier)","CABLEMODEM","18.119"
"6182030","BUENOS AIRES","Coronel de Marina L. Rosales","Punta Alta  (Est Almirante Solier)","DIAL UP","41"
"6182030","BUENOS AIRES","Coronel de Marina L. Rosales","Punta Alta  (Est Almirante Solier)","FIBRA OPTICA","4.560"
"6182030","BUENOS AIRES","Coronel de Marina L. Rosales","Punta Alta  (Est Almirante Solier)","SATELITAL","462"
"6182030","BUENOS AIRES","Coronel de Marina L. Rosales","Punta Alta  (Est Almirante Solier)","WIRELESS","3"
"6182030","BUENOS AIRES","Coronel de Marina L. Rosales","Villa del Mar","FIBRA OPTICA","101"
"6182030","BUENOS AIRES","Coronel de Marina L. Rosales","Villa del Mar","SATELITAL","31"
"6182050","BUENOS AIRES","Coronel de Marina L. Rosales","Villa General Arias  (Est. Kilómetro 638)","FIBRA OPTICA","165"
"6182050","BUENOS AIRES","Coronel de Marina L. Rosales","Villa General Arias  (Est. Kilómetro 638)","SATELITAL","18"
"6189010","BUENOS AIRES","Coronel Dorrego","Aparicio","SATELITAL","29"
"6189020","BUENOS AIRES","Coronel Dorrego","Balneario Marisol","SATELITAL","63"
"6189030","BUENOS AIRES","Coronel Dorrego","Coronel Dorrego","ADSL","109"
"6189030","BUENOS AIRES","Coronel Dorrego","Coronel Dorrego","CABLEMODEM","1.752"
"6189030","BUENOS AIRES","Coronel Dorrego","Coronel Dorrego","CELULAR","1"
"6189030","BUENOS AIRES","Coronel Dorrego","Coronel Dorrego","DIAL UP","2"
"6189030","BUENOS AIRES","Coronel Dorrego","Coronel Dorrego","FIBRA OPTICA","2"
"6189030","BUENOS AIRES","Coronel Dorrego","Coronel Dorrego","SATELITAL","355"
"6189030","BUENOS AIRES","Coronel Dorrego","Coronel Dorrego","WIRELESS","32"
"6189040","BUENOS AIRES","Coronel Dorrego","El Perdido  (Est. José A. Guisasola)","FIBRA OPTICA","32"
"6189040","BUENOS AIRES","Coronel Dorrego","El Perdido  (Est. José A. Guisasola)","SATELITAL","67"
"6189040","BUENOS AIRES","Coronel Dorrego","El Perdido  (Est. José A. Guisasola)","WIRELESS","5"
"6189050","BUENOS AIRES","Coronel Dorrego","Faro","SATELITAL","14"
"6189060","BUENOS AIRES","Coronel Dorrego","Irene","SATELITAL","20"
"6189070","BUENOS AIRES","Coronel Dorrego","Oriente","FIBRA OPTICA","922"
"6189070","BUENOS AIRES","Coronel Dorrego","Oriente","SATELITAL","61"
"6189070","BUENOS AIRES","Coronel Dorrego","Oriente","WIRELESS","48"
"0","BUENOS AIRES","Coronel Dorrego","Otros","SATELITAL","110"
"6189075","BUENOS AIRES","Coronel Dorrego","Paraje La Ruta","SATELITAL","10"
"6189080","BUENOS AIRES","Coronel Dorrego","San Román","SATELITAL","13"
"6196010","BUENOS AIRES","Coronel Pringles","Coronel Pringles  (Est. Pringles)","ADSL","47"
"6196010","BUENOS AIRES","Coronel Pringles","Coronel Pringles  (Est. Pringles)","CABLEMODEM","2.056"
"6196010","BUENOS AIRES","Coronel Pringles","Coronel Pringles  (Est. Pringles)","DIAL UP","2"
"6196010","BUENOS AIRES","Coronel Pringles","Coronel Pringles  (Est. Pringles)","FIBRA OPTICA","1.456"
"6196010","BUENOS AIRES","Coronel Pringles","Coronel Pringles  (Est. Pringles)","SATELITAL","427"
"6196010","BUENOS AIRES","Coronel Pringles","Coronel Pringles  (Est. Pringles)","WIRELESS","366"
"6196020","BUENOS AIRES","Coronel Pringles","El Divisorio","SATELITAL","6"
"6196030","BUENOS AIRES","Coronel Pringles","El Pensamiento","SATELITAL","7"
"6196040","BUENOS AIRES","Coronel Pringles","Indio Rico","DIAL UP","1"
"6196040","BUENOS AIRES","Coronel Pringles","Indio Rico","FIBRA OPTICA","24"
"6196040","BUENOS AIRES","Coronel Pringles","Indio Rico","SATELITAL","21"
"6196040","BUENOS AIRES","Coronel Pringles","Indio Rico","WIRELESS","3"
"6196050","BUENOS AIRES","Coronel Pringles","Lartigau","SATELITAL","16"
"0","BUENOS AIRES","Coronel Pringles","Otros","SATELITAL","122"
"6203010","BUENOS AIRES","Coronel Suárez","Cascadas","SATELITAL","5"
"6203020","BUENOS AIRES","Coronel Suárez","Coronel Suárez","ADSL","355"
"6203020","BUENOS AIRES","Coronel Suárez","Coronel Suárez","CABLEMODEM","3.569"
"6203020","BUENOS AIRES","Coronel Suárez","Coronel Suárez","DIAL UP","78"
"6203020","BUENOS AIRES","Coronel Suárez","Coronel Suárez","FIBRA OPTICA","3.966"
"6203020","BUENOS AIRES","Coronel Suárez","Coronel Suárez","SATELITAL","910"
"6203020","BUENOS AIRES","Coronel Suárez","Coronel Suárez","WIRELESS","242"
"6203030","BUENOS AIRES","Coronel Suárez","Cura Malal","SATELITAL","32"
"6203040","BUENOS AIRES","Coronel Suárez","D'Orbigny","SATELITAL","10"
"6203050","BUENOS AIRES","Coronel Suárez","Huanguelén","DIAL UP","1"
"6203050","BUENOS AIRES","Coronel Suárez","Huanguelén","FIBRA OPTICA","1.918"
"6203050","BUENOS AIRES","Coronel Suárez","Huanguelén","SATELITAL","153"
"6203050","BUENOS AIRES","Coronel Suárez","Huanguelén","WIRELESS","295"
"0","BUENOS AIRES","Coronel Suárez","Otros","SATELITAL","169"
"6203060","BUENOS AIRES","Coronel Suárez","Pasman","SATELITAL","21"
"6203060","BUENOS AIRES","Coronel Suárez","Pasman","WIRELESS","85"
"6203070","BUENOS AIRES","Coronel Suárez","San José","CABLEMODEM","88"
"6203070","BUENOS AIRES","Coronel Suárez","San José","FIBRA OPTICA","855"
"6203070","BUENOS AIRES","Coronel Suárez","San José","SATELITAL","55"
"6203080","BUENOS AIRES","Coronel Suárez","Santa María","CABLEMODEM","54"
"6203080","BUENOS AIRES","Coronel Suárez","Santa María","FIBRA OPTICA","539"
"6203080","BUENOS AIRES","Coronel Suárez","Santa María","SATELITAL","34"
"6203090","BUENOS AIRES","Coronel Suárez","Santa Trinidad","CABLEMODEM","100"
"6203090","BUENOS AIRES","Coronel Suárez","Santa Trinidad","FIBRA OPTICA","833"
"6203090","BUENOS AIRES","Coronel Suárez","Santa Trinidad","SATELITAL","94"
"6203100","BUENOS AIRES","Coronel Suárez","Villa La Arcadia","CABLEMODEM","104"
"6203100","BUENOS AIRES","Coronel Suárez","Villa La Arcadia","FIBRA OPTICA","127"
"6203100","BUENOS AIRES","Coronel Suárez","Villa La Arcadia","SATELITAL","30"
"6231010","BUENOS AIRES","Daireaux","Andant","SATELITAL","22"
"6231020","BUENOS AIRES","Daireaux","Arboledas","SATELITAL","80"
"6231030","BUENOS AIRES","Daireaux","Daireaux","ADSL","126"
"6231030","BUENOS AIRES","Daireaux","Daireaux","FIBRA OPTICA","3"
"6231030","BUENOS AIRES","Daireaux","Daireaux","Otros","220"
"6231030","BUENOS AIRES","Daireaux","Daireaux","SATELITAL","550"
"6231030","BUENOS AIRES","Daireaux","Daireaux","WIRELESS","994"
"6231040","BUENOS AIRES","Daireaux","La Larga","SATELITAL","20"
"6231030","BUENOS AIRES","Daireaux","La Manuela","SATELITAL","7"
"0","BUENOS AIRES","Daireaux","Otros","SATELITAL","81"
"6231060","BUENOS AIRES","Daireaux","Salazar","FIBRA OPTICA","1"
"6231060","BUENOS AIRES","Daireaux","Salazar","SATELITAL","155"
"6231060","BUENOS AIRES","Daireaux","Salazar","WIRELESS","79"
"6238010","BUENOS AIRES","Dolores","Dolores","ADSL","5"
"6238010","BUENOS AIRES","Dolores","Dolores","CABLEMODEM","10.802"
"6238010","BUENOS AIRES","Dolores","Dolores","CELULAR","1"
"6238010","BUENOS AIRES","Dolores","Dolores","DIAL UP","1"
"6238010","BUENOS AIRES","Dolores","Dolores","FIBRA OPTICA","3.941"
"6238010","BUENOS AIRES","Dolores","Dolores","SATELITAL","354"
"6238010","BUENOS AIRES","Dolores","Dolores","WIMAX","325"
"0","BUENOS AIRES","Dolores","Otros","SATELITAL","46"
"6238020","BUENOS AIRES","Dolores","Sevigne","SATELITAL","19"
"6245010","BUENOS AIRES","Ensenada","Dique Nº 1","FIBRA OPTICA","349"
"6245010","BUENOS AIRES","Ensenada","Dique Nº 1","SATELITAL","12"
"6245010","BUENOS AIRES","Ensenada","Ensenada","ADSL","131"
"6245010","BUENOS AIRES","Ensenada","Ensenada","CABLEMODEM","8.416"
"6245010","BUENOS AIRES","Ensenada","Ensenada","CELULAR","1"
"6245010","BUENOS AIRES","Ensenada","Ensenada","DIAL UP","13"
"6245010","BUENOS AIRES","Ensenada","Ensenada","FIBRA OPTICA","5.102"
"6245010","BUENOS AIRES","Ensenada","Ensenada","SATELITAL","95"
"6245010","BUENOS AIRES","Ensenada","Ensenada","WIRELESS","2.092"
"6245010","BUENOS AIRES","Ensenada","Isla Santiago (Oeste)","SATELITAL","26"
"6245010","BUENOS AIRES","Ensenada","Punta Lara","CABLEMODEM","1.153"
"6245010","BUENOS AIRES","Ensenada","Punta Lara","FIBRA OPTICA","1"
"6245010","BUENOS AIRES","Ensenada","Punta Lara","SATELITAL","33"
"6245010","BUENOS AIRES","Ensenada","Villa Catela","SATELITAL","10"
"6245010","BUENOS AIRES","Ensenada","Villa Catela","WIRELESS","7"
"6252010","BUENOS AIRES","Escobar","Belen de Escobar","ADSL","246"
"6252010","BUENOS AIRES","Escobar","Belen de Escobar","CABLEMODEM","20.499"
"6252010","BUENOS AIRES","Escobar","Belen de Escobar","CELULAR","51"
"6252010","BUENOS AIRES","Escobar","Belen de Escobar","FIBRA OPTICA","17.875"
"6252010","BUENOS AIRES","Escobar","Belen de Escobar","OTROS","4"
"6252010","BUENOS AIRES","Escobar","Belen de Escobar","SATELITAL","713"
"6252010","BUENOS AIRES","Escobar","Belen de Escobar","WIRELESS","104"
"6252010","BUENOS AIRES","Escobar","El Cazador","CABLEMODEM","910"
"6252010","BUENOS AIRES","Escobar","El Cazador","FIBRA OPTICA","3.336"
"6252010","BUENOS AIRES","Escobar","El cazador","SATELITAL","126"
"6252010","BUENOS AIRES","Escobar","Garín","ADSL","3.426"
"6252010","BUENOS AIRES","Escobar","Garín","CABLEMODEM","11.990"
"6252010","BUENOS AIRES","Escobar","Garín","CELULAR","48"
"6252010","BUENOS AIRES","Escobar","Garín","FIBRA OPTICA","7.387"
"6252010","BUENOS AIRES","Escobar","Garín","SATELITAL","233"
"6252010","BUENOS AIRES","Escobar","Garín","WIRELESS","11"
"6252010","BUENOS AIRES","Escobar","Ingeniero Maschwitz","ADSL","39"
"6252010","BUENOS AIRES","Escobar","Ingeniero Maschwitz","CABLEMODEM","4.457"
"6252010","BUENOS AIRES","Escobar","Ingeniero Maschwitz","CELULAR","13"
"6252010","BUENOS AIRES","Escobar","Ingeniero Maschwitz","FIBRA OPTICA","5.662"
"6252010","BUENOS AIRES","Escobar","Ingeniero Maschwitz","SATELITAL","517"
"6252010","BUENOS AIRES","Escobar","Ingeniero Maschwitz","WIRELESS","299"
"6252010","BUENOS AIRES","Escobar","Loma Verde","FIBRA OPTICA","1.557"
"6252010","BUENOS AIRES","Escobar","Loma Verde","SATELITAL","258"
"6252010","BUENOS AIRES","Escobar","Loma Verde","WIRELESS","1"
"6252010","BUENOS AIRES","Escobar","Maquinista F. Savio (este)","ADSL","36"
"6252010","BUENOS AIRES","Escobar","Maquinista F. Savio (este)","CABLEMODEM","7.171"
"6252010","BUENOS AIRES","Escobar","Maquinista F. Savio (este)","CELULAR","29"
"6252010","BUENOS AIRES","Escobar","Maquinista F. Savio (este)","FIBRA OPTICA","560"
"6252010","BUENOS AIRES","Escobar","Maquinista F. Savio (este)","SATELITAL","163"
"6252010","BUENOS AIRES","Escobar","Maquinista F. Savio (este)","WIRELESS","14"
"6252010","BUENOS AIRES","Escobar","Matheu","ADSL","906"
"6252010","BUENOS AIRES","Escobar","Matheu","CABLEMODEM","3.099"
"6252010","BUENOS AIRES","Escobar","Matheu","CELULAR","14"
"6252010","BUENOS AIRES","Escobar","Matheu","FIBRA OPTICA","1.026"
"6252010","BUENOS AIRES","Escobar","Matheu","SATELITAL","135"
"6252010","BUENOS AIRES","Escobar","Matheu","WIRELESS","58"
"6252010","BUENOS AIRES","Escobar","Puerto Paraná","SATELITAL","59"
"6260010","BUENOS AIRES","Esteban Echeverría","9 De Abril","ADSL","7"
"6260010","BUENOS AIRES","Esteban Echeverría","9 De Abril","CABLEMODEM","7.073"
"6260010","BUENOS AIRES","Esteban Echeverría","9 De Abril","CELULAR","13"
"6260010","BUENOS AIRES","Esteban Echeverría","9 De Abril","DIAL UP","6"
"6260010","BUENOS AIRES","Esteban Echeverría","9 De Abril","FIBRA OPTICA","5.510"
"6260010","BUENOS AIRES","Esteban Echeverría","9 De Abril","SATELITAL","91"
"6260010","BUENOS AIRES","Esteban Echeverría","9 De Abril","WIRELESS","155"
"6260010","BUENOS AIRES","Esteban Echeverría","Canning","CABLEMODEM","3.075"
"6260010","BUENOS AIRES","Esteban Echeverría","Canning","CELULAR","7"
"6260010","BUENOS AIRES","Esteban Echeverría","Canning","FIBRA OPTICA","3.230"
"6260010","BUENOS AIRES","Esteban Echeverría","Canning","Otros","1"
"6260010","BUENOS AIRES","Esteban Echeverría","Canning","SATELITAL","321"
"6260010","BUENOS AIRES","Esteban Echeverría","Canning","WIRELESS","53"
"6260010","BUENOS AIRES","Esteban Echeverría","El Jagüel","CABLEMODEM","5.140"
"6260010","BUENOS AIRES","Esteban Echeverría","El Jagüel","CELULAR","19"
"6260010","BUENOS AIRES","Esteban Echeverría","El Jagüel","FIBRA OPTICA","640"
"6260010","BUENOS AIRES","Esteban Echeverría","El Jagüel","SATELITAL","105"
"6260010","BUENOS AIRES","Esteban Echeverría","El Jagüel","WIRELESS","89"
"6260010","BUENOS AIRES","Esteban Echeverría","Luis Guillón","ADSL","1"
"6260010","BUENOS AIRES","Esteban Echeverría","Luis Guillón","CABLEMODEM","861"
"6260010","BUENOS AIRES","Esteban Echeverría","Luis Guillón","DIAL UP","2"
"6260010","BUENOS AIRES","Esteban Echeverría","Luis Guillón","FIBRA OPTICA","6.361"
"6260010","BUENOS AIRES","Esteban Echeverría","Luis Guillón","SATELITAL","96"
"6260010","BUENOS AIRES","Esteban Echeverría","Luis Guillón","WIRELESS","77"
"6260010","BUENOS AIRES","Esteban Echeverría","Monte Grande","ADSL","18"
"6260010","BUENOS AIRES","Esteban Echeverría","Monte Grande","CABLEMODEM","13.216"
"6260010","BUENOS AIRES","Esteban Echeverría","Monte Grande","DIAL UP","54"
"6260010","BUENOS AIRES","Esteban Echeverría","Monte Grande","FIBRA OPTICA","41.762"
"6260010","BUENOS AIRES","Esteban Echeverría","Monte Grande","Otros","2"
"6260010","BUENOS AIRES","Esteban Echeverría","Monte Grande","SATELITAL","174"
"6260010","BUENOS AIRES","Esteban Echeverría","Monte Grande","WIRELESS","1.163"
"6260010","BUENOS AIRES","Esteban Echeverría","Zona Aeropuerto Internacional Ezeiza","ADSL","2"
"6260010","BUENOS AIRES","Esteban Echeverría","Zona Aeropuerto Internacional Ezeiza","FIBRA OPTICA","2"
"6266010","BUENOS AIRES","Exaltación de la Cruz","Arroyo de la Cruz","SATELITAL","155"
"6266010","BUENOS AIRES","Exaltación de la Cruz","Arroyo de la Cruz","WIRELESS","164"
"6266020","BUENOS AIRES","Exaltación de la Cruz","Capilla del Señor  (Est. Capilla)","ADSL","3"
"6266020","BUENOS AIRES","Exaltación de la Cruz","Capilla del Señor  (Est. Capilla)","DIAL UP","3"
"6266020","BUENOS AIRES","Exaltación de la Cruz","Capilla del Señor  (Est. Capilla)","FIBRA OPTICA","116"
"6266020","BUENOS AIRES","Exaltación de la Cruz","Capilla del Señor  (Est. Capilla)","SATELITAL","289"
"6266020","BUENOS AIRES","Exaltación de la Cruz","Capilla del Señor  (Est. Capilla)","WIRELESS","3"
"6266030","BUENOS AIRES","Exaltación de la Cruz","Diego Gaynor","SATELITAL","85"
"6266030","BUENOS AIRES","Exaltación de la Cruz","El Remanso","ADSL","397"
"6266030","BUENOS AIRES","Exaltación de la Cruz","El Remanso","FIBRA OPTICA","335"
"6266030","BUENOS AIRES","Exaltación de la Cruz","El Remanso","SATELITAL","238"
"6266030","BUENOS AIRES","Exaltación de la Cruz","El Remanso","WIRELESS","43"
"6266040","BUENOS AIRES","Exaltación de la Cruz","Los Cardales","CABLEMODEM","6.461"
"6266040","BUENOS AIRES","Exaltación de la Cruz","Los Cardales","CELULAR","1"
"6266040","BUENOS AIRES","Exaltación de la Cruz","Los Cardales","DIAL UP","2"
"6266040","BUENOS AIRES","Exaltación de la Cruz","Los Cardales","FIBRA OPTICA","1.220"
"6266040","BUENOS AIRES","Exaltación de la Cruz","Los Cardales","SATELITAL","214"
"6266040","BUENOS AIRES","Exaltación de la Cruz","Los Cardales","WIRELESS","31"
"0","BUENOS AIRES","Exaltación de la Cruz","Otros","SATELITAL","26"
"6266050","BUENOS AIRES","Exaltación de la Cruz","Parada Orlando","SATELITAL","49"
"6266050","BUENOS AIRES","Exaltación de la Cruz","Parada Orlando","WIRELESS","5"
"6266060","BUENOS AIRES","Exaltación de la Cruz","Parada Robles - Pavón","ADSL","1.134"
"6266060","BUENOS AIRES","Exaltación de la Cruz","Parada Robles - Pavón","FIBRA OPTICA","1.794"
"6266060","BUENOS AIRES","Exaltación de la Cruz","Parada Robles - Pavón","Otros","96"
"6266060","BUENOS AIRES","Exaltación de la Cruz","Parada Robles - Pavón","SATELITAL","180"
"6266060","BUENOS AIRES","Exaltación de la Cruz","Parada Robles - Pavón","WIRELESS","165"
"6270010","BUENOS AIRES","Ezeiza","Aeropuerto Internacional Ezeiza","ADSL","175"
"6270010","BUENOS AIRES","Ezeiza","Aeropuerto Internacional Ezeiza","CELULAR","2"
"6270010","BUENOS AIRES","Ezeiza","Aeropuerto Internacional Ezeiza","DIAL UP","2"
"6270010","BUENOS AIRES","Ezeiza","Aeropuerto Internacional Ezeiza","FIBRA OPTICA","156"
"6270010","BUENOS AIRES","Ezeiza","Aeropuerto Internacional Ezeiza","SATELITAL","138"
"6270010","BUENOS AIRES","Ezeiza","Canning","CABLEMODEM","1.570"
"6270010","BUENOS AIRES","Ezeiza","Canning","CELULAR","3"
"6270010","BUENOS AIRES","Ezeiza","Canning","DIAL UP","1"
"6270010","BUENOS AIRES","Ezeiza","Canning","FIBRA OPTICA","2.241"
"6270010","BUENOS AIRES","Ezeiza","Canning","Otros","1"
"6270010","BUENOS AIRES","Ezeiza","Canning","SATELITAL","289"
"6270010","BUENOS AIRES","Ezeiza","Canning","WIRELESS","69"
"6270010","BUENOS AIRES","Ezeiza","Carlos Spegazzini","ADSL","1"
"6270010","BUENOS AIRES","Ezeiza","Carlos Spegazzini","CABLEMODEM","3.899"
"6270010","BUENOS AIRES","Ezeiza","Carlos Spegazzini","DIAL UP","2"
"6270010","BUENOS AIRES","Ezeiza","Carlos Spegazzini","FIBRA OPTICA","6.564"
"6270010","BUENOS AIRES","Ezeiza","Carlos Spegazzini","SATELITAL","225"
"6270010","BUENOS AIRES","Ezeiza","Carlos Spegazzini","WIRELESS","2"
"6270010","BUENOS AIRES","Ezeiza","José Maria Ezeiza","ADSL","16"
"6270010","BUENOS AIRES","Ezeiza","José Maria Ezeiza","CABLEMODEM","10.964"
"6270010","BUENOS AIRES","Ezeiza","José Maria Ezeiza","CELULAR","24"
"6270010","BUENOS AIRES","Ezeiza","José Maria Ezeiza","DIAL UP","13"
"6270010","BUENOS AIRES","Ezeiza","José Maria Ezeiza","FIBRA OPTICA","20.942"
"6270010","BUENOS AIRES","Ezeiza","José Maria Ezeiza","Otros","128"
"6270010","BUENOS AIRES","Ezeiza","José Maria Ezeiza","SATELITAL","281"
"6270010","BUENOS AIRES","Ezeiza","José Maria Ezeiza","WIRELESS","586"
"6270010","BUENOS AIRES","Ezeiza","La Unión","CABLEMODEM","8.008"
"6270010","BUENOS AIRES","Ezeiza","La Unión","CELULAR","20"
"6270010","BUENOS AIRES","Ezeiza","La Unión","FIBRA OPTICA","1.652"
"6270010","BUENOS AIRES","Ezeiza","La Unión","SATELITAL","69"
"6270010","BUENOS AIRES","Ezeiza","Tristán Suarez","CABLEMODEM","8.859"
"6270010","BUENOS AIRES","Ezeiza","Tristán Suarez","CELULAR","44"
"6270010","BUENOS AIRES","Ezeiza","Tristán Suarez","DIAL UP","5"
"6270010","BUENOS AIRES","Ezeiza","Tristán Suarez","FIBRA OPTICA","9.917"
"6270010","BUENOS AIRES","Ezeiza","Tristán Suarez","SATELITAL","229"
"6270010","BUENOS AIRES","Ezeiza","Tristán Suarez","WIRELESS","3"
"6274010","BUENOS AIRES","Florencio Varela","Bosques","CABLEMODEM","5.233"
"6274010","BUENOS AIRES","Florencio Varela","Bosques","DIAL UP","3"
"6274010","BUENOS AIRES","Florencio Varela","Bosques","FIBRA OPTICA","10.235"
"6274010","BUENOS AIRES","Florencio Varela","Bosques","SATELITAL","48"
"6274010","BUENOS AIRES","Florencio Varela","Bosques","WIRELESS","266"
"6274010","BUENOS AIRES","Florencio Varela","El Tropezon","SATELITAL","23"
"6274010","BUENOS AIRES","Florencio Varela","Estanislao Severo Zeballos","ADSL","1"
"6274010","BUENOS AIRES","Florencio Varela","Estanislao Severo Zeballos","CABLEMODEM","1.800"
"6274010","BUENOS AIRES","Florencio Varela","Estanislao Severo Zeballos","DIAL UP","4"
"6274010","BUENOS AIRES","Florencio Varela","Estanislao Severo Zeballos","FIBRA OPTICA","5.571"
"6274010","BUENOS AIRES","Florencio Varela","Estanislao Severo Zeballos","SATELITAL","26"
"6274010","BUENOS AIRES","Florencio Varela","Florencio Varela","ADSL","190"
"6274010","BUENOS AIRES","Florencio Varela","Florencio Varela","CABLEMODEM","11.748"
"6274010","BUENOS AIRES","Florencio Varela","Florencio Varela","CELULAR","21"
"6274010","BUENOS AIRES","Florencio Varela","Florencio Varela","DIAL UP","27"
"6274010","BUENOS AIRES","Florencio Varela","Florencio Varela","FIBRA OPTICA","40.081"
"6274010","BUENOS AIRES","Florencio Varela","Florencio Varela","SATELITAL","147"
"6274010","BUENOS AIRES","Florencio Varela","Florencio Varela","WIRELESS","818"
"6274010","BUENOS AIRES","Florencio Varela","Gobernador Julio A. Costa","CABLEMODEM","5.620"
"6274010","BUENOS AIRES","Florencio Varela","Gobernador Julio A. Costa","CELULAR","1"
"6274010","BUENOS AIRES","Florencio Varela","Gobernador Julio A. Costa","DIAL UP","4"
"6274010","BUENOS AIRES","Florencio Varela","Gobernador Julio A. Costa","FIBRA OPTICA","5.560"
"6274010","BUENOS AIRES","Florencio Varela","Gobernador Julio A. Costa","SATELITAL","23"
"6274010","BUENOS AIRES","Florencio Varela","Ingeniero Juan Allan","ADSL","424"
"6274010","BUENOS AIRES","Florencio Varela","Ingeniero Juan Allan","CABLEMODEM","3.433"
"6274010","BUENOS AIRES","Florencio Varela","Ingeniero Juan Allan","FIBRA OPTICA","8.228"
"6274010","BUENOS AIRES","Florencio Varela","Ingeniero Juan Allan","Otros","3"
"6274010","BUENOS AIRES","Florencio Varela","Ingeniero Juan Allan","SATELITAL","94"
"6274010","BUENOS AIRES","Florencio Varela","La Capilla","FIBRA OPTICA","2"
"6274010","BUENOS AIRES","Florencio Varela","La Capilla","SATELITAL","88"
"6274010","BUENOS AIRES","Florencio Varela","la rotonda","ADSL","30"
"6274010","BUENOS AIRES","Florencio Varela","la rotonda","FIBRA OPTICA","42"
"6274010","BUENOS AIRES","Florencio Varela","Villa Brown","CABLEMODEM","53"
"6274010","BUENOS AIRES","Florencio Varela","Villa Brown","FIBRA OPTICA","792"
"6274010","BUENOS AIRES","Florencio Varela","Villa Brown","SATELITAL","53"
"6274010","BUENOS AIRES","Florencio Varela","Villa San Luis","CABLEMODEM","206"
"6274010","BUENOS AIRES","Florencio Varela","Villa San Luis","FIBRA OPTICA","1.010"
"6274010","BUENOS AIRES","Florencio Varela","Villa San Luis","SATELITAL","41"
"6274010","BUENOS AIRES","Florencio Varela","Villa Santa Rosa","ADSL","1"
"6274010","BUENOS AIRES","Florencio Varela","Villa Santa Rosa","CABLEMODEM","2.475"
"6274010","BUENOS AIRES","Florencio Varela","Villa Santa Rosa","DIAL UP","1"
"6274010","BUENOS AIRES","Florencio Varela","Villa Santa Rosa","FIBRA OPTICA","529"
"6274010","BUENOS AIRES","Florencio Varela","Villa Santa Rosa","SATELITAL","28"
"6274010","BUENOS AIRES","Florencio Varela","Villa Vatteone","CABLEMODEM","2.912"
"6274010","BUENOS AIRES","Florencio Varela","Villa Vatteone","CELULAR","2"
"6274010","BUENOS AIRES","Florencio Varela","Villa Vatteone","FIBRA OPTICA","5.471"
"6274010","BUENOS AIRES","Florencio Varela","Villa Vatteone","SATELITAL","30"
"6277010","BUENOS AIRES","Florentino Ameghino","Blaquier","SATELITAL","12"
"6277010","BUENOS AIRES","Florentino Ameghino","Blaquier","WIRELESS","5"
"6277020","BUENOS AIRES","Florentino Ameghino","Florentino Ameghino","ADSL","4"
"6277020","BUENOS AIRES","Florentino Ameghino","Florentino Ameghino","CABLEMODEM","1"
"6277020","BUENOS AIRES","Florentino Ameghino","Florentino Ameghino","CELULAR","2"
"6277020","BUENOS AIRES","Florentino Ameghino","Florentino Ameghino","FIBRA OPTICA","418"
"6277020","BUENOS AIRES","Florentino Ameghino","Florentino Ameghino","SATELITAL","208"
"0","BUENOS AIRES","Florentino Ameghino","Otros","SATELITAL","33"
"6277030","BUENOS AIRES","Florentino Ameghino","Porvenir","SATELITAL","35"
"6277030","BUENOS AIRES","Florentino Ameghino","Porvenir","WIRELESS","2"
"6280005","BUENOS AIRES","General Alvarado","Centinela del Mar","SATELITAL","21"
"6280005","BUENOS AIRES","General Alvarado","Centinela Del Mar","WIRELESS","1"
"6280010","BUENOS AIRES","General Alvarado","Comandante Nicanor Otamendi","DIAL UP","3"
"6280010","BUENOS AIRES","General Alvarado","Comandante Nicanor Otamendi","FIBRA OPTICA","931"
"6280010","BUENOS AIRES","General Alvarado","Comandante Nicanor Otamendi","SATELITAL","81"
"6280010","BUENOS AIRES","General Alvarado","Comandante Nicanor Otamendi","WIRELESS","32"
"6280020","BUENOS AIRES","General Alvarado","Mar del Sur","DIAL UP","1"
"6280020","BUENOS AIRES","General Alvarado","Mar del Sur","SATELITAL","266"
"6280020","BUENOS AIRES","General Alvarado","Mar del Sur","WIRELESS","142"
"6280030","BUENOS AIRES","General Alvarado","Mechongué","ADSL","256"
"6280030","BUENOS AIRES","General Alvarado","Mechongué","FIBRA OPTICA","1"
"6280030","BUENOS AIRES","General Alvarado","Mechongué","SATELITAL","113"
"6280030","BUENOS AIRES","General Alvarado","Mechongué","WIRELESS","3"
"6280040","BUENOS AIRES","General Alvarado","Miramar","ADSL","144"
"6280040","BUENOS AIRES","General Alvarado","Miramar","CABLEMODEM","10"
"6280040","BUENOS AIRES","General Alvarado","Miramar","DIAL UP","50"
"6280040","BUENOS AIRES","General Alvarado","Miramar","FIBRA OPTICA","9.056"
"6280040","BUENOS AIRES","General Alvarado","Miramar","SATELITAL","352"
"6280040","BUENOS AIRES","General Alvarado","Miramar","WIRELESS","1.092"
"0","BUENOS AIRES","General Alvarado","Otros","SATELITAL","67"
"6287010","BUENOS AIRES","General Alvear","General Alvear","SATELITAL","236"
"0","BUENOS AIRES","General Alvear","Otros","SATELITAL","141"
"6294010","BUENOS AIRES","General Arenales","Arribeños","ADSL","119"
"6294010","BUENOS AIRES","General Arenales","Arribeños","CABLEMODEM","401"
"6294010","BUENOS AIRES","General Arenales","Arribeños","FIBRA OPTICA","430"
"6294010","BUENOS AIRES","General Arenales","Arribeños","SATELITAL","65"
"6294010","BUENOS AIRES","General Arenales","Arribeños","WIRELESS","258"
"6294020","BUENOS AIRES","General Arenales","Ascensión","ADSL","1.200"
"6294020","BUENOS AIRES","General Arenales","Ascensión","CABLEMODEM","395"
"6294020","BUENOS AIRES","General Arenales","Ascensión","FIBRA OPTICA","1"
"6294020","BUENOS AIRES","General Arenales","Ascensión","Otros","250"
"6294020","BUENOS AIRES","General Arenales","Ascensión","SATELITAL","121"
"6294020","BUENOS AIRES","General Arenales","Ascensión","WIRELESS","140"
"6294030","BUENOS AIRES","General Arenales","Estación Arenales","SATELITAL","4"
"6294040","BUENOS AIRES","General Arenales","Ferré","CABLEMODEM","152"
"6294040","BUENOS AIRES","General Arenales","Ferré","FIBRA OPTICA","505"
"6294040","BUENOS AIRES","General Arenales","Ferré","SATELITAL","77"
"6294040","BUENOS AIRES","General Arenales","Ferré","WIRELESS","296"
"6294050","BUENOS AIRES","General Arenales","General Arenales","CABLEMODEM","863"
"6294050","BUENOS AIRES","General Arenales","General Arenales","DIAL UP","1"
"6294050","BUENOS AIRES","General Arenales","General Arenales","FIBRA OPTICA","720"
"6294050","BUENOS AIRES","General Arenales","General Arenales","SATELITAL","133"
"6294050","BUENOS AIRES","General Arenales","General Arenales","WIRELESS","290"
"6294060","BUENOS AIRES","General Arenales","La Angelita","ADSL","26"
"6294060","BUENOS AIRES","General Arenales","La Angelita","Otros","2"
"6294060","BUENOS AIRES","General Arenales","La Angelita","SATELITAL","23"
"6294060","BUENOS AIRES","General Arenales","La Angelita","WIRELESS","73"
"6294070","BUENOS AIRES","General Arenales","La Trinidad","CABLEMODEM","15"
"6294070","BUENOS AIRES","General Arenales","La Trinidad","FIBRA OPTICA","31"
"6294070","BUENOS AIRES","General Arenales","La Trinidad","SATELITAL","14"
"6294070","BUENOS AIRES","General Arenales","La Trinidad","WIRELESS","78"
"0","BUENOS AIRES","General Arenales","Otros","SATELITAL","16"
"6301010","BUENOS AIRES","General Belgrano","General Belgrano","ADSL","187"
"6301010","BUENOS AIRES","General Belgrano","General Belgrano","DIAL UP","4"
"6301010","BUENOS AIRES","General Belgrano","General Belgrano","FIBRA OPTICA","4.672"
"6301010","BUENOS AIRES","General Belgrano","General Belgrano","SATELITAL","284"
"6301010","BUENOS AIRES","General Belgrano","General Belgrano","WIRELESS","785"
"6301020","BUENOS AIRES","General Belgrano","Gorchs","SATELITAL","53"
"6301020","BUENOS AIRES","General Belgrano","Gorchs","WIRELESS","44"
"0","BUENOS AIRES","General Belgrano","Otros","SATELITAL","80"
"6308010","BUENOS AIRES","General Guido","General Guido","DIAL UP","1"
"6308010","BUENOS AIRES","General Guido","General Guido","FIBRA OPTICA","626"
"6308010","BUENOS AIRES","General Guido","General Guido","SATELITAL","36"
"6308010","BUENOS AIRES","General Guido","General Guido","WIRELESS","48"
"6308020","BUENOS AIRES","General Guido","Labarden","SATELITAL","81"
"6308020","BUENOS AIRES","General Guido","Labarden","WIRELESS","42"
"0","BUENOS AIRES","General Guido","Otros","SATELITAL","36"
"6315010","BUENOS AIRES","General Juan Madariaga","Barrio Kennedy","SATELITAL","105"
"6315010","BUENOS AIRES","General Juan Madariaga","General Juan Madariaga","ADSL","2"
"6315010","BUENOS AIRES","General Juan Madariaga","General Juan Madariaga","CABLEMODEM","486"
"6315010","BUENOS AIRES","General Juan Madariaga","General Juan Madariaga","DIAL UP","7"
"6315010","BUENOS AIRES","General Juan Madariaga","General Juan Madariaga","FIBRA OPTICA","7.782"
"6315010","BUENOS AIRES","General Juan Madariaga","General Juan Madariaga","SATELITAL","172"
"0","BUENOS AIRES","General Juan Madariaga","Otros","SATELITAL","147"
"6322010","BUENOS AIRES","General La Madrid","General La Madrid","ADSL","570"
"6322010","BUENOS AIRES","General La Madrid","General La Madrid","DIAL UP","61"
"6322010","BUENOS AIRES","General La Madrid","General La Madrid","FIBRA OPTICA","1.114"
"6322010","BUENOS AIRES","General La Madrid","General La Madrid","SATELITAL","203"
"6322020","BUENOS AIRES","General La Madrid","La Colina","SATELITAL","41"
"6322030","BUENOS AIRES","General La Madrid","Las Martinetas","SATELITAL","11"
"6322030","BUENOS AIRES","General La Madrid","Las Martinetas","WIRELESS","10"
"6322040","BUENOS AIRES","General La Madrid","Líbano","SATELITAL","69"
"0","BUENOS AIRES","General La Madrid","Otros","SATELITAL","95"
"6322050","BUENOS AIRES","General La Madrid","Pontaut","SATELITAL","36"
"6329010","BUENOS AIRES","General Las Heras","General Hornos","SATELITAL","24"
"6329020","BUENOS AIRES","General Las Heras","General Las Heras  (Est. Las Heras)","ADSL","1"
"6329020","BUENOS AIRES","General Las Heras","General Las Heras  (Est. Las Heras)","CABLEMODEM","2.222"
"6329020","BUENOS AIRES","General Las Heras","General Las Heras  (Est. Las Heras)","CELULAR","1"
"6329020","BUENOS AIRES","General Las Heras","General Las Heras  (Est. Las Heras)","DIAL UP","3"
"6329020","BUENOS AIRES","General Las Heras","General Las Heras  (Est. Las Heras)","FIBRA OPTICA","341"
"6329020","BUENOS AIRES","General Las Heras","General Las Heras  (Est. Las Heras)","SATELITAL","181"
"6329020","BUENOS AIRES","General Las Heras","General Las Heras  (Est. Las Heras)","WIRELESS","2"
"6329030","BUENOS AIRES","General Las Heras","La Choza","SATELITAL","19"
"6329020","BUENOS AIRES","General Las Heras","Lozano","SATELITAL","18"
"0","BUENOS AIRES","General Las Heras","Otros","SATELITAL","14"
"6329050","BUENOS AIRES","General Las Heras","Plomer","SATELITAL","11"
"6329060","BUENOS AIRES","General Las Heras","Villars","CABLEMODEM","270"
"6329060","BUENOS AIRES","General Las Heras","Villars","FIBRA OPTICA","1"
"6329060","BUENOS AIRES","General Las Heras","Villars","SATELITAL","46"
"6336020","BUENOS AIRES","General Lavalle","Chacras de San Clemente","WIRELESS","1"
"6336020","BUENOS AIRES","General Lavalle","General Lavalle","CABLEMODEM","358"
"6336020","BUENOS AIRES","General Lavalle","General Lavalle","FIBRA OPTICA","13"
"6336020","BUENOS AIRES","General Lavalle","General Lavalle","SATELITAL","65"
"6336020","BUENOS AIRES","General Lavalle","General Lavalle","WIRELESS","69"
"0","BUENOS AIRES","General Lavalle","Otros","SATELITAL","82"
"6336030","BUENOS AIRES","General Lavalle","Pavón","FIBRA OPTICA","1"
"6336030","BUENOS AIRES","General Lavalle","Pavón","Otros","693"
"6336030","BUENOS AIRES","General Lavalle","Pavón","SATELITAL","30"
"6336030","BUENOS AIRES","General Lavalle","Pavón","WIRELESS","3"
"6343010","BUENOS AIRES","General Paz","Barrio Río Salado","SATELITAL","11"
"6343020","BUENOS AIRES","General Paz","Loma Verde","SATELITAL","48"
"6343020","BUENOS AIRES","General Paz","Loma Verde","WIRELESS","205"
"0","BUENOS AIRES","General Paz","Otros","SATELITAL","49"
"6343030","BUENOS AIRES","General Paz","Ranchos","ADSL","1.067"
"6343030","BUENOS AIRES","General Paz","Ranchos","CABLEMODEM","1"
"6343030","BUENOS AIRES","General Paz","Ranchos","CELULAR","1"
"6343030","BUENOS AIRES","General Paz","Ranchos","DIAL UP","9"
"6343030","BUENOS AIRES","General Paz","Ranchos","FIBRA OPTICA","979"
"6343030","BUENOS AIRES","General Paz","Ranchos","SATELITAL","229"
"6343030","BUENOS AIRES","General Paz","Ranchos","WIRELESS","1.552"
"6343040","BUENOS AIRES","General Paz","Villanueva  (Ap. Río Salado)","SATELITAL","20"
"6343040","BUENOS AIRES","General Paz","Villanueva  (Ap. Río Salado)","WIRELESS","166"
"6351010","BUENOS AIRES","General Pinto","Colonia San Ricardo  (Est. Iriarte)","ADSL","89"
"6351010","BUENOS AIRES","General Pinto","Colonia San Ricardo  (Est. Iriarte)","FIBRA OPTICA","183"
"6351010","BUENOS AIRES","General Pinto","Colonia San Ricardo  (Est. Iriarte)","SATELITAL","24"
"6351010","BUENOS AIRES","General Pinto","Colonia San Ricardo  (Est. Iriarte)","WIRELESS","12"
"6351020","BUENOS AIRES","General Pinto","General Pinto","DIAL UP","2"
"6351020","BUENOS AIRES","General Pinto","General Pinto","FIBRA OPTICA","2"
"6351020","BUENOS AIRES","General Pinto","General Pinto","SATELITAL","644"
"6351030","BUENOS AIRES","General Pinto","Germania  (Est. Mayor José Orellano)","ADSL","1.112"
"6351030","BUENOS AIRES","General Pinto","Germania  (Est. Mayor José Orellano)","SATELITAL","60"
"6351035","BUENOS AIRES","General Pinto","Gunther","SATELITAL","10"
"0","BUENOS AIRES","General Pinto","Otros","SATELITAL","43"
"6351040","BUENOS AIRES","General Pinto","Villa Francia  (Est. Coronel Granada)","FIBRA OPTICA","332"
"6351040","BUENOS AIRES","General Pinto","Villa Francia  (Est. Coronel Granada)","SATELITAL","57"
"6351050","BUENOS AIRES","General Pinto","Villa Roth  (Est. Ingeniero Balbín)","SATELITAL","6"
"6351020","BUENOS AIRES","General Pueyrredón","Barrio Colinas Verdes","SATELITAL","125"
"6351020","BUENOS AIRES","General Pueyrredón","Barrio Colinas Verdes","WIRELESS","55"
"6357020","BUENOS AIRES","General Pueyrredón","Barrio El Boquerón","SATELITAL","62"
"6357020","BUENOS AIRES","General Pueyrredón","Barrio El Boquerón","WIRELESS","99"
"6357110","BUENOS AIRES","General Pueyrredón","Barrio El Casal","SATELITAL","72"
"6357110","BUENOS AIRES","General Pueyrredón","Barrio El Casal","WIRELESS","94"
"6357110","BUENOS AIRES","General Pueyrredón","Barrio El Coyunco","FIBRA OPTICA","25"
"6357110","BUENOS AIRES","General Pueyrredón","Barrio El Coyunco","SATELITAL","68"
"6357110","BUENOS AIRES","General Pueyrredón","Barrio El Coyunco","WIRELESS","87"
"6357050","BUENOS AIRES","General Pueyrredón","Barrio La Gloria","SATELITAL","158"
"6357050","BUENOS AIRES","General Pueyrredón","Barrio La Gloria","WIRELESS","350"
"6357060","BUENOS AIRES","General Pueyrredón","Barrio Santa Paula","FIBRA OPTICA","127"
"6357060","BUENOS AIRES","General Pueyrredón","Barrio Santa Paula","SATELITAL","110"
"6357060","BUENOS AIRES","General Pueyrredón","Barrio Santa Paula","WIRELESS","97"
"6357070","BUENOS AIRES","General Pueyrredón","Batán","ADSL","1.313"
"6357070","BUENOS AIRES","General Pueyrredón","Batán","FIBRA OPTICA","1.517"
"6357070","BUENOS AIRES","General Pueyrredón","Batán","SATELITAL","112"
"6357070","BUENOS AIRES","General Pueyrredón","Batán","WIRELESS","607"
"6357090","BUENOS AIRES","General Pueyrredón","Camet","ADSL","542"
"6357090","BUENOS AIRES","General Pueyrredón","Camet","FIBRA OPTICA","1.788"
"6357090","BUENOS AIRES","General Pueyrredón","Camet","SATELITAL","315"
"6357090","BUENOS AIRES","General Pueyrredón","Camet","WIRELESS","361"
"6357080","BUENOS AIRES","General Pueyrredón","Chapadmalal","DIAL UP","1"
"6357080","BUENOS AIRES","General Pueyrredón","Chapadmalal","FIBRA OPTICA","2.723"
"6357080","BUENOS AIRES","General Pueyrredón","Chapadmalal","SATELITAL","270"
"6357080","BUENOS AIRES","General Pueyrredón","Chapadmalal","WIRELESS","465"
"6357090","BUENOS AIRES","General Pueyrredón","El Marquesado","SATELITAL","240"
"6357090","BUENOS AIRES","General Pueyrredón","El Marquesado","WIRELESS","8"
"6357090","BUENOS AIRES","General Pueyrredón","Estacion Camet","SATELITAL","110"
"6357100","BUENOS AIRES","General Pueyrredón","Estación Chapadmalal","ADSL","246"
"6357100","BUENOS AIRES","General Pueyrredón","Estación Chapadmalal","FIBRA OPTICA","93"
"6357100","BUENOS AIRES","General Pueyrredón","Estación Chapadmalal","SATELITAL","40"
"6357100","BUENOS AIRES","General Pueyrredón","Estación Chapadmalal","WIRELESS","208"
"6357110","BUENOS AIRES","General Pueyrredón","Mar del Plata","ADSL","3.744"
"6357110","BUENOS AIRES","General Pueyrredón","Mar del Plata","CABLEMODEM","111.723"
"6357110","BUENOS AIRES","General Pueyrredón","Mar del Plata","CELULAR","16"
"6357110","BUENOS AIRES","General Pueyrredón","Mar del Plata","DIAL UP","458"
"6357110","BUENOS AIRES","General Pueyrredón","Mar del Plata","FIBRA OPTICA","184.002"
"6357110","BUENOS AIRES","General Pueyrredón","Mar del Plata","SATELITAL","1.626"
"6357110","BUENOS AIRES","General Pueyrredón","Mar del Plata","WIRELESS","1.119"
"0","BUENOS AIRES","General Pueyrredón","Otros","FIBRA OPTICA","151"
"0","BUENOS AIRES","General Pueyrredón","Otros","SATELITAL","29"
"6351020","BUENOS AIRES","General Pueyrredón","Punta Mogotes","SATELITAL","633"
"6357120","BUENOS AIRES","General Pueyrredón","Sierra de los Padres","ADSL","211"
"6357120","BUENOS AIRES","General Pueyrredón","Sierra de los Padres","FIBRA OPTICA","3.179"
"6357120","BUENOS AIRES","General Pueyrredón","Sierra de los Padres","SATELITAL","224"
"6357120","BUENOS AIRES","General Pueyrredón","Sierra de los Padres","WIRELESS","222"
"6364030","BUENOS AIRES","General Rodríguez","Barrio Ruta 24 Kilómetro 10","FIBRA OPTICA","2"
"6364030","BUENOS AIRES","General Rodríguez","Barrio Ruta 24 Kilómetro 10","SATELITAL","155"
"6364030","BUENOS AIRES","General Rodríguez","Country Club Bosque Real - Barrio Morabo","SATELITAL","130"
"6364030","BUENOS AIRES","General Rodríguez","General Rodríguez","ADSL","16"
"6364030","BUENOS AIRES","General Rodríguez","General Rodríguez","CABLEMODEM","11.722"
"6364030","BUENOS AIRES","General Rodríguez","General Rodríguez","CELULAR","49"
"6364030","BUENOS AIRES","General Rodríguez","General Rodríguez","DIAL UP","14"
"6364030","BUENOS AIRES","General Rodríguez","General Rodríguez","FIBRA OPTICA","16.144"
"6364030","BUENOS AIRES","General Rodríguez","General Rodríguez","Otros","5.070"
"6364030","BUENOS AIRES","General Rodríguez","General Rodríguez","SATELITAL","730"
"6364030","BUENOS AIRES","General Rodríguez","General Rodríguez","WIRELESS","507"
"0","BUENOS AIRES","General Rodríguez","Otros","SATELITAL","4"
"6371010","BUENOS AIRES","General San Martín","Barrio Parque General San Martin","DIAL UP","3"
"6371010","BUENOS AIRES","General San Martín","Barrio Parque General San Martin","FIBRA OPTICA","5.141"
"6371010","BUENOS AIRES","General San Martín","Barrio Parque General San Martin","SATELITAL","24"
"6371010","BUENOS AIRES","General San Martín","Billinghurst","CABLEMODEM","765"
"6371010","BUENOS AIRES","General San Martín","Billinghurst","FIBRA OPTICA","4.057"
"6371010","BUENOS AIRES","General San Martín","Billinghurst","SATELITAL","13"
"6371010","BUENOS AIRES","General San Martín","Ciudad Del Libertador General San Martin","ADSL","130"
"6371010","BUENOS AIRES","General San Martín","Ciudad Del Libertador General San Martin","CABLEMODEM","24.110"
"6371010","BUENOS AIRES","General San Martín","Ciudad Del Libertador General San Martin","CELULAR","31"
"6371010","BUENOS AIRES","General San Martín","Ciudad Del Libertador General San Martin","FIBRA OPTICA","12.863"
"6371010","BUENOS AIRES","General San Martín","Ciudad Del Libertador General San Martin","SATELITAL","110"
"6371010","BUENOS AIRES","General San Martín","Ciudad Del Libertador General San Martin","WIRELESS","8"
"6371010","BUENOS AIRES","General San Martín","Ciudad Jardin El Libertador","CABLEMODEM","3"
"6371010","BUENOS AIRES","General San Martín","Ciudad Jardin El Libertador","SATELITAL","37"
"6371010","BUENOS AIRES","General San Martín","Va Ma Irene De Los Remedios De Escalada","CABLEMODEM","78"
"6371010","BUENOS AIRES","General San Martín","Va Ma Irene De Los Remedios De Escalada","SATELITAL","18"
"6371010","BUENOS AIRES","General San Martín","Villa Ayacucho","CABLEMODEM","121"
"6371010","BUENOS AIRES","General San Martín","Villa Ayacucho","FIBRA OPTICA","442"
"6371010","BUENOS AIRES","General San Martín","Villa Ayacucho","SATELITAL","16"
"6371010","BUENOS AIRES","General San Martín","Villa Ballester","ADSL","24"
"6371010","BUENOS AIRES","General San Martín","Villa Ballester","CABLEMODEM","21.056"
"6371010","BUENOS AIRES","General San Martín","Villa Ballester","CELULAR","2"
"6371010","BUENOS AIRES","General San Martín","Villa Ballester","DIAL UP","1"
"6371010","BUENOS AIRES","General San Martín","Villa Ballester","FIBRA OPTICA","11.573"
"6371010","BUENOS AIRES","General San Martín","Villa Ballester","SATELITAL","72"
"6371010","BUENOS AIRES","General San Martín","Villa Ballester","WIRELESS","346"
"6371010","BUENOS AIRES","General San Martín","Villa Bernardo Monteagudo","CABLEMODEM","509"
"6371010","BUENOS AIRES","General San Martín","Villa Bernardo Monteagudo","FIBRA OPTICA","1.160"
"6371010","BUENOS AIRES","General San Martín","Villa Bernardo Monteagudo","SATELITAL","5"
"6371010","BUENOS AIRES","General San Martín","Villa Chacabuco","CABLEMODEM","792"
"6371010","BUENOS AIRES","General San Martín","Villa Chacabuco","FIBRA OPTICA","102"
"6371010","BUENOS AIRES","General San Martín","Villa Chacabuco","SATELITAL","23"
"6371010","BUENOS AIRES","General San Martín","Villa Coronel Jose M. Zapiola","CABLEMODEM","1.157"
"6371010","BUENOS AIRES","General San Martín","Villa Coronel Jose M. Zapiola","FIBRA OPTICA","2.530"
"6371010","BUENOS AIRES","General San Martín","Villa Coronel Jose M. Zapiola","SATELITAL","30"
"6371010","BUENOS AIRES","General San Martín","Villa General Antonio J.  De Sucre","CABLEMODEM","415"
"6371010","BUENOS AIRES","General San Martín","Villa General Antonio J.  De Sucre","FIBRA OPTICA","1.017"
"6371010","BUENOS AIRES","General San Martín","Villa General Antonio J.  De Sucre","SATELITAL","9"
"6371010","BUENOS AIRES","General San Martín","Villa General Eugenio Necochea","CABLEMODEM","3.071"
"6371010","BUENOS AIRES","General San Martín","Villa General Eugenio Necochea","FIBRA OPTICA","3.049"
"6371010","BUENOS AIRES","General San Martín","Villa General Eugenio Necochea","SATELITAL","23"
"6371010","BUENOS AIRES","General San Martín","Villa General Jose Tomas Guido","CABLEMODEM","1.109"
"6371010","BUENOS AIRES","General San Martín","Villa General Jose Tomas Guido","FIBRA OPTICA","2.904"
"6371010","BUENOS AIRES","General San Martín","Villa General Jose Tomas Guido","SATELITAL","25"
"6371010","BUENOS AIRES","General San Martín","Villa General Juan G. Las Heras","CABLEMODEM","490"
"6371010","BUENOS AIRES","General San Martín","Villa General Juan G. Las Heras","FIBRA OPTICA","1.381"
"6371010","BUENOS AIRES","General San Martín","Villa General Juan G. Las Heras","SATELITAL","35"
"6371010","BUENOS AIRES","General San Martín","Villa Godoy Cruz","CABLEMODEM","584"
"6371010","BUENOS AIRES","General San Martín","Villa Godoy Cruz","FIBRA OPTICA","1.525"
"6371010","BUENOS AIRES","General San Martín","Villa Godoy Cruz","SATELITAL","19"
"6371010","BUENOS AIRES","General San Martín","Villa Granaderos De San Martín","CABLEMODEM","1.154"
"6371010","BUENOS AIRES","General San Martín","Villa Granaderos De San Martín","FIBRA OPTICA","2.593"
"6371010","BUENOS AIRES","General San Martín","Villa Granaderos De San Martín","SATELITAL","33"
"6371010","BUENOS AIRES","General San Martín","Villa Granaderos De San Martín","WIRELESS","382"
"6371010","BUENOS AIRES","General San Martín","Villa Gregoria Matorras","CABLEMODEM","881"
"6371010","BUENOS AIRES","General San Martín","Villa Gregoria Matorras","FIBRA OPTICA","2.545"
"6371010","BUENOS AIRES","General San Martín","Villa Gregoria Matorras","SATELITAL","29"
"6371010","BUENOS AIRES","General San Martín","Villa José León Suarez","ADSL","9"
"6371010","BUENOS AIRES","General San Martín","Villa José León Suarez","CABLEMODEM","3.242"
"6371010","BUENOS AIRES","General San Martín","Villa José León Suarez","CELULAR","21"
"6371010","BUENOS AIRES","General San Martín","Villa José León Suarez","FIBRA OPTICA","4.955"
"6371010","BUENOS AIRES","General San Martín","Villa José León Suarez","SATELITAL","57"
"6371010","BUENOS AIRES","General San Martín","Villa José León Suarez","WIRELESS","181"
"6371010","BUENOS AIRES","General San Martín","Villa Juan Martín De Pueyrredon","CABLEMODEM","931"
"6371010","BUENOS AIRES","General San Martín","Villa Juan Martín De Pueyrredon","FIBRA OPTICA","3.014"
"6371010","BUENOS AIRES","General San Martín","Villa Juan Martín De Pueyrredon","SATELITAL","21"
"6371010","BUENOS AIRES","General San Martín","Villa Libertad","CABLEMODEM","933"
"6371010","BUENOS AIRES","General San Martín","Villa Libertad","FIBRA OPTICA","2.784"
"6371010","BUENOS AIRES","General San Martín","Villa Libertad","SATELITAL","23"
"6371010","BUENOS AIRES","General San Martín","Villa Lynch","ADSL","13"
"6371010","BUENOS AIRES","General San Martín","Villa Lynch","CABLEMODEM","2.523"
"6371010","BUENOS AIRES","General San Martín","Villa Lynch","CELULAR","3"
"6371010","BUENOS AIRES","General San Martín","Villa Lynch","FIBRA OPTICA","10"
"6371010","BUENOS AIRES","General San Martín","Villa Lynch","SATELITAL","40"
"6371010","BUENOS AIRES","General San Martín","Villa Lynch","WIRELESS","3"
"6371010","BUENOS AIRES","General San Martín","Villa Maipu","CABLEMODEM","1.549"
"6371010","BUENOS AIRES","General San Martín","Villa Maipu","FIBRA OPTICA","3.612"
"6371010","BUENOS AIRES","General San Martín","Villa Maipu","SATELITAL","26"
"6371010","BUENOS AIRES","General San Martín","Villa Maipu","WIRELESS","546"
"6371010","BUENOS AIRES","General San Martín","Villa Marqués Alejandro  María De Aguado","CABLEMODEM","616"
"6371010","BUENOS AIRES","General San Martín","Villa Marqués Alejandro  María De Aguado","FIBRA OPTICA","1.366"
"6371010","BUENOS AIRES","General San Martín","Villa Marqués Alejandro  María De Aguado","SATELITAL","19"
"6371010","BUENOS AIRES","General San Martín","Villa Parque Pres Figueroa Alcorta","CABLEMODEM","183"
"6371010","BUENOS AIRES","General San Martín","Villa Parque Pres Figueroa Alcorta","FIBRA OPTICA","417"
"6371010","BUENOS AIRES","General San Martín","Villa Parque Pres Figueroa Alcorta","SATELITAL","7"
"6371010","BUENOS AIRES","General San Martín","Villa Parque San Lorenzo","CABLEMODEM","188"
"6371010","BUENOS AIRES","General San Martín","Villa Parque San Lorenzo","FIBRA OPTICA","449"
"6371010","BUENOS AIRES","General San Martín","Villa Parque San Lorenzo","SATELITAL","26"
"6371010","BUENOS AIRES","General San Martín","Villa San Andrés","ADSL","22"
"6371010","BUENOS AIRES","General San Martín","Villa San Andrés","CABLEMODEM","5.103"
"6371010","BUENOS AIRES","General San Martín","Villa San Andrés","CELULAR","6"
"6371010","BUENOS AIRES","General San Martín","Villa San Andrés","FIBRA OPTICA","1.957"
"6371010","BUENOS AIRES","General San Martín","Villa San Andrés","SATELITAL","23"
"6371010","BUENOS AIRES","General San Martín","Villa San Andrés","WIRELESS","586"
"6371010","BUENOS AIRES","General San Martín","Villa Yapeyú","CABLEMODEM","221"
"6371010","BUENOS AIRES","General San Martín","Villa Yapeyú","FIBRA OPTICA","610"
"6371010","BUENOS AIRES","General San Martín","Villa Yapeyú","SATELITAL","33"
"6385010","BUENOS AIRES","General Viamonte","Baigorrita","ADSL","562"
"6385010","BUENOS AIRES","General Viamonte","Baigorrita","SATELITAL","60"
"6385010","BUENOS AIRES","General Viamonte","Baigorrita","WIRELESS","79"
"6385020","BUENOS AIRES","General Viamonte","La Delfina","SATELITAL","5"
"6385030","BUENOS AIRES","General Viamonte","Los Toldos","ADSL","61"
"6385030","BUENOS AIRES","General Viamonte","Los Toldos","DIAL UP","1"
"6385030","BUENOS AIRES","General Viamonte","Los Toldos","FIBRA OPTICA","5.810"
"6385030","BUENOS AIRES","General Viamonte","Los Toldos","SATELITAL","145"
"6385030","BUENOS AIRES","General Viamonte","Los Toldos","WIRELESS","11"
"0","BUENOS AIRES","General Viamonte","Otros","SATELITAL","32"
"6385040","BUENOS AIRES","General Viamonte","San Emilio","SATELITAL","16"
"6385050","BUENOS AIRES","General Viamonte","Zavalía","SATELITAL","28"
"6385050","BUENOS AIRES","General Viamonte","Zavalía","WIRELESS","32"
"6392010","BUENOS AIRES","General Villegas","Banderaló","Otros","250"
"6392010","BUENOS AIRES","General Villegas","Banderaló","SATELITAL","24"
"6392020","BUENOS AIRES","General Villegas","Cañada Seca","Otros","200"
"6392020","BUENOS AIRES","General Villegas","Cañada Seca","SATELITAL","27"
"6392030","BUENOS AIRES","General Villegas","Coronel Charlone","ADSL","317"
"6392030","BUENOS AIRES","General Villegas","Coronel Charlone","FIBRA OPTICA","60"
"6392030","BUENOS AIRES","General Villegas","Coronel Charlone","SATELITAL","27"
"6392040","BUENOS AIRES","General Villegas","Emilio V. Bunge","SATELITAL","52"
"6392050","BUENOS AIRES","General Villegas","General Villegas  (Est. Villegas)","ADSL","12"
"6392050","BUENOS AIRES","General Villegas","General Villegas  (Est. Villegas)","CABLEMODEM","2"
"6392050","BUENOS AIRES","General Villegas","General Villegas  (Est. Villegas)","CELULAR","1"
"6392050","BUENOS AIRES","General Villegas","General Villegas  (Est. Villegas)","FIBRA OPTICA","5.402"
"6392050","BUENOS AIRES","General Villegas","General Villegas  (Est. Villegas)","Otros","1.040"
"6392050","BUENOS AIRES","General Villegas","General Villegas  (Est. Villegas)","SATELITAL","293"
"6392050","BUENOS AIRES","General Villegas","General Villegas  (Est. Villegas)","WIRELESS","222"
"6392060","BUENOS AIRES","General Villegas","Massey  (Est. Elordi)","SATELITAL","7"
"0","BUENOS AIRES","General Villegas","Otros","SATELITAL","90"
"6392070","BUENOS AIRES","General Villegas","Pichincha","SATELITAL","4"
"6392080","BUENOS AIRES","General Villegas","Piedritas","ADSL","368"
"6392080","BUENOS AIRES","General Villegas","Piedritas","FIBRA OPTICA","190"
"6392080","BUENOS AIRES","General Villegas","Piedritas","SATELITAL","52"
"6392080","BUENOS AIRES","General Villegas","Piedritas","WIRELESS","58"
"6392090","BUENOS AIRES","General Villegas","Santa Eleodora","SATELITAL","19"
"6392100","BUENOS AIRES","General Villegas","Santa Regina","CABLEMODEM","136"
"6392100","BUENOS AIRES","General Villegas","Santa Regina","SATELITAL","19"
"6392110","BUENOS AIRES","General Villegas","Villa Saboya","SATELITAL","20"
"6392120","BUENOS AIRES","General Villegas","Villa Sauze","SATELITAL","14"
"6399010","BUENOS AIRES","Guaminí","Arroyo Venado","SATELITAL","10"
"6399010","BUENOS AIRES","Guaminí","Arroyo Venado","WIRELESS","86"
"6399020","BUENOS AIRES","Guaminí","Casbas","DIAL UP","1"
"6399020","BUENOS AIRES","Guaminí","Casbas","FIBRA OPTICA","1"
"6399020","BUENOS AIRES","Guaminí","Casbas","SATELITAL","411"
"6399020","BUENOS AIRES","Guaminí","Casbas","WIRELESS","53"
"6399030","BUENOS AIRES","Guaminí","Garré","FIBRA OPTICA","351"
"6399030","BUENOS AIRES","Guaminí","Garré","SATELITAL","46"
"6399040","BUENOS AIRES","Guaminí","Guaminí","FIBRA OPTICA","508"
"6399040","BUENOS AIRES","Guaminí","Guaminí","SATELITAL","83"
"6399040","BUENOS AIRES","Guaminí","Guaminí","WIRELESS","130"
"6399050","BUENOS AIRES","Guaminí","Laguna Alsina  (Est. Bonifacio)","ADSL","50"
"6399050","BUENOS AIRES","Guaminí","Laguna Alsina  (Est. Bonifacio)","FIBRA OPTICA","281"
"6399050","BUENOS AIRES","Guaminí","Laguna Alsina  (Est. Bonifacio)","Otros","25"
"6399050","BUENOS AIRES","Guaminí","Laguna Alsina  (Est. Bonifacio)","SATELITAL","104"
"6399050","BUENOS AIRES","Guaminí","Laguna Alsina  (Est. Bonifacio)","WIRELESS","83"
"0","BUENOS AIRES","Guaminí","Otros","SATELITAL","111"
"6406010","BUENOS AIRES","Hipólito Yrigoyen","Henderson","ADSL","31"
"6406010","BUENOS AIRES","Hipólito Yrigoyen","Henderson","CABLEMODEM","1"
"6406010","BUENOS AIRES","Hipólito Yrigoyen","Henderson","DIAL UP","1"
"6406010","BUENOS AIRES","Hipólito Yrigoyen","Henderson","FIBRA OPTICA","2"
"6406010","BUENOS AIRES","Hipólito Yrigoyen","Henderson","SATELITAL","221"
"6406010","BUENOS AIRES","Hipólito Yrigoyen","Henderson","WIRELESS","810"
"6406020","BUENOS AIRES","Hipólito Yrigoyen","Herrera Vegas","SATELITAL","24"
"0","BUENOS AIRES","Hipólito Yrigoyen","Otros","SATELITAL","26"
"6408010","BUENOS AIRES","Hurlingham","Hurlingham","ADSL","10"
"6408010","BUENOS AIRES","Hurlingham","Hurlingham","CABLEMODEM","15.108"
"6408010","BUENOS AIRES","Hurlingham","Hurlingham","CELULAR","8"
"6408010","BUENOS AIRES","Hurlingham","Hurlingham","DIAL UP","47"
"6408010","BUENOS AIRES","Hurlingham","Hurlingham","FIBRA OPTICA","22.562"
"6408010","BUENOS AIRES","Hurlingham","Hurlingham","SATELITAL","111"
"6408010","BUENOS AIRES","Hurlingham","Hurlingham","WIRELESS","473"
"6408010","BUENOS AIRES","Hurlingham","Villa Santos Tesei","ADSL","4"
"6408010","BUENOS AIRES","Hurlingham","Villa Santos Tesei","CABLEMODEM","7.255"
"6408010","BUENOS AIRES","Hurlingham","Villa Santos Tesei","CELULAR","7"
"6408010","BUENOS AIRES","Hurlingham","Villa Santos Tesei","DIAL UP","24"
"6408010","BUENOS AIRES","Hurlingham","Villa Santos Tesei","FIBRA OPTICA","15.749"
"6408010","BUENOS AIRES","Hurlingham","Villa Santos Tesei","SATELITAL","85"
"6408010","BUENOS AIRES","Hurlingham","Villa Santos Tesei","WIRELESS","114"
"6408010","BUENOS AIRES","Hurlingham","William C. Morris","CABLEMODEM","20"
"6408010","BUENOS AIRES","Hurlingham","William C. Morris","FIBRA OPTICA","12"
"6408010","BUENOS AIRES","Hurlingham","William C. Morris","SATELITAL","53"
"6408010","BUENOS AIRES","Hurlingham","William C. Morris","WIRELESS","392"
"6410010","BUENOS AIRES","Ituzaingó","Ituzaingó Centro","ADSL","14"
"6410010","BUENOS AIRES","Ituzaingó","Ituzaingó Centro","CABLEMODEM","228"
"6410010","BUENOS AIRES","Ituzaingó","Ituzaingó Centro","DIAL UP","105"
"6410010","BUENOS AIRES","Ituzaingó","Ituzaingó Centro","FIBRA OPTICA","28.886"
"6410010","BUENOS AIRES","Ituzaingó","Ituzaingó Centro","SATELITAL","147"
"6410010","BUENOS AIRES","Ituzaingó","Ituzaingó Centro","WIRELESS","202"
"6410010","BUENOS AIRES","Ituzaingó","Ituzaingó Sur","CABLEMODEM","27.153"
"6410010","BUENOS AIRES","Ituzaingó","Ituzaingó Sur","CELULAR","18"
"6410010","BUENOS AIRES","Ituzaingó","Ituzaingó Sur","FIBRA OPTICA","277"
"6410010","BUENOS AIRES","Ituzaingó","Ituzaingó Sur","SATELITAL","77"
"6410010","BUENOS AIRES","Ituzaingó","Ituzaingó Sur","WIRELESS","30"
"6410010","BUENOS AIRES","Ituzaingó","Villa Gobernador Udaondo","ADSL","1"
"6410010","BUENOS AIRES","Ituzaingó","Villa Gobernador Udaondo","CABLEMODEM","9.067"
"6410010","BUENOS AIRES","Ituzaingó","Villa Gobernador Udaondo","CELULAR","11"
"6410010","BUENOS AIRES","Ituzaingó","Villa Gobernador Udaondo","DIAL UP","9"
"6410010","BUENOS AIRES","Ituzaingó","Villa Gobernador Udaondo","FIBRA OPTICA","4.344"
"6410010","BUENOS AIRES","Ituzaingó","Villa Gobernador Udaondo","SATELITAL","173"
"6410010","BUENOS AIRES","Ituzaingó","Villa Gobernador Udaondo","WIRELESS","378"
"6412010","BUENOS AIRES","José C. Paz","Del Viso","CABLEMODEM","185"
"6412010","BUENOS AIRES","José C. Paz","Del Viso","FIBRA OPTICA","112"
"6412010","BUENOS AIRES","José C. Paz","Del Viso","SATELITAL","66"
"6412010","BUENOS AIRES","José C. Paz","José C Paz","ADSL","78"
"6412010","BUENOS AIRES","José C. Paz","José C Paz","CABLEMODEM","23.918"
"6412010","BUENOS AIRES","José C. Paz","José C Paz","CELULAR","55"
"6412010","BUENOS AIRES","José C. Paz","José C Paz","DIAL UP","78"
"6412010","BUENOS AIRES","José C. Paz","José C Paz","FIBRA OPTICA","40.196"
"6412010","BUENOS AIRES","José C. Paz","José C Paz","SATELITAL","149"
"6412010","BUENOS AIRES","José C. Paz","José C Paz","WIRELESS","119"
"6412010","BUENOS AIRES","José C. Paz","Tortuguitas","CABLEMODEM","1.250"
"6412010","BUENOS AIRES","José C. Paz","Tortuguitas","FIBRA OPTICA","512"
"6412010","BUENOS AIRES","José C. Paz","Tortuguitas","SATELITAL","72"
"6413020","BUENOS AIRES","Junín","Agustina","FIBRA OPTICA","8"
"6413020","BUENOS AIRES","Junín","Agustina","SATELITAL","22"
"6413010","BUENOS AIRES","Junín","Agustín Roca","FIBRA OPTICA","370"
"6413010","BUENOS AIRES","Junín","Agustín Roca","SATELITAL","49"
"6413010","BUENOS AIRES","Junín","Agustín Roca","WIRELESS","157"
"6413030","BUENOS AIRES","Junín","Balneario Laguna de Gómez","FIBRA OPTICA","84"
"6413030","BUENOS AIRES","Junín","Balneario Laguna de Gómez","SATELITAL","38"
"6413040","BUENOS AIRES","Junín","Fortín Tiburcio","SATELITAL","30"
"6413040","BUENOS AIRES","Junín","Fortín Tiburcio","WIRELESS","72"
"6413050","BUENOS AIRES","Junín","Junín","ADSL","423"
"6413050","BUENOS AIRES","Junín","Junín","CABLEMODEM","16.658"
"6413050","BUENOS AIRES","Junín","Junín","CELULAR","2"
"6413050","BUENOS AIRES","Junín","Junín","DIAL UP","71"
"6413050","BUENOS AIRES","Junín","Junín","FIBRA OPTICA","14.722"
"6413050","BUENOS AIRES","Junín","Junín","SATELITAL","624"
"6413050","BUENOS AIRES","Junín","Junín","WIRELESS","6.235"
"6413060","BUENOS AIRES","Junín","Laplacette","FIBRA OPTICA","1"
"6413060","BUENOS AIRES","Junín","Laplacette","SATELITAL","6"
"6413060","BUENOS AIRES","Junín","Laplacette","WIMAX","16"
"6413060","BUENOS AIRES","Junín","Laplacette","WIRELESS","9"
"6413070","BUENOS AIRES","Junín","Morse","CABLEMODEM","31"
"6413070","BUENOS AIRES","Junín","Morse","FIBRA OPTICA","254"
"6413070","BUENOS AIRES","Junín","Morse","SATELITAL","38"
"6413070","BUENOS AIRES","Junín","Morse","WIRELESS","109"
"0","BUENOS AIRES","Junín","Otros","SATELITAL","30"
"6413055","BUENOS AIRES","Junín","Paraje La Agraria","SATELITAL","20"
"6413080","BUENOS AIRES","Junín","Saforcada","SATELITAL","31"
"6413080","BUENOS AIRES","Junín","Saforcada","WIRELESS","75"
"6420030","BUENOS AIRES","La Costa","Aguas Verdes","ADSL","28"
"6420030","BUENOS AIRES","La Costa","Aguas Verdes","CABLEMODEM","1"
"6420030","BUENOS AIRES","La Costa","Aguas Verdes","FIBRA OPTICA","142"
"6420030","BUENOS AIRES","La Costa","Aguas Verdes","Otros","394"
"6420030","BUENOS AIRES","La Costa","Aguas Verdes","SATELITAL","86"
"6420030","BUENOS AIRES","La Costa","Aguas Verdes","WIRELESS","1"
"6420010","BUENOS AIRES","La Costa","Las Toninas","ADSL","16"
"6420010","BUENOS AIRES","La Costa","Las Toninas","CABLEMODEM","1.076"
"6420010","BUENOS AIRES","La Costa","Las Toninas","DIAL UP","1"
"6420010","BUENOS AIRES","La Costa","Las Toninas","FIBRA OPTICA","73"
"6420010","BUENOS AIRES","La Costa","Las Toninas","Otros","400"
"6420010","BUENOS AIRES","La Costa","Las Toninas","SATELITAL","96"
"6420010","BUENOS AIRES","La Costa","Las Toninas","WIRELESS","26"
"6420030","BUENOS AIRES","La Costa","Lucila Del Mar","ADSL","101"
"6420030","BUENOS AIRES","La Costa","Lucila Del Mar","CABLEMODEM","1"
"6420030","BUENOS AIRES","La Costa","Lucila Del Mar","FIBRA OPTICA","866"
"6420030","BUENOS AIRES","La Costa","Lucila Del Mar","Otros","1.517"
"6420030","BUENOS AIRES","La Costa","Lucila Del Mar","SATELITAL","83"
"6420030","BUENOS AIRES","La Costa","Lucila Del Mar","WIRELESS","1"
"6420020","BUENOS AIRES","La Costa","Mar de Ajó - San Bernardo","ADSL","747"
"6420020","BUENOS AIRES","La Costa","Mar de Ajó - San Bernardo","CABLEMODEM","1"
"6420020","BUENOS AIRES","La Costa","Mar de Ajó - San Bernardo","DIAL UP","24"
"6420020","BUENOS AIRES","La Costa","Mar de Ajó - San Bernardo","FIBRA OPTICA","5.410"
"6420020","BUENOS AIRES","La Costa","Mar de Ajó - San Bernardo","Otros","7.480"
"6420020","BUENOS AIRES","La Costa","Mar de Ajó - San Bernardo","SATELITAL","344"
"6420020","BUENOS AIRES","La Costa","Mar de Ajó - San Bernardo","WIRELESS","1"
"0","BUENOS AIRES","La Costa","Otros","SATELITAL","367"
"6420030","BUENOS AIRES","La Costa","San Clemente del Tuyú","ADSL","10"
"6420030","BUENOS AIRES","La Costa","San Clemente del Tuyú","CABLEMODEM","360"
"6420030","BUENOS AIRES","La Costa","San Clemente del Tuyú","DIAL UP","1"
"6420030","BUENOS AIRES","La Costa","San Clemente del Tuyú","FIBRA OPTICA","9.709"
"6420030","BUENOS AIRES","La Costa","San Clemente del Tuyú","SATELITAL","75"
"6420030","BUENOS AIRES","La Costa","San Clemente del Tuyú","WIRELESS","40"
"6420040","BUENOS AIRES","La Costa","Santa Teresita - Mar del Tuyú","ADSL","164"
"6420040","BUENOS AIRES","La Costa","Santa Teresita - Mar del Tuyú","CABLEMODEM","7.654"
"6420040","BUENOS AIRES","La Costa","Santa Teresita - Mar del Tuyú","DIAL UP","12"
"6420040","BUENOS AIRES","La Costa","Santa Teresita - Mar del Tuyú","FIBRA OPTICA","3.922"
"6420040","BUENOS AIRES","La Costa","Santa Teresita - Mar del Tuyú","SATELITAL","358"
"6420040","BUENOS AIRES","La Costa","Santa Teresita - Mar del Tuyú","WIRELESS","201"
"6427010","BUENOS AIRES","La Matanza","20 De Junio","ADSL","3"
"6427010","BUENOS AIRES","La Matanza","20 De Junio","CABLEMODEM","841"
"6427010","BUENOS AIRES","La Matanza","20 De Junio","DIAL UP","2"
"6427010","BUENOS AIRES","La Matanza","20 De Junio","FIBRA OPTICA","4.034"
"6427010","BUENOS AIRES","La Matanza","20 De Junio","SATELITAL","40"
"6427010","BUENOS AIRES","La Matanza","20 De Junio","WIRELESS","2"
"6427010","BUENOS AIRES","La Matanza","Aldo Bonzi","CABLEMODEM","2.358"
"6427010","BUENOS AIRES","La Matanza","Aldo Bonzi","CELULAR","3"
"6427010","BUENOS AIRES","La Matanza","Aldo Bonzi","FIBRA OPTICA","265"
"6427010","BUENOS AIRES","La Matanza","Aldo Bonzi","SATELITAL","49"
"6427010","BUENOS AIRES","La Matanza","Aldo Bonzi","WIRELESS","2"
"6427010","BUENOS AIRES","La Matanza","Ciudad Evita","ADSL","4"
"6427010","BUENOS AIRES","La Matanza","Ciudad Evita","CABLEMODEM","10.231"
"6427010","BUENOS AIRES","La Matanza","Ciudad Evita","CELULAR","8"
"6427010","BUENOS AIRES","La Matanza","Ciudad Evita","DIAL UP","25"
"6427010","BUENOS AIRES","La Matanza","Ciudad Evita","FIBRA OPTICA","4.529"
"6427010","BUENOS AIRES","La Matanza","Ciudad Evita","SATELITAL","82"
"6427010","BUENOS AIRES","La Matanza","Ciudad Evita","WIRELESS","145"
"6427010","BUENOS AIRES","La Matanza","Gonzalez Catán","ADSL","4"
"6427010","BUENOS AIRES","La Matanza","Gonzalez Catán","CABLEMODEM","29.065"
"6427010","BUENOS AIRES","La Matanza","Gonzalez Catán","CELULAR","33"
"6427010","BUENOS AIRES","La Matanza","Gonzalez Catán","DIAL UP","24"
"6427010","BUENOS AIRES","La Matanza","Gonzalez Catán","FIBRA OPTICA","26.500"
"6427010","BUENOS AIRES","La Matanza","Gonzalez Catán","SATELITAL","124"
"6427010","BUENOS AIRES","La Matanza","Gonzalez Catán","WIRELESS","1.386"
"6427010","BUENOS AIRES","La Matanza","Gregorio De Laferrere","ADSL","5"
"6427010","BUENOS AIRES","La Matanza","Gregorio De Laferrere","CABLEMODEM","27.573"
"6427010","BUENOS AIRES","La Matanza","Gregorio De Laferrere","CELULAR","34"
"6427010","BUENOS AIRES","La Matanza","Gregorio De Laferrere","DIAL UP","14"
"6427010","BUENOS AIRES","La Matanza","Gregorio De Laferrere","FIBRA OPTICA","23.988"
"6427010","BUENOS AIRES","La Matanza","Gregorio De Laferrere","SATELITAL","285"
"6427010","BUENOS AIRES","La Matanza","Gregorio De Laferrere","WIRELESS","1.761"
"6427010","BUENOS AIRES","La Matanza","Isidro Casanova","ADSL","11"
"6427010","BUENOS AIRES","La Matanza","Isidro Casanova","CABLEMODEM","21.539"
"6427010","BUENOS AIRES","La Matanza","Isidro Casanova","CELULAR","36"
"6427010","BUENOS AIRES","La Matanza","Isidro Casanova","DIAL UP","26"
"6427010","BUENOS AIRES","La Matanza","Isidro Casanova","FIBRA OPTICA","34.314"
"6427010","BUENOS AIRES","La Matanza","Isidro Casanova","SATELITAL","85"
"6427010","BUENOS AIRES","La Matanza","Isidro Casanova","WIRELESS","366"
"6427010","BUENOS AIRES","La Matanza","La Tablada","ADSL","1"
"6427010","BUENOS AIRES","La Matanza","La Tablada","CABLEMODEM","12.588"
"6427010","BUENOS AIRES","La Matanza","La Tablada","CELULAR","23"
"6427010","BUENOS AIRES","La Matanza","La Tablada","DIAL UP","2"
"6427010","BUENOS AIRES","La Matanza","La Tablada","FIBRA OPTICA","3.915"
"6427010","BUENOS AIRES","La Matanza","La Tablada","SATELITAL","93"
"6427010","BUENOS AIRES","La Matanza","La Tablada","WIRELESS","183"
"6427010","BUENOS AIRES","La Matanza","Lomas Del Mirador","ADSL","5"
"6427010","BUENOS AIRES","La Matanza","Lomas Del Mirador","CABLEMODEM","10.407"
"6427010","BUENOS AIRES","La Matanza","Lomas Del Mirador","CELULAR","18"
"6427010","BUENOS AIRES","La Matanza","Lomas Del Mirador","DIAL UP","6"
"6427010","BUENOS AIRES","La Matanza","Lomas Del Mirador","FIBRA OPTICA","3.369"
"6427010","BUENOS AIRES","La Matanza","Lomas Del Mirador","SATELITAL","102"
"6427010","BUENOS AIRES","La Matanza","Lomas Del Mirador","WIRELESS","68"
"6427010","BUENOS AIRES","La Matanza","Rafael Castillo","ADSL","7"
"6427010","BUENOS AIRES","La Matanza","Rafael Castillo","CABLEMODEM","15.998"
"6427010","BUENOS AIRES","La Matanza","Rafael Castillo","CELULAR","21"
"6427010","BUENOS AIRES","La Matanza","Rafael Castillo","DIAL UP","9"
"6427010","BUENOS AIRES","La Matanza","Rafael Castillo","FIBRA OPTICA","11.199"
"6427010","BUENOS AIRES","La Matanza","Rafael Castillo","SATELITAL","75"
"6427010","BUENOS AIRES","La Matanza","Rafael Castillo","WIRELESS","370"
"6427010","BUENOS AIRES","La Matanza","Ramos Mejía","ADSL","11"
"6427010","BUENOS AIRES","La Matanza","Ramos Mejía","CABLEMODEM","36.327"
"6427010","BUENOS AIRES","La Matanza","Ramos Mejía","CELULAR","1"
"6427010","BUENOS AIRES","La Matanza","Ramos Mejía","DIAL UP","69"
"6427010","BUENOS AIRES","La Matanza","Ramos Mejía","FIBRA OPTICA","11.432"
"6427010","BUENOS AIRES","La Matanza","Ramos Mejía","SATELITAL","225"
"6427010","BUENOS AIRES","La Matanza","Ramos Mejía","WIRELESS","19"
"6427010","BUENOS AIRES","La Matanza","San Justo","ADSL","22"
"6427010","BUENOS AIRES","La Matanza","San Justo","CABLEMODEM","23.754"
"6427010","BUENOS AIRES","La Matanza","San Justo","CELULAR","45"
"6427010","BUENOS AIRES","La Matanza","San Justo","DIAL UP","93"
"6427010","BUENOS AIRES","La Matanza","San Justo","FIBRA OPTICA","20.962"
"6427010","BUENOS AIRES","La Matanza","San Justo","SATELITAL","157"
"6427010","BUENOS AIRES","La Matanza","San Justo","WIRELESS","506"
"6427010","BUENOS AIRES","La Matanza","Tapiales","ADSL","11"
"6427010","BUENOS AIRES","La Matanza","Tapiales","CABLEMODEM","5.324"
"6427010","BUENOS AIRES","La Matanza","Tapiales","CELULAR","4"
"6427010","BUENOS AIRES","La Matanza","Tapiales","DIAL UP","24"
"6427010","BUENOS AIRES","La Matanza","Tapiales","FIBRA OPTICA","12.555"
"6427010","BUENOS AIRES","La Matanza","Tapiales","SATELITAL","54"
"6427010","BUENOS AIRES","La Matanza","Tapiales","WIRELESS","5"
"6427010","BUENOS AIRES","La Matanza","Villa  Eduardo Madero","ADSL","11"
"6427010","BUENOS AIRES","La Matanza","Villa  Eduardo Madero","CABLEMODEM","15.272"
"6427010","BUENOS AIRES","La Matanza","Villa  Eduardo Madero","DIAL UP","46"
"6427010","BUENOS AIRES","La Matanza","Villa  Eduardo Madero","FIBRA OPTICA","15.484"
"6427010","BUENOS AIRES","La Matanza","Villa  Eduardo Madero","SATELITAL","180"
"6427010","BUENOS AIRES","La Matanza","Villa  Eduardo Madero","WIRELESS","99"
"6427010","BUENOS AIRES","La Matanza","Villa Luzuriaga","ADSL","2"
"6427010","BUENOS AIRES","La Matanza","Villa Luzuriaga","CABLEMODEM","15.359"
"6427010","BUENOS AIRES","La Matanza","Villa Luzuriaga","CELULAR","8"
"6427010","BUENOS AIRES","La Matanza","Villa Luzuriaga","DIAL UP","1"
"6427010","BUENOS AIRES","La Matanza","Villa Luzuriaga","FIBRA OPTICA","679"
"6427010","BUENOS AIRES","La Matanza","Villa Luzuriaga","SATELITAL","85"
"6427010","BUENOS AIRES","La Matanza","Villa Luzuriaga","WIRELESS","116"
"6427010","BUENOS AIRES","La Matanza","Virrey Del Pino","ADSL","4.527"
"6427010","BUENOS AIRES","La Matanza","Virrey Del Pino","CABLEMODEM","21.786"
"6427010","BUENOS AIRES","La Matanza","Virrey Del Pino","CELULAR","15"
"6427010","BUENOS AIRES","La Matanza","Virrey Del Pino","FIBRA OPTICA","4.902"
"6427010","BUENOS AIRES","La Matanza","Virrey Del Pino","SATELITAL","279"
"6427010","BUENOS AIRES","La Matanza","Virrey Del Pino","WIRELESS","241"
"6434010","BUENOS AIRES","Lanús","Gerli","ADSL","5"
"6434010","BUENOS AIRES","Lanús","Gerli","CABLEMODEM","4.612"
"6434010","BUENOS AIRES","Lanús","Gerli","DIAL UP","14"
"6434010","BUENOS AIRES","Lanús","Gerli","FIBRA OPTICA","8.186"
"6434010","BUENOS AIRES","Lanús","Gerli","SATELITAL","94"
"6434010","BUENOS AIRES","Lanús","Lanús Este","ADSL","13"
"6434010","BUENOS AIRES","Lanús","Lanús Este","CABLEMODEM","5.616"
"6434010","BUENOS AIRES","Lanús","Lanús Este","DIAL UP","70"
"6434010","BUENOS AIRES","Lanús","Lanús Este","FIBRA OPTICA","20.165"
"6434010","BUENOS AIRES","Lanús","Lanús Este","SATELITAL","114"
"6434010","BUENOS AIRES","Lanús","Lanús Este","WIRELESS","201"
"6434010","BUENOS AIRES","Lanús","Lanús Oeste","CABLEMODEM","27.039"
"6434010","BUENOS AIRES","Lanús","Lanús Oeste","CELULAR","15"
"6434010","BUENOS AIRES","Lanús","Lanús Oeste","FIBRA OPTICA","22.620"
"6434010","BUENOS AIRES","Lanús","Lanús Oeste","SATELITAL","117"
"6434010","BUENOS AIRES","Lanús","Lanús Oeste","WIRELESS","365"
"6434010","BUENOS AIRES","Lanús","Monte Chingolo","ADSL","4"
"6434010","BUENOS AIRES","Lanús","Monte Chingolo","CABLEMODEM","10.799"
"6434010","BUENOS AIRES","Lanús","Monte Chingolo","CELULAR","14"
"6434010","BUENOS AIRES","Lanús","Monte Chingolo","DIAL UP","39"
"6434010","BUENOS AIRES","Lanús","Monte Chingolo","FIBRA OPTICA","21.497"
"6434010","BUENOS AIRES","Lanús","Monte Chingolo","SATELITAL","43"
"6434010","BUENOS AIRES","Lanús","Remedios Escalada De San Martin","ADSL","5"
"6434010","BUENOS AIRES","Lanús","Remedios Escalada De San Martin","CABLEMODEM","11.549"
"6434010","BUENOS AIRES","Lanús","Remedios Escalada De San Martin","CELULAR","8"
"6434010","BUENOS AIRES","Lanús","Remedios Escalada De San Martin","DIAL UP","18"
"6434010","BUENOS AIRES","Lanús","Remedios Escalada De San Martin","FIBRA OPTICA","9.465"
"6434010","BUENOS AIRES","Lanús","Remedios Escalada De San Martin","SATELITAL","91"
"6434010","BUENOS AIRES","Lanús","Remedios Escalada De San Martin","WIRELESS","344"
"6434010","BUENOS AIRES","Lanús","Valentín Alsina","ADSL","15"
"6434010","BUENOS AIRES","Lanús","Valentín Alsina","CABLEMODEM","6.144"
"6434010","BUENOS AIRES","Lanús","Valentín Alsina","CELULAR","3"
"6434010","BUENOS AIRES","Lanús","Valentín Alsina","DIAL UP","71"
"6434010","BUENOS AIRES","Lanús","Valentín Alsina","FIBRA OPTICA","15.838"
"6434010","BUENOS AIRES","Lanús","Valentín Alsina","SATELITAL","132"
"6434010","BUENOS AIRES","Lanús","Valentín Alsina","WIRELESS","1"
"6441030","BUENOS AIRES","La Plata","Abasto","CABLEMODEM","535"
"6441030","BUENOS AIRES","La Plata","Abasto","FIBRA OPTICA","8.233"
"6441030","BUENOS AIRES","La Plata","Abasto","SATELITAL","109"
"6441030","BUENOS AIRES","La Plata","Abasto","WIRELESS","8"
"6441030","BUENOS AIRES","La Plata","Angel Etcheverry","CABLEMODEM","653"
"6441030","BUENOS AIRES","La Plata","Angel Etcheverry","SATELITAL","72"
"6441030","BUENOS AIRES","La Plata","Angel Etcheverry","WIRELESS","11"
"6441030","BUENOS AIRES","La Plata","Arana","FIBRA OPTICA","643"
"6441030","BUENOS AIRES","La Plata","Arana","SATELITAL","22"
"6441030","BUENOS AIRES","La Plata","Arana","WIRELESS","93"
"6441030","BUENOS AIRES","La Plata","Arturo Segui","CABLEMODEM","37"
"6441030","BUENOS AIRES","La Plata","Arturo Segui","FIBRA OPTICA","269"
"6441030","BUENOS AIRES","La Plata","Arturo Segui","SATELITAL","63"
"6441030","BUENOS AIRES","La Plata","Barrio El Carmen Oeste","SATELITAL","5"
"6441030","BUENOS AIRES","La Plata","Barrio El Carmen Oeste","WIRELESS","145"
"6441030","BUENOS AIRES","La Plata","Barrio El Peligro","ADSL","213"
"6441030","BUENOS AIRES","La Plata","Barrio El Peligro","FIBRA OPTICA","189"
"6441030","BUENOS AIRES","La Plata","Barrio El Peligro","SATELITAL","127"
"6441030","BUENOS AIRES","La Plata","Barrio Gambier","SATELITAL","95"
"6441030","BUENOS AIRES","La Plata","Barrio Gambier","WIRELESS","145"
"6441030","BUENOS AIRES","La Plata","Barrio Las Malvinas","SATELITAL","81"
"6441030","BUENOS AIRES","La Plata","Barrio Las Quintas","SATELITAL","65"
"6441030","BUENOS AIRES","La Plata","City Bell","CABLEMODEM","3.379"
"6441030","BUENOS AIRES","La Plata","City Bell","FIBRA OPTICA","3.586"
"6441030","BUENOS AIRES","La Plata","City Bell","SATELITAL","206"
"6441030","BUENOS AIRES","La Plata","City Bell","WIRELESS","145"
"6441030","BUENOS AIRES","La Plata","colonia la plata","ADSL","23"
"6441030","BUENOS AIRES","La Plata","colonia la plata","FIBRA OPTICA","19"
"6441010","BUENOS AIRES","La Plata","Country Club El Rodeo","FIBRA OPTICA","189"
"6441010","BUENOS AIRES","La Plata","Country Club El Rodeo","SATELITAL","144"
"6441030","BUENOS AIRES","La Plata","El Retiro","SATELITAL","44"
"6441030","BUENOS AIRES","La Plata","Esquina Negra","SATELITAL","127"
"6441020","BUENOS AIRES","La Plata","Ignacio Correas","Otros","2"
"6441020","BUENOS AIRES","La Plata","Ignacio Correas","SATELITAL","26"
"6441020","BUENOS AIRES","La Plata","Ignacio Correas","WIRELESS","46"
"6441030","BUENOS AIRES","La Plata","Joaquin Gorina","CABLEMODEM","176"
"6441030","BUENOS AIRES","La Plata","Joaquin Gorina","FIBRA OPTICA","767"
"6441030","BUENOS AIRES","La Plata","Joaquin Gorina","SATELITAL","71"
"6441030","BUENOS AIRES","La Plata","Jose Hernandez","CABLEMODEM","31"
"6441030","BUENOS AIRES","La Plata","Jose Hernandez","FIBRA OPTICA","145"
"6441030","BUENOS AIRES","La Plata","Jose Hernandez","SATELITAL","47"
"6441030","BUENOS AIRES","La Plata","Jose Melchor Romero","CABLEMODEM","851"
"6441030","BUENOS AIRES","La Plata","Jose Melchor Romero","FIBRA OPTICA","74"
"6441030","BUENOS AIRES","La Plata","Jose Melchor Romero","SATELITAL","61"
"6441030","BUENOS AIRES","La Plata","Jose Melchor Romero","WIRELESS","11"
"6441030","BUENOS AIRES","La Plata","La Cumbre","SATELITAL","162"
"6441030","BUENOS AIRES","La Plata","La Cumbre","WIRELESS","145"
"6441030","BUENOS AIRES","La Plata","La Plata","ADSL","1.179"
"6441030","BUENOS AIRES","La Plata","La Plata","CABLEMODEM","149.674"
"6441030","BUENOS AIRES","La Plata","La Plata","CELULAR","25"
"6441030","BUENOS AIRES","La Plata","La Plata","DIAL UP","438"
"6441030","BUENOS AIRES","La Plata","La Plata","FIBRA OPTICA","95.917"
"6441030","BUENOS AIRES","La Plata","La Plata","Otros","0"
"6441030","BUENOS AIRES","La Plata","La Plata","SATELITAL","794"
"6441030","BUENOS AIRES","La Plata","La Plata","WIRELESS","3.379"
"6441030","BUENOS AIRES","La Plata","La Providencia","SATELITAL","3"
"6441030","BUENOS AIRES","La Plata","Lisandro Olmos","CABLEMODEM","2.495"
"6441030","BUENOS AIRES","La Plata","Lisandro Olmos","FIBRA OPTICA","201"
"6441030","BUENOS AIRES","La Plata","Lisandro Olmos","SATELITAL","158"
"6441030","BUENOS AIRES","La Plata","Lisandro Olmos","WIRELESS","10"
"6441040","BUENOS AIRES","La Plata","Lomas de Copello","SATELITAL","22"
"6441030","BUENOS AIRES","La Plata","Los Hornos","CABLEMODEM","2.920"
"6441030","BUENOS AIRES","La Plata","Los Hornos","FIBRA OPTICA","8.104"
"6441030","BUENOS AIRES","La Plata","Los Hornos","SATELITAL","68"
"6441030","BUENOS AIRES","La Plata","Los Hornos","WIRELESS","149"
"6441030","BUENOS AIRES","La Plata","Manuel B Gonnet","CABLEMODEM","1.768"
"6441030","BUENOS AIRES","La Plata","Manuel B Gonnet","FIBRA OPTICA","4.577"
"6441030","BUENOS AIRES","La Plata","Manuel B Gonnet","SATELITAL","90"
"0","BUENOS AIRES","La Plata","Otros","SATELITAL","35"
"6441030","BUENOS AIRES","La Plata","Poblet","SATELITAL","232"
"6441030","BUENOS AIRES","La Plata","Ringuelet","CABLEMODEM","827"
"6441030","BUENOS AIRES","La Plata","Ringuelet","FIBRA OPTICA","810"
"6441030","BUENOS AIRES","La Plata","Ringuelet","SATELITAL","48"
"6441030","BUENOS AIRES","La Plata","Rufino De Elizalde","SATELITAL","66"
"6441030","BUENOS AIRES","La Plata","ruta del sol","ADSL","89"
"6441030","BUENOS AIRES","La Plata","ruta del sol","FIBRA OPTICA","81"
"6441030","BUENOS AIRES","La Plata","ruta del sol","SATELITAL","75"
"6441030","BUENOS AIRES","La Plata","Tolosa","CABLEMODEM","3.742"
"6441030","BUENOS AIRES","La Plata","Tolosa","FIBRA OPTICA","2.648"
"6441030","BUENOS AIRES","La Plata","Tolosa","SATELITAL","138"
"6441030","BUENOS AIRES","La Plata","Transradio","SATELITAL","66"
"6441030","BUENOS AIRES","La Plata","Villa Elisa","CABLEMODEM","2.311"
"6441030","BUENOS AIRES","La Plata","Villa Elisa","FIBRA OPTICA","1.435"
"6441030","BUENOS AIRES","La Plata","Villa Elisa","SATELITAL","117"
"6441030","BUENOS AIRES","La Plata","Villa Elisa","WIRELESS","145"
"6441030","BUENOS AIRES","La Plata","Villa Elvira","CABLEMODEM","4.406"
"6441030","BUENOS AIRES","La Plata","Villa Elvira","FIBRA OPTICA","2.408"
"6441030","BUENOS AIRES","La Plata","Villa Elvira","SATELITAL","118"
"6441030","BUENOS AIRES","La Plata","Villa Elvira","WIRELESS","170"
"6441030","BUENOS AIRES","La Plata","Villa Garibaldi","FIBRA OPTICA","830"
"6441030","BUENOS AIRES","La Plata","Villa Garibaldi","SATELITAL","36"
"6441030","BUENOS AIRES","La Plata","Villa Garibaldi","WIRELESS","164"
"6441030","BUENOS AIRES","La Plata","Villa Montoro","SATELITAL","58"
"6441030","BUENOS AIRES","La Plata","Villa Montoro","WIRELESS","145"
"6441030","BUENOS AIRES","La Plata","Villa Parque Sicardi","SATELITAL","84"
"6441030","BUENOS AIRES","La Plata","Villa Parque Sicardi","WIRELESS","145"
"6448010","BUENOS AIRES","Laprida","Laprida","CABLEMODEM","22"
"6448010","BUENOS AIRES","Laprida","Laprida","FIBRA OPTICA","3.324"
"6448010","BUENOS AIRES","Laprida","Laprida","SATELITAL","335"
"0","BUENOS AIRES","Laprida","Otros","SATELITAL","88"
"6448020","BUENOS AIRES","Laprida","Pueblo Nuevo","SATELITAL","10"
"6448020","BUENOS AIRES","Laprida","Pueblo Nuevo","WIRELESS","8"
"6448030","BUENOS AIRES","Laprida","Pueblo San Jorge","SATELITAL","29"
"6448030","BUENOS AIRES","Laprida","Pueblo San Jorge","WIRELESS","104"
"6455010","BUENOS AIRES","Las Flores","Coronel Boerr","SATELITAL","13"
"6455010","BUENOS AIRES","Las Flores","Coronel Boerr","WIRELESS","3"
"6455020","BUENOS AIRES","Las Flores","El Trigo","SATELITAL","13"
"6455020","BUENOS AIRES","Las Flores","El Trigo","WIRELESS","3"
"6455030","BUENOS AIRES","Las Flores","Las Flores","ADSL","579"
"6455030","BUENOS AIRES","Las Flores","Las Flores","FIBRA OPTICA","4.873"
"6455030","BUENOS AIRES","Las Flores","Las Flores","SATELITAL","494"
"6455030","BUENOS AIRES","Las Flores","Las Flores","WIRELESS","789"
"0","BUENOS AIRES","Las Flores","Otros","SATELITAL","93"
"6455040","BUENOS AIRES","Las Flores","Pardo","SATELITAL","42"
"6455040","BUENOS AIRES","Las Flores","Pardo","WIRELESS","4"
"6462010","BUENOS AIRES","Leandro N. Alem","Alberdi Viejo","SATELITAL","7"
"6462020","BUENOS AIRES","Leandro N. Alem","El Dorado","FIBRA OPTICA","4"
"6462020","BUENOS AIRES","Leandro N. Alem","El Dorado","SATELITAL","14"
"6462020","BUENOS AIRES","Leandro N. Alem","El Dorado","WIRELESS","105"
"6462030","BUENOS AIRES","Leandro N. Alem","Fortín Acha","SATELITAL","5"
"6462030","BUENOS AIRES","Leandro N. Alem","Fortín Acha","WIRELESS","43"
"6462040","BUENOS AIRES","Leandro N. Alem","Juan Bautista Alberdi  (Est. Alberdi)","ADSL","252"
"6462040","BUENOS AIRES","Leandro N. Alem","Juan Bautista Alberdi  (Est. Alberdi)","CABLEMODEM","457"
"6462040","BUENOS AIRES","Leandro N. Alem","Juan Bautista Alberdi  (Est. Alberdi)","FIBRA OPTICA","397"
"6462040","BUENOS AIRES","Leandro N. Alem","Juan Bautista Alberdi  (Est. Alberdi)","SATELITAL","54"
"6462040","BUENOS AIRES","Leandro N. Alem","Juan Bautista Alberdi  (Est. Alberdi)","WIRELESS","12"
"6462050","BUENOS AIRES","Leandro N. Alem","Leandro N. Alem","CABLEMODEM","43"
"6462050","BUENOS AIRES","Leandro N. Alem","Leandro N. Alem","FIBRA OPTICA","1"
"6462050","BUENOS AIRES","Leandro N. Alem","Leandro N. Alem","SATELITAL","56"
"6462050","BUENOS AIRES","Leandro N. Alem","Leandro N. Alem","WIRELESS","46"
"0","BUENOS AIRES","Leandro N. Alem","Otros","SATELITAL","23"
"6462060","BUENOS AIRES","Leandro N. Alem","Vedia","ADSL","335"
"6462060","BUENOS AIRES","Leandro N. Alem","Vedia","CABLEMODEM","1"
"6462060","BUENOS AIRES","Leandro N. Alem","Vedia","FIBRA OPTICA","22"
"6462060","BUENOS AIRES","Leandro N. Alem","Vedia","Otros","1.333"
"6462060","BUENOS AIRES","Leandro N. Alem","Vedia","SATELITAL","125"
"6462060","BUENOS AIRES","Leandro N. Alem","Vedia","WIRELESS","1.108"
"6469010","BUENOS AIRES","Lincoln","Arenaza","FIBRA OPTICA","293"
"6469010","BUENOS AIRES","Lincoln","Arenaza","SATELITAL","61"
"6469020","BUENOS AIRES","Lincoln","Bayauca","SATELITAL","50"
"6469020","BUENOS AIRES","Lincoln","Bayauca","WIRELESS","90"
"6469030","BUENOS AIRES","Lincoln","Bermúdez","SATELITAL","11"
"6469040","BUENOS AIRES","Lincoln","Carlos Salas","SATELITAL","11"
"6469040","BUENOS AIRES","Lincoln","Carlos Salas","WIRELESS","113"
"6469050","BUENOS AIRES","Lincoln","Coronel Martínez de Hoz  (Ap. Kilómetro 322)","ADSL","14"
"6469050","BUENOS AIRES","Lincoln","Coronel Martínez de Hoz  (Ap. Kilómetro 322)","CABLEMODEM","16"
"6469050","BUENOS AIRES","Lincoln","Coronel Martínez de Hoz  (Ap. Kilómetro 322)","FIBRA OPTICA","323"
"6469050","BUENOS AIRES","Lincoln","Coronel Martínez de Hoz  (Ap. Kilómetro 322)","SATELITAL","42"
"6469050","BUENOS AIRES","Lincoln","Coronel Martínez de Hoz  (Ap. Kilómetro 322)","WIRELESS","15"
"6469060","BUENOS AIRES","Lincoln","El Triunfo","FIBRA OPTICA","323"
"6469060","BUENOS AIRES","Lincoln","El Triunfo","SATELITAL","33"
"6469070","BUENOS AIRES","Lincoln","Las Toscas","ADSL","330"
"6469070","BUENOS AIRES","Lincoln","Las Toscas","SATELITAL","22"
"6469080","BUENOS AIRES","Lincoln","Lincoln","ADSL","413"
"6469080","BUENOS AIRES","Lincoln","Lincoln","CABLEMODEM","9.649"
"6469080","BUENOS AIRES","Lincoln","Lincoln","DIAL UP","35"
"6469080","BUENOS AIRES","Lincoln","Lincoln","FIBRA OPTICA","50"
"6469080","BUENOS AIRES","Lincoln","Lincoln","SATELITAL","918"
"0","BUENOS AIRES","Lincoln","Otros","SATELITAL","102"
"6469090","BUENOS AIRES","Lincoln","Pasteur","SATELITAL","126"
"6469090","BUENOS AIRES","Lincoln","Pasteur","WIRELESS","450"
"6469100","BUENOS AIRES","Lincoln","Roberts","FIBRA OPTICA","747"
"6469100","BUENOS AIRES","Lincoln","Roberts","SATELITAL","132"
"6469110","BUENOS AIRES","Lincoln","Triunvirato","SATELITAL","5"
"6476010","BUENOS AIRES","Lobería","Arenas Verdes","SATELITAL","78"
"6476020","BUENOS AIRES","Lobería","Licenciado Matienzo","SATELITAL","21"
"6476020","BUENOS AIRES","Lobería","Licenciado Matienzo","WIRELESS","26"
"6476030","BUENOS AIRES","Lobería","Lobería","ADSL","414"
"6476030","BUENOS AIRES","Lobería","Lobería","DIAL UP","4"
"6476030","BUENOS AIRES","Lobería","Lobería","FIBRA OPTICA","1.950"
"6476030","BUENOS AIRES","Lobería","Lobería","SATELITAL","358"
"6476030","BUENOS AIRES","Lobería","Lobería","WIRELESS","427"
"0","BUENOS AIRES","Lobería","Otros","SATELITAL","182"
"6476040","BUENOS AIRES","Lobería","Pieres","SATELITAL","16"
"6476040","BUENOS AIRES","Lobería","Pieres","WIRELESS","3"
"6476050","BUENOS AIRES","Lobería","San Manuel","FIBRA OPTICA","418"
"6476050","BUENOS AIRES","Lobería","San Manuel","SATELITAL","68"
"6476050","BUENOS AIRES","Lobería","San Manuel","WIRELESS","151"
"6476060","BUENOS AIRES","Lobería","Tamangueyú","SATELITAL","34"
"6483010","BUENOS AIRES","Lobos","Antonio Carboni","FIBRA OPTICA","135"
"6483010","BUENOS AIRES","Lobos","Antonio Carboni","SATELITAL","10"
"6483010","BUENOS AIRES","Lobos","Antonio Carboni","WIRELESS","100"
"6483020","BUENOS AIRES","Lobos","Elvira","FIBRA OPTICA","72"
"6483020","BUENOS AIRES","Lobos","Elvira","SATELITAL","10"
"6483020","BUENOS AIRES","Lobos","Elvira","WIRELESS","57"
"6483030","BUENOS AIRES","Lobos","Laguna de Lobos","SATELITAL","63"
"6483040","BUENOS AIRES","Lobos","Lobos","ADSL","132"
"6483040","BUENOS AIRES","Lobos","Lobos","DIAL UP","8"
"6483040","BUENOS AIRES","Lobos","Lobos","FIBRA OPTICA","2.870"
"6483040","BUENOS AIRES","Lobos","Lobos","SATELITAL","446"
"6483040","BUENOS AIRES","Lobos","Lobos","WIRELESS","812"
"0","BUENOS AIRES","Lobos","Otros","SATELITAL","82"
"6483050","BUENOS AIRES","Lobos","Salvador María","ADSL","87"
"6483050","BUENOS AIRES","Lobos","Salvador María","FIBRA OPTICA","605"
"6483050","BUENOS AIRES","Lobos","Salvador María","SATELITAL","55"
"6483050","BUENOS AIRES","Lobos","Salvador María","WIRELESS","160"
"6490010","BUENOS AIRES","Lomas De Zamora","Banfield","ADSL","13"
"6490010","BUENOS AIRES","Lomas De Zamora","Banfield","CABLEMODEM","58.662"
"6490010","BUENOS AIRES","Lomas De Zamora","Banfield","CELULAR","16"
"6490010","BUENOS AIRES","Lomas De Zamora","Banfield","DIAL UP","72"
"6490010","BUENOS AIRES","Lomas De Zamora","Banfield","FIBRA OPTICA","20.803"
"6490010","BUENOS AIRES","Lomas De Zamora","Banfield","SATELITAL","80"
"6490010","BUENOS AIRES","Lomas De Zamora","Llavallol","ADSL","8"
"6490010","BUENOS AIRES","Lomas De Zamora","Llavallol","CABLEMODEM","6.744"
"6490010","BUENOS AIRES","Lomas De Zamora","Llavallol","CELULAR","11"
"6490010","BUENOS AIRES","Lomas De Zamora","Llavallol","DIAL UP","29"
"6490010","BUENOS AIRES","Lomas De Zamora","Llavallol","FIBRA OPTICA","9.228"
"6490010","BUENOS AIRES","Lomas de Zamora","Llavallol","SATELITAL","52"
"6490010","BUENOS AIRES","Lomas De Zamora","Llavallol","WIRELESS","1"
"6490010","BUENOS AIRES","Lomas De Zamora","Lomas De Zamora","ADSL","22"
"6490010","BUENOS AIRES","Lomas De Zamora","Lomas De Zamora","CABLEMODEM","29.913"
"6490010","BUENOS AIRES","Lomas De Zamora","Lomas De Zamora","CELULAR","4"
"6490010","BUENOS AIRES","Lomas De Zamora","Lomas De Zamora","DIAL UP","95"
"6490010","BUENOS AIRES","Lomas De Zamora","Lomas De Zamora","FIBRA OPTICA","21.127"
"6490010","BUENOS AIRES","Lomas De Zamora","Lomas De Zamora","SATELITAL","196"
"6490010","BUENOS AIRES","Lomas De Zamora","Lomas De Zamora","WIRELESS","2.335"
"6490010","BUENOS AIRES","Lomas De Zamora","Temperley","ADSL","4"
"6490010","BUENOS AIRES","Lomas De Zamora","Temperley","CABLEMODEM","21.736"
"6490010","BUENOS AIRES","Lomas De Zamora","Temperley","CELULAR","12"
"6490010","BUENOS AIRES","Lomas De Zamora","Temperley","DIAL UP","18"
"6490010","BUENOS AIRES","Lomas De Zamora","Temperley","FIBRA OPTICA","14.358"
"6490010","BUENOS AIRES","Lomas De Zamora","Temperley","SATELITAL","223"
"6490010","BUENOS AIRES","Lomas De Zamora","Turdera","ADSL","4"
"6490010","BUENOS AIRES","Lomas De Zamora","Turdera","CABLEMODEM","2.150"
"6490010","BUENOS AIRES","Lomas De Zamora","Turdera","DIAL UP","19"
"6490010","BUENOS AIRES","Lomas De Zamora","Turdera","FIBRA OPTICA","8.390"
"6490010","BUENOS AIRES","Lomas de Zamora","Turdera","SATELITAL","75"
"6490010","BUENOS AIRES","Lomas De Zamora","Villa Centenario","CABLEMODEM","45"
"6490010","BUENOS AIRES","Lomas De Zamora","Villa Centenario","FIBRA OPTICA","1"
"6490010","BUENOS AIRES","Lomas de Zamora","Villa Centenario","SATELITAL","62"
"6490010","BUENOS AIRES","Lomas De Zamora","Villa Centenario","WIRELESS","300"
"6490010","BUENOS AIRES","Lomas De Zamora","Villa Fiorito","CABLEMODEM","229"
"6490010","BUENOS AIRES","Lomas De Zamora","Villa Fiorito","CELULAR","9"
"6490010","BUENOS AIRES","Lomas De Zamora","Villa Fiorito","FIBRA OPTICA","1.749"
"6490010","BUENOS AIRES","Lomas de Zamora","Villa Fiorito","SATELITAL","48"
"6490010","BUENOS AIRES","Lomas De Zamora","Villa Fiorito","WIRELESS","667"
"6497060","BUENOS AIRES","Luján","Barrio Las Casuarinas","FIBRA OPTICA","197"
"6497060","BUENOS AIRES","Luján","Barrio Las Casuarinas","SATELITAL","82"
"6497060","BUENOS AIRES","Luján","Barrio Las Casuarinas","WIRELESS","25"
"6497020","BUENOS AIRES","Luján","Carlos Keen","SATELITAL","93"
"6497020","BUENOS AIRES","Luján","Carlos Keen","WIRELESS","20"
"6497025","BUENOS AIRES","Luján","Club de Campo Los Puentes","SATELITAL","71"
"6497060","BUENOS AIRES","Luján","Cortines","ADSL","1"
"6497060","BUENOS AIRES","Luján","Cortines","CABLEMODEM","27"
"6497060","BUENOS AIRES","Luján","Cortines","FIBRA OPTICA","512"
"6497060","BUENOS AIRES","Luján","Cortines","SATELITAL","37"
"6497060","BUENOS AIRES","Luján","Cortines","WIRELESS","42"
"6497070","BUENOS AIRES","Luján","Country Club Las Praderas","SATELITAL","74"
"6497060","BUENOS AIRES","Luján","José María Jáuregui (Est. Jáuregui)","ADSL","76"
"6497060","BUENOS AIRES","Luján","José María Jáuregui (Est. Jáuregui)","CABLEMODEM","1.572"
"6497060","BUENOS AIRES","Luján","José María Jáuregui (Est. Jáuregui)","FIBRA OPTICA","3.352"
"6497060","BUENOS AIRES","Luján","José María Jáuregui (Est. Jáuregui)","SATELITAL","63"
"6497060","BUENOS AIRES","Luján","José María Jáuregui (Est. Jáuregui)","WIRELESS","20"
"6497060","BUENOS AIRES","Luján","Lezica y Torrezuri","SATELITAL","95"
"6497060","BUENOS AIRES","Luján","Lezica y Torrezuri","WIRELESS","38"
"6497060","BUENOS AIRES","Luján","Luján","ADSL","43"
"6497060","BUENOS AIRES","Luján","Luján","CABLEMODEM","15.501"
"6497060","BUENOS AIRES","Luján","Luján","CELULAR","9"
"6497060","BUENOS AIRES","Luján","Luján","DIAL UP","35"
"6497060","BUENOS AIRES","Luján","Luján","FIBRA OPTICA","22.040"
"6497060","BUENOS AIRES","Luján","Luján","SATELITAL","480"
"6497060","BUENOS AIRES","Luján","Luján","WIRELESS","410"
"6497070","BUENOS AIRES","Luján","Olivera","CELULAR","4"
"6497070","BUENOS AIRES","Luján","Olivera","FIBRA OPTICA","5"
"6497070","BUENOS AIRES","Luján","Olivera","SATELITAL","49"
"6497070","BUENOS AIRES","Luján","Olivera","WIRELESS","42"
"6497060","BUENOS AIRES","Luján","Open Door  (Est. Dr. Domingo Cabred)","CABLEMODEM","2"
"6497060","BUENOS AIRES","Luján","Open Door  (Est. Dr. Domingo Cabred)","CELULAR","1"
"6497060","BUENOS AIRES","Luján","Open Door  (Est. Dr. Domingo Cabred)","DIAL UP","4"
"6497060","BUENOS AIRES","Luján","Open Door  (Est. Dr. Domingo Cabred)","FIBRA OPTICA","1.087"
"6497060","BUENOS AIRES","Luján","Open Door  (Est. Dr. Domingo Cabred)","SATELITAL","210"
"6497060","BUENOS AIRES","Luján","Open Door  (Est. Dr. Domingo Cabred)","WIRELESS","50"
"0","BUENOS AIRES","Luján","Otros","SATELITAL","25"
"0","BUENOS AIRES","Luján","OTROS","WIRELESS","42"
"6497090","BUENOS AIRES","Luján","Torres","ADSL","33"
"6497090","BUENOS AIRES","Luján","Torres","CABLEMODEM","39"
"6497090","BUENOS AIRES","Luján","Torres","FIBRA OPTICA","2"
"6497090","BUENOS AIRES","Luján","Torres","SATELITAL","36"
"6497090","BUENOS AIRES","Luján","Torres","WIRELESS","21"
"6505010","BUENOS AIRES","Magdalena","Atalaya","FIBRA OPTICA","2"
"6505010","BUENOS AIRES","Magdalena","Atalaya","SATELITAL","24"
"6505020","BUENOS AIRES","Magdalena","General Mansilla  (Est. Bartolomé Bavio)","CABLEMODEM","544"
"6505020","BUENOS AIRES","Magdalena","General Mansilla  (Est. Bartolomé Bavio)","FIBRA OPTICA","465"
"6505020","BUENOS AIRES","Magdalena","General Mansilla  (Est. Bartolomé Bavio)","SATELITAL","93"
"6505020","BUENOS AIRES","Magdalena","General Mansilla  (Est. Bartolomé Bavio)","WIRELESS","22"
"6505030","BUENOS AIRES","Magdalena","Los Naranjos","SATELITAL","31"
"6505040","BUENOS AIRES","Magdalena","Magdalena","ADSL","353"
"6505040","BUENOS AIRES","Magdalena","Magdalena","DIAL UP","1"
"6505040","BUENOS AIRES","Magdalena","Magdalena","FIBRA OPTICA","4.294"
"6505040","BUENOS AIRES","Magdalena","Magdalena","SATELITAL","125"
"6505040","BUENOS AIRES","Magdalena","Magdalena","WIMAX","437"
"6505040","BUENOS AIRES","Magdalena","Magdalena","WIRELESS","100"
"0","BUENOS AIRES","Magdalena","Otros","SATELITAL","111"
"6505050","BUENOS AIRES","Magdalena","Roberto J. Payró","SATELITAL","40"
"6505060","BUENOS AIRES","Magdalena","Vieytes","FIBRA OPTICA","56"
"6505060","BUENOS AIRES","Magdalena","Vieytes","SATELITAL","38"
"6505060","BUENOS AIRES","Magdalena","Vieytes","WIRELESS","75"
"6511010","BUENOS AIRES","Maipú","Las Armas","ADSL","69"
"6511010","BUENOS AIRES","Maipú","Las Armas","FIBRA OPTICA","1"
"6511010","BUENOS AIRES","Maipú","Las Armas","SATELITAL","80"
"6511020","BUENOS AIRES","Maipú","Maipú","ADSL","239"
"6511020","BUENOS AIRES","Maipú","Maipú","CABLEMODEM","525"
"6511020","BUENOS AIRES","Maipú","Maipú","DIAL UP","6"
"6511020","BUENOS AIRES","Maipú","Maipú","FIBRA OPTICA","1.314"
"6511020","BUENOS AIRES","Maipú","Maipú","SATELITAL","120"
"0","BUENOS AIRES","Maipú","Otros","SATELITAL","70"
"6511030","BUENOS AIRES","Maipú","Santo Domingo","SATELITAL","21"
"6511030","BUENOS AIRES","Maipú","Santo Domingo","WIRELESS","2"
"6515010","BUENOS AIRES","Malvinas Argentinas","Area De Promocion El Triángulo","ADSL","101"
"6515010","BUENOS AIRES","Malvinas Argentinas","Area De Promocion El Triángulo","FIBRA OPTICA","234"
"6515010","BUENOS AIRES","Malvinas Argentinas","Area De Promocion El Triángulo","SATELITAL","294"
"6515010","BUENOS AIRES","Malvinas Argentinas","Area De Promocion El Triángulo","WIRELESS","3"
"6515010","BUENOS AIRES","Malvinas Argentinas","Grand Bourg","ADSL","477"
"6515010","BUENOS AIRES","Malvinas Argentinas","Grand Bourg","CABLEMODEM","6.826"
"6515010","BUENOS AIRES","Malvinas Argentinas","Grand Bourg","CELULAR","38"
"6515010","BUENOS AIRES","Malvinas Argentinas","Grand Bourg","FIBRA OPTICA","10.121"
"6515010","BUENOS AIRES","Malvinas Argentinas","Grand Bourg","SATELITAL","102"
"6515010","BUENOS AIRES","Malvinas Argentinas","Ingeniero Adolfo Sourdeaux","ADSL","20"
"6515010","BUENOS AIRES","Malvinas Argentinas","Ingeniero Adolfo Sourdeaux","CABLEMODEM","4.148"
"6515010","BUENOS AIRES","Malvinas Argentinas","Ingeniero Adolfo Sourdeaux","CELULAR","29"
"6515010","BUENOS AIRES","Malvinas Argentinas","Ingeniero Adolfo Sourdeaux","FIBRA OPTICA","15"
"6515010","BUENOS AIRES","Malvinas Argentinas","Ingeniero Adolfo Sourdeaux","SATELITAL","55"
"6515010","BUENOS AIRES","Malvinas Argentinas","Ingeniero Adolfo Sourdeaux","WIRELESS","110"
"6515010","BUENOS AIRES","Malvinas Argentinas","Ingeniero Pablo Nogués","ADSL","4"
"6515010","BUENOS AIRES","Malvinas Argentinas","Ingeniero Pablo Nogués","CABLEMODEM","3.313"
"6515010","BUENOS AIRES","Malvinas Argentinas","Ingeniero Pablo Nogués","CELULAR","18"
"6515010","BUENOS AIRES","Malvinas Argentinas","Ingeniero Pablo Nogués","DIAL UP","3"
"6515010","BUENOS AIRES","Malvinas Argentinas","Ingeniero Pablo Nogués","FIBRA OPTICA","2.646"
"6515010","BUENOS AIRES","Malvinas Argentinas","Ingeniero Pablo Nogués","SATELITAL","195"
"6515010","BUENOS AIRES","Malvinas Argentinas","Los Polvorines","ADSL","13"
"6515010","BUENOS AIRES","Malvinas Argentinas","Los Polvorines","CABLEMODEM","7.228"
"6515010","BUENOS AIRES","Malvinas Argentinas","Los Polvorines","CELULAR","38"
"6515010","BUENOS AIRES","Malvinas Argentinas","Los Polvorines","DIAL UP","23"
"6515010","BUENOS AIRES","Malvinas Argentinas","Los Polvorines","FIBRA OPTICA","7.738"
"6515010","BUENOS AIRES","Malvinas Argentinas","Los Polvorines","SATELITAL","110"
"6515010","BUENOS AIRES","Malvinas Argentinas","Los Polvorines","WIRELESS","1"
"6515010","BUENOS AIRES","Malvinas Argentinas","Malvinas Argentinas","CABLEMODEM","73"
"6515010","BUENOS AIRES","Malvinas Argentinas","Malvinas Argentinas","CELULAR","3"
"6515010","BUENOS AIRES","Malvinas Argentinas","Malvinas Argentinas","FIBRA OPTICA","23"
"6515010","BUENOS AIRES","Malvinas Argentinas","Malvinas Argentinas","WIRELESS","13"
"6515010","BUENOS AIRES","Malvinas Argentinas","Tortuguitas","ADSL","199"
"6515010","BUENOS AIRES","Malvinas Argentinas","Tortuguitas","CABLEMODEM","4.054"
"6515010","BUENOS AIRES","Malvinas Argentinas","Tortuguitas","CELULAR","14"
"6515010","BUENOS AIRES","Malvinas Argentinas","Tortuguitas","FIBRA OPTICA","13.217"
"6515010","BUENOS AIRES","Malvinas Argentinas","Tortuguitas","OTROS","1"
"6515010","BUENOS AIRES","Malvinas Argentinas","Tortuguitas","SATELITAL","96"
"6515010","BUENOS AIRES","Malvinas Argentinas","Tortuguitas","WIRELESS","4"
"6515010","BUENOS AIRES","Malvinas Argentinas","Villa De Mayo","ADSL","1"
"6515010","BUENOS AIRES","Malvinas Argentinas","Villa De Mayo","CABLEMODEM","3.639"
"6515010","BUENOS AIRES","Malvinas Argentinas","Villa De Mayo","CELULAR","17"
"6515010","BUENOS AIRES","Malvinas Argentinas","Villa De Mayo","DIAL UP","3"
"6515010","BUENOS AIRES","Malvinas Argentinas","Villa De Mayo","FIBRA OPTICA","3.274"
"6515010","BUENOS AIRES","Malvinas Argentinas","Villa De Mayo","SATELITAL","71"
"6515010","BUENOS AIRES","Malvinas Argentinas","Villa De Mayo","WIRELESS","22"
"6518020","BUENOS AIRES","Mar Chiquita","Atlantida","SATELITAL","78"
"6518020","BUENOS AIRES","Mar Chiquita","Camet Norte","SATELITAL","135"
"6518010","BUENOS AIRES","Mar Chiquita","Coronel Vidal","ADSL","2"
"6518010","BUENOS AIRES","Mar Chiquita","Coronel Vidal","CABLEMODEM","973"
"6518010","BUENOS AIRES","Mar Chiquita","Coronel Vidal","FIBRA OPTICA","1.034"
"6518010","BUENOS AIRES","Mar Chiquita","Coronel Vidal","SATELITAL","237"
"6518010","BUENOS AIRES","Mar Chiquita","Coronel Vidal","WIRELESS","320"
"6518020","BUENOS AIRES","Mar Chiquita","Frente Mar","SATELITAL","46"
"6518020","BUENOS AIRES","Mar Chiquita","General Pirán","DIAL UP","1"
"6518020","BUENOS AIRES","Mar Chiquita","General Pirán","FIBRA OPTICA","844"
"6518020","BUENOS AIRES","Mar Chiquita","General Pirán","SATELITAL","112"
"6518020","BUENOS AIRES","Mar Chiquita","General Pirán","WIRELESS","40"
"6518030","BUENOS AIRES","Mar Chiquita","La Armonía","SATELITAL","40"
"6518030","BUENOS AIRES","Mar Chiquita","La Armonía","WIRELESS","101"
"6518020","BUENOS AIRES","Mar Chiquita","La Baliza","SATELITAL","91"
"6518020","BUENOS AIRES","Mar Chiquita","La Caleta","SATELITAL","54"
"6518020","BUENOS AIRES","Mar Chiquita","La Caleta","WIRELESS","157"
"6518040","BUENOS AIRES","Mar Chiquita","Mar Chiquita","SATELITAL","73"
"6518050","BUENOS AIRES","Mar Chiquita","Mar de Cobo","ADSL","98"
"6518050","BUENOS AIRES","Mar Chiquita","Mar de Cobo","DIAL UP","1"
"6518050","BUENOS AIRES","Mar Chiquita","Mar de Cobo","FIBRA OPTICA","1.830"
"6518050","BUENOS AIRES","Mar Chiquita","Mar de Cobo","SATELITAL","84"
"6518050","BUENOS AIRES","Mar Chiquita","Mar de Cobo","WIRELESS","480"
"0","BUENOS AIRES","Mar Chiquita","Otros","SATELITAL","53"
"6518020","BUENOS AIRES","Mar Chiquita","Playa Dorada","SATELITAL","40"
"6518060","BUENOS AIRES","Mar Chiquita","Santa Clara del Mar","ADSL","1.617"
"6518060","BUENOS AIRES","Mar Chiquita","Santa Clara del Mar","CABLEMODEM","2.201"
"6518060","BUENOS AIRES","Mar Chiquita","Santa Clara del Mar","FIBRA OPTICA","2.402"
"6518060","BUENOS AIRES","Mar Chiquita","Santa Clara del Mar","SATELITAL","253"
"6518060","BUENOS AIRES","Mar Chiquita","Santa Clara del Mar","WIRELESS","558"
"6518020","BUENOS AIRES","Mar Chiquita","Santa Elena","SATELITAL","34"
"6518070","BUENOS AIRES","Mar Chiquita","Vivoratá","FIBRA OPTICA","12"
"6518070","BUENOS AIRES","Mar Chiquita","Vivoratá","SATELITAL","37"
"6518070","BUENOS AIRES","Mar Chiquita","Vivoratá","WIRELESS","450"
"6525010","BUENOS AIRES","Marcos Paz","Barrio Santa Rosa","SATELITAL","35"
"6525020","BUENOS AIRES","Marcos Paz","Marcos Paz","ADSL","328"
"6525020","BUENOS AIRES","Marcos Paz","Marcos Paz","CABLEMODEM","8.912"
"6525020","BUENOS AIRES","Marcos Paz","Marcos Paz","CELULAR","6"
"6525020","BUENOS AIRES","Marcos Paz","Marcos Paz","DIAL UP","8"
"6525020","BUENOS AIRES","Marcos Paz","Marcos Paz","FIBRA OPTICA","6.248"
"6525020","BUENOS AIRES","Marcos Paz","Marcos Paz","SATELITAL","325"
"6525020","BUENOS AIRES","Marcos Paz","Marcos Paz","WIRELESS","11"
"0","BUENOS AIRES","Marcos Paz","Otros","SATELITAL","8"
"6532005","BUENOS AIRES","Mercedes","Goldney","SATELITAL","26"
"6532005","BUENOS AIRES","Mercedes","Goldney","WIRELESS","1"
"6532010","BUENOS AIRES","Mercedes","Gowland","FIBRA OPTICA","1"
"6532010","BUENOS AIRES","Mercedes","Gowland","SATELITAL","86"
"6532010","BUENOS AIRES","Mercedes","Gowland","WIRELESS","104"
"6532030","BUENOS AIRES","Mercedes","Jorge Born","SATELITAL","60"
"6532030","BUENOS AIRES","Mercedes","Jorge Born","WIRELESS","5"
"6532020","BUENOS AIRES","Mercedes","Mercedes","ADSL","187"
"6532020","BUENOS AIRES","Mercedes","Mercedes","CABLEMODEM","7.647"
"6532020","BUENOS AIRES","Mercedes","Mercedes","DIAL UP","54"
"6532020","BUENOS AIRES","Mercedes","Mercedes","FIBRA OPTICA","5.341"
"6532020","BUENOS AIRES","Mercedes","Mercedes","SATELITAL","480"
"6532020","BUENOS AIRES","Mercedes","Mercedes","WIRELESS","1.597"
"0","BUENOS AIRES","Mercedes","Otros","SATELITAL","52"
"6539010","BUENOS AIRES","Merlo","Libertad","ADSL","4"
"6539010","BUENOS AIRES","Merlo","Libertad","CABLEMODEM","12.996"
"6539010","BUENOS AIRES","Merlo","Libertad","CELULAR","34"
"6539010","BUENOS AIRES","Merlo","Libertad","DIAL UP","12"
"6539010","BUENOS AIRES","Merlo","Libertad","FIBRA OPTICA","19.789"
"6539010","BUENOS AIRES","Merlo","Libertad","SATELITAL","99"
"6539010","BUENOS AIRES","Merlo","Libertad","WIRELESS","1.733"
"6539010","BUENOS AIRES","Merlo","Mariano Acosta","ADSL","210"
"6539010","BUENOS AIRES","Merlo","Mariano Acosta","CABLEMODEM","8.739"
"6539010","BUENOS AIRES","Merlo","Mariano Acosta","CELULAR","34"
"6539010","BUENOS AIRES","Merlo","Mariano Acosta","FIBRA OPTICA","9.212"
"6539010","BUENOS AIRES","Merlo","Mariano Acosta","SATELITAL","150"
"6539010","BUENOS AIRES","Merlo","Mariano Acosta","WIRELESS","0"
"6539010","BUENOS AIRES","Merlo","Merlo","ADSL","39"
"6539010","BUENOS AIRES","Merlo","Merlo","CABLEMODEM","39.534"
"6539010","BUENOS AIRES","Merlo","Merlo","CELULAR","50"
"6539010","BUENOS AIRES","Merlo","Merlo","DIAL UP","61"
"6539010","BUENOS AIRES","Merlo","Merlo","FIBRA OPTICA","32.823"
"6539010","BUENOS AIRES","Merlo","Merlo","SATELITAL","148"
"6539010","BUENOS AIRES","Merlo","Merlo","WIRELESS","1.184"
"6539010","BUENOS AIRES","Merlo","Pontevedra","ADSL","2"
"6539010","BUENOS AIRES","Merlo","Pontevedra","CABLEMODEM","4.288"
"6539010","BUENOS AIRES","Merlo","Pontevedra","CELULAR","11"
"6539010","BUENOS AIRES","Merlo","Pontevedra","DIAL UP","2"
"6539010","BUENOS AIRES","Merlo","Pontevedra","FIBRA OPTICA","7.001"
"6539010","BUENOS AIRES","Merlo","Pontevedra","SATELITAL","162"
"6539010","BUENOS AIRES","Merlo","Pontevedra","WIRELESS","352"
"6539010","BUENOS AIRES","Merlo","San Antonio De Padua","ADSL","3"
"6539010","BUENOS AIRES","Merlo","San Antonio De Padua","CABLEMODEM","7.725"
"6539010","BUENOS AIRES","Merlo","San Antonio De Padua","CELULAR","18"
"6539010","BUENOS AIRES","Merlo","San Antonio De Padua","DIAL UP","3"
"6539010","BUENOS AIRES","Merlo","San Antonio De Padua","FIBRA OPTICA","7.233"
"6539010","BUENOS AIRES","Merlo","San Antonio De Padua","SATELITAL","126"
"6539010","BUENOS AIRES","Merlo","San Antonio De Padua","WIRELESS","460"
"6547010","BUENOS AIRES","Monte","Abbott","FIBRA OPTICA","248"
"6547010","BUENOS AIRES","Monte","Abbott","SATELITAL","52"
"6547010","BUENOS AIRES","Monte","Abbott","WIRELESS","25"
"0","BUENOS AIRES","Monte","Otros","SATELITAL","100"
"6547020","BUENOS AIRES","Monte","San Miguel del Monte  (Est. Monte)","ADSL","530"
"6547020","BUENOS AIRES","Monte","San Miguel del Monte  (Est. Monte)","CABLEMODEM","34"
"6547020","BUENOS AIRES","Monte","San Miguel del Monte  (Est. Monte)","DIAL UP","3"
"6547020","BUENOS AIRES","Monte","San Miguel del Monte  (Est. Monte)","FIBRA OPTICA","4.586"
"6547020","BUENOS AIRES","Monte","San Miguel del Monte  (Est. Monte)","SATELITAL","515"
"6547020","BUENOS AIRES","Monte","San Miguel del Monte  (Est. Monte)","WIRELESS","386"
"6547030","BUENOS AIRES","Monte","Zenón Videla Dorna","SATELITAL","45"
"6553010","BUENOS AIRES","Monte Hermoso","Balneario Sauce Grande","FIBRA OPTICA","967"
"6553010","BUENOS AIRES","Monte Hermoso","Balneario Sauce Grande","SATELITAL","99"
"6553020","BUENOS AIRES","Monte Hermoso","Monte Hermoso","FIBRA OPTICA","6.269"
"6553020","BUENOS AIRES","Monte Hermoso","Monte Hermoso","SATELITAL","390"
"6560010","BUENOS AIRES","Moreno","Cuartel V","CABLEMODEM","22"
"6560010","BUENOS AIRES","Moreno","Cuartel V","CELULAR","7"
"6560010","BUENOS AIRES","Moreno","Cuartel V","DIAL UP","3"
"6560010","BUENOS AIRES","Moreno","Cuartel V","FIBRA OPTICA","3.253"
"6560010","BUENOS AIRES","Moreno","Cuartel V","SATELITAL","100"
"6560010","BUENOS AIRES","Moreno","Cuartel V","WIRELESS","530"
"6560010","BUENOS AIRES","Moreno","Francisco Alvarez","ADSL","2"
"6560010","BUENOS AIRES","Moreno","Francisco Alvarez","CABLEMODEM","3.293"
"6560010","BUENOS AIRES","Moreno","Francisco Alvarez","CELULAR","11"
"6560010","BUENOS AIRES","Moreno","Francisco Alvarez","DIAL UP","9"
"6560010","BUENOS AIRES","Moreno","Francisco Alvarez","FIBRA OPTICA","9.570"
"6560010","BUENOS AIRES","Moreno","Francisco Alvarez","Otros","98"
"6560010","BUENOS AIRES","Moreno","Francisco Alvarez","SATELITAL","504"
"6560010","BUENOS AIRES","Moreno","Francisco Alvarez","WIRELESS","199"
"6560010","BUENOS AIRES","Moreno","La Reja","CABLEMODEM","4.770"
"6560010","BUENOS AIRES","Moreno","La Reja","CELULAR","21"
"6560010","BUENOS AIRES","Moreno","La Reja","DIAL UP","7"
"6560010","BUENOS AIRES","Moreno","La Reja","FIBRA OPTICA","11.071"
"6560010","BUENOS AIRES","Moreno","La Reja","Otros","493"
"6560010","BUENOS AIRES","Moreno","La Reja","SATELITAL","210"
"6560010","BUENOS AIRES","Moreno","La Reja","WIRELESS","150"
"6560010","BUENOS AIRES","Moreno","Moreno","ADSL","145"
"6560010","BUENOS AIRES","Moreno","Moreno","CABLEMODEM","49.501"
"6560010","BUENOS AIRES","Moreno","Moreno","CELULAR","34"
"6560010","BUENOS AIRES","Moreno","Moreno","DIAL UP","79"
"6560010","BUENOS AIRES","Moreno","Moreno","FIBRA OPTICA","30.183"
"6560010","BUENOS AIRES","Moreno","Moreno","Otros","147"
"6560010","BUENOS AIRES","Moreno","Moreno","SATELITAL","233"
"6560010","BUENOS AIRES","Moreno","Moreno","WIRELESS","708"
"6560010","BUENOS AIRES","Moreno","Paso Del Rey","CABLEMODEM","5.538"
"6560010","BUENOS AIRES","Moreno","Paso Del Rey","CELULAR","9"
"6560010","BUENOS AIRES","Moreno","Paso Del Rey","FIBRA OPTICA","4.242"
"6560010","BUENOS AIRES","Moreno","Paso Del Rey","SATELITAL","125"
"6560010","BUENOS AIRES","Moreno","Paso Del Rey","WIRELESS","72"
"6560010","BUENOS AIRES","Moreno","Trujui","ADSL","5"
"6560010","BUENOS AIRES","Moreno","Trujui","CABLEMODEM","3.254"
"6560010","BUENOS AIRES","Moreno","Trujui","CELULAR","33"
"6560010","BUENOS AIRES","Moreno","Trujui","DIAL UP","11"
"6560010","BUENOS AIRES","Moreno","Trujui","FIBRA OPTICA","21.309"
"6560010","BUENOS AIRES","Moreno","Trujui","SATELITAL","72"
"6560010","BUENOS AIRES","Moreno","Trujui","WIRELESS","110"
"6568010","BUENOS AIRES","Morón","Castelar","CABLEMODEM","18.498"
"6568010","BUENOS AIRES","Morón","Castelar","CELULAR","6"
"6568010","BUENOS AIRES","Morón","Castelar","FIBRA OPTICA","12.897"
"6568010","BUENOS AIRES","Morón","Castelar","Otros","1.186"
"6568010","BUENOS AIRES","Morón","Castelar","SATELITAL","152"
"6568010","BUENOS AIRES","Morón","Castelar","WIRELESS","101"
"6568010","BUENOS AIRES","Morón","El Palomar","ADSL","2"
"6568010","BUENOS AIRES","Morón","El Palomar","CABLEMODEM","9.982"
"6568010","BUENOS AIRES","Morón","El Palomar","CELULAR","3"
"6568010","BUENOS AIRES","Morón","El Palomar","FIBRA OPTICA","5.356"
"6568010","BUENOS AIRES","Morón","El Palomar","SATELITAL","72"
"6568010","BUENOS AIRES","Morón","El Palomar","WIRELESS","19"
"6568010","BUENOS AIRES","Morón","Haedo","ADSL","7"
"6568010","BUENOS AIRES","Morón","Haedo","CABLEMODEM","9.829"
"6568010","BUENOS AIRES","Morón","Haedo","DIAL UP","92"
"6568010","BUENOS AIRES","Morón","Haedo","FIBRA OPTICA","16.457"
"6568010","BUENOS AIRES","Morón","Haedo","SATELITAL","154"
"6568010","BUENOS AIRES","Morón","Haedo","WIRELESS","34"
"6568010","BUENOS AIRES","Morón","Moron","ADSL","26"
"6568010","BUENOS AIRES","Morón","Moron","CABLEMODEM","21.874"
"6568010","BUENOS AIRES","Morón","Moron","CELULAR","2"
"6568010","BUENOS AIRES","Morón","Moron","DIAL UP","64"
"6568010","BUENOS AIRES","Morón","Moron","FIBRA OPTICA","22.541"
"6568010","BUENOS AIRES","Morón","Moron","SATELITAL","151"
"6568010","BUENOS AIRES","Morón","Villa Sarmiento","ADSL","2"
"6568010","BUENOS AIRES","Morón","Villa Sarmiento","CABLEMODEM","4.458"
"6568010","BUENOS AIRES","Morón","Villa Sarmiento","DIAL UP","18"
"6568010","BUENOS AIRES","Morón","Villa Sarmiento","FIBRA OPTICA","5.841"
"6568010","BUENOS AIRES","Morón","Villa Sarmiento","SATELITAL","64"
"6568010","BUENOS AIRES","Morón","Villa Sarmiento","WIRELESS","91"
"6574010","BUENOS AIRES","Navarro","José Juan Almeyra","SATELITAL","27"
"6574010","BUENOS AIRES","Navarro","José Juan Almeyra","WIRELESS","62"
"6574020","BUENOS AIRES","Navarro","Las Marianas","SATELITAL","18"
"6574020","BUENOS AIRES","Navarro","Las Marianas","WIRELESS","164"
"6574030","BUENOS AIRES","Navarro","Navarro","ADSL","46"
"6574030","BUENOS AIRES","Navarro","Navarro","CABLEMODEM","1.919"
"6574030","BUENOS AIRES","Navarro","Navarro","DIAL UP","1"
"6574030","BUENOS AIRES","Navarro","Navarro","FIBRA OPTICA","2.960"
"6574030","BUENOS AIRES","Navarro","Navarro","SATELITAL","180"
"6574030","BUENOS AIRES","Navarro","Navarro","WIRELESS","80"
"0","BUENOS AIRES","Navarro","Otros","SATELITAL","38"
"6574040","BUENOS AIRES","Navarro","Villa Moll  (Est. Moll)","FIBRA OPTICA","5"
"6574040","BUENOS AIRES","Navarro","Villa Moll  (Est. Moll)","SATELITAL","20"
"6574040","BUENOS AIRES","Navarro","Villa Moll  (Est. Moll)","WIRELESS","162"
"6581010","BUENOS AIRES","Necochea","Claraz","SATELITAL","59"
"6581010","BUENOS AIRES","Necochea","Claraz","WIRELESS","169"
"6581040","BUENOS AIRES","Necochea","Costa Bonita","SATELITAL","114"
"6581025","BUENOS AIRES","Necochea","Energía","SATELITAL","32"
"6581025","BUENOS AIRES","Necochea","Energía","WIRELESS","25"
"6581030","BUENOS AIRES","Necochea","Juan N. Fernández","ADSL","525"
"6581030","BUENOS AIRES","Necochea","Juan N. Fernández","SATELITAL","169"
"6581030","BUENOS AIRES","Necochea","Juan N. Fernández","WIRELESS","120"
"6581040","BUENOS AIRES","Necochea","Necochea - Quequén","ADSL","1.102"
"6581040","BUENOS AIRES","Necochea","Necochea - Quequén","CABLEMODEM","2.527"
"6581040","BUENOS AIRES","Necochea","Necochea - Quequén","CELULAR","2"
"6581040","BUENOS AIRES","Necochea","Necochea - Quequén","DIAL UP","131"
"6581040","BUENOS AIRES","Necochea","Necochea - Quequén","FIBRA OPTICA","24.577"
"6581040","BUENOS AIRES","Necochea","Necochea - Quequén","Otros","106"
"6581040","BUENOS AIRES","Necochea","Necochea - Quequén","SATELITAL","1.158"
"6581040","BUENOS AIRES","Necochea","Necochea - Quequén","WIRELESS","1.503"
"6581050","BUENOS AIRES","Necochea","Nicanor Olivera  (Est. La Dulce)","DIAL UP","2"
"6581050","BUENOS AIRES","Necochea","Nicanor Olivera  (Est. La Dulce)","FIBRA OPTICA","6"
"6581050","BUENOS AIRES","Necochea","Nicanor Olivera  (Est. La Dulce)","SATELITAL","215"
"6581050","BUENOS AIRES","Necochea","Nicanor Olivera  (Est. La Dulce)","WIRELESS","743"
"0","BUENOS AIRES","Necochea","Otros","SATELITAL","220"
"0","BUENOS AIRES","Necochea","OTROS","WIRELESS","16"
"6581060","BUENOS AIRES","Necochea","Ramón Santamarina","SATELITAL","25"
"6595010","BUENOS AIRES","Olavarría","Blancagrande","SATELITAL","36"
"6595070","BUENOS AIRES","Olavarría","Colonia Hinojo","FIBRA OPTICA","194"
"6595070","BUENOS AIRES","Olavarría","Colonia Hinojo","SATELITAL","17"
"6595070","BUENOS AIRES","Olavarría","Colonia Hinojo","WIRELESS","2"
"6595030","BUENOS AIRES","Olavarría","Colonia Nievas","SATELITAL","12"
"6595040","BUENOS AIRES","Olavarría","Colonia San Miguel","CABLEMODEM","2"
"6595040","BUENOS AIRES","Olavarría","Colonia San Miguel","SATELITAL","90"
"6595050","BUENOS AIRES","Olavarría","Espigas","SATELITAL","45"
"6595060","BUENOS AIRES","Olavarría","Hinojo","FIBRA OPTICA","313"
"6595060","BUENOS AIRES","Olavarría","Hinojo","SATELITAL","54"
"6595060","BUENOS AIRES","Olavarría","Hinojo","WIRELESS","3"
"6595070","BUENOS AIRES","Olavarría","Olavarría","ADSL","1.863"
"6595070","BUENOS AIRES","Olavarría","Olavarría","CABLEMODEM","19.681"
"6595070","BUENOS AIRES","Olavarría","Olavarría","CELULAR","3"
"6595070","BUENOS AIRES","Olavarría","Olavarría","DIAL UP","5"
"6595070","BUENOS AIRES","Olavarría","Olavarría","FIBRA OPTICA","8.329"
"6595070","BUENOS AIRES","Olavarría","Olavarría","SATELITAL","1.156"
"6595070","BUENOS AIRES","Olavarría","Olavarría","WIRELESS","652"
"0","BUENOS AIRES","Olavarría","Otros","SATELITAL","203"
"6595080","BUENOS AIRES","Olavarría","Recalde","SATELITAL","54"
"6595090","BUENOS AIRES","Olavarría","Santa Luisa","SATELITAL","27"
"6595100","BUENOS AIRES","Olavarría","Sierra Chica","CABLEMODEM","578"
"6595100","BUENOS AIRES","Olavarría","Sierra Chica","SATELITAL","46"
"6595110","BUENOS AIRES","Olavarría","Sierras Bayas","ADSL","102"
"6595110","BUENOS AIRES","Olavarría","Sierras Bayas","CELULAR","1"
"6595110","BUENOS AIRES","Olavarría","Sierras Bayas","FIBRA OPTICA","5"
"6595110","BUENOS AIRES","Olavarría","Sierras Bayas","SATELITAL","38"
"6595110","BUENOS AIRES","Olavarría","Sierras Bayas","WIRELESS","284"
"6595120","BUENOS AIRES","Olavarría","Villa Alfredo Fortabat","ADSL","70"
"6595120","BUENOS AIRES","Olavarría","Villa Alfredo Fortabat","FIBRA OPTICA","385"
"6595120","BUENOS AIRES","Olavarría","Villa Alfredo Fortabat","SATELITAL","214"
"6595120","BUENOS AIRES","Olavarría","Villa Alfredo Fortabat","WIRELESS","1"
"6595080","BUENOS AIRES","Olavarría","Villa Arrieta","SATELITAL","337"
"6595130","BUENOS AIRES","Olavarría","Villa La Serranía","SATELITAL","20"
"0","BUENOS AIRES","OTROS","Otros","Otros","20.809"
"6602010","BUENOS AIRES","Patagones","Bahía San Blas","DIAL UP","1"
"6602010","BUENOS AIRES","Patagones","Bahía San Blas","SATELITAL","165"
"6602010","BUENOS AIRES","Patagones","Bahía San Blas","WIRELESS","7"
"6602020","BUENOS AIRES","Patagones","Cardenal Cagliero","SATELITAL","15"
"6602030","BUENOS AIRES","Patagones","Carmen de Patagones","ADSL","394"
"6602030","BUENOS AIRES","Patagones","Carmen de Patagones","DIAL UP","23"
"6602030","BUENOS AIRES","Patagones","Carmen de Patagones","FIBRA OPTICA","6.725"
"6602030","BUENOS AIRES","Patagones","Carmen de Patagones","SATELITAL","403"
"6602030","BUENOS AIRES","Patagones","Carmen de Patagones","WIRELESS","31"
"6602040","BUENOS AIRES","Patagones","José B. Casas","SATELITAL","11"
"6602040","BUENOS AIRES","Patagones","José B. Casas","WIRELESS","9"
"6602050","BUENOS AIRES","Patagones","Juan A. Pradere","CABLEMODEM","84"
"6602050","BUENOS AIRES","Patagones","Juan A. Pradere","Otros","1"
"6602050","BUENOS AIRES","Patagones","Juan A. Pradere","SATELITAL","120"
"6602050","BUENOS AIRES","Patagones","Juan A. Pradere","WIRELESS","10"
"0","BUENOS AIRES","Patagones","Otros","SATELITAL","189"
"0","BUENOS AIRES","Patagones","Otros","WIRELESS","15"
"6602060","BUENOS AIRES","Patagones","Stroeder","FIBRA OPTICA","831"
"6602060","BUENOS AIRES","Patagones","Stroeder","SATELITAL","67"
"6602060","BUENOS AIRES","Patagones","Stroeder","WIRELESS","20"
"6602070","BUENOS AIRES","Patagones","Villalonga","ADSL","54"
"6602070","BUENOS AIRES","Patagones","Villalonga","DIAL UP","5"
"6602070","BUENOS AIRES","Patagones","Villalonga","FIBRA OPTICA","1.347"
"6602070","BUENOS AIRES","Patagones","Villalonga","SATELITAL","195"
"6602070","BUENOS AIRES","Patagones","Villalonga","WIRELESS","89"
"6609010","BUENOS AIRES","Pehuajó","Capitán Castro","SATELITAL","5"
"6609010","BUENOS AIRES","Pehuajó","Capitán Castro","WIRELESS","3"
"6609080","BUENOS AIRES","Pehuajó","Chiclana","SATELITAL","12"
"6609080","BUENOS AIRES","Pehuajó","Chiclana","WIRELESS","9"
"6609030","BUENOS AIRES","Pehuajó","Francisco Madero","DIAL UP","1"
"6609030","BUENOS AIRES","Pehuajó","Francisco Madero","FIBRA OPTICA","1"
"6609030","BUENOS AIRES","Pehuajó","Francisco Madero","SATELITAL","51"
"6609030","BUENOS AIRES","Pehuajó","Francisco Madero","WIRELESS","3"
"6609035","BUENOS AIRES","Pehuajó","Inocencio Sosa","SATELITAL","5"
"6609035","BUENOS AIRES","Pehuajó","Inocencio Sosa","WIRELESS","3"
"6609040","BUENOS AIRES","Pehuajó","Juan José Paso","FIBRA OPTICA","28"
"6609040","BUENOS AIRES","Pehuajó","Juan José Paso","SATELITAL","30"
"6609040","BUENOS AIRES","Pehuajó","Juan José Paso","WIRELESS","385"
"6609050","BUENOS AIRES","Pehuajó","Magdala","SATELITAL","30"
"6609050","BUENOS AIRES","Pehuajó","Magdala","WIRELESS","7"
"6609060","BUENOS AIRES","Pehuajó","Mones Cazón","FIBRA OPTICA","2"
"6609060","BUENOS AIRES","Pehuajó","Mones Cazón","SATELITAL","102"
"6609060","BUENOS AIRES","Pehuajó","Mones Cazón","WIRELESS","3"
"6609070","BUENOS AIRES","Pehuajó","Nueva Plata","SATELITAL","18"
"6609070","BUENOS AIRES","Pehuajó","Nueva Plata","WIRELESS","3"
"0","BUENOS AIRES","Pehuajó","Otros","SATELITAL","67"
"6609080","BUENOS AIRES","Pehuajó","Pehuajó","ADSL","2.286"
"6609080","BUENOS AIRES","Pehuajó","Pehuajó","CABLEMODEM","1"
"6609080","BUENOS AIRES","Pehuajó","Pehuajó","CELULAR","135"
"6609080","BUENOS AIRES","Pehuajó","Pehuajó","DIAL UP","57"
"6609080","BUENOS AIRES","Pehuajó","Pehuajó","FIBRA OPTICA","2.523"
"6609080","BUENOS AIRES","Pehuajó","Pehuajó","SATELITAL","613"
"6609080","BUENOS AIRES","Pehuajó","Pehuajó","WIRELESS","352"
"6609090","BUENOS AIRES","Pehuajó","San Bernardo  (Est. Guanaco)","SATELITAL","65"
"6609090","BUENOS AIRES","Pehuajó","San Bernardo  (Est. Guanaco)","WIRELESS","3"
"6609020","BUENOS AIRES","Pehuajó","San Esteban","WIRELESS","4"
"6616010","BUENOS AIRES","Pellegrini","Bocayuva","FIBRA OPTICA","1"
"6616010","BUENOS AIRES","Pellegrini","Bocayuva","SATELITAL","11"
"6616020","BUENOS AIRES","Pellegrini","De Bary","SATELITAL","14"
"0","BUENOS AIRES","Pellegrini","Otros","SATELITAL","21"
"6616030","BUENOS AIRES","Pellegrini","Pellegrini","ADSL","160"
"6616030","BUENOS AIRES","Pellegrini","Pellegrini","DIAL UP","4"
"6616030","BUENOS AIRES","Pellegrini","Pellegrini","FIBRA OPTICA","1.216"
"6616030","BUENOS AIRES","Pellegrini","Pellegrini","SATELITAL","192"
"6616030","BUENOS AIRES","Pellegrini","Pellegrini","WIRELESS","32"
"6623010","BUENOS AIRES","Pergamino","Acevedo","ADSL","115"
"6623010","BUENOS AIRES","Pergamino","Acevedo","CABLEMODEM","145"
"6623010","BUENOS AIRES","Pergamino","Acevedo","SATELITAL","23"
"6623010","BUENOS AIRES","Pergamino","Acevedo","WIRELESS","172"
"6623020","BUENOS AIRES","Pergamino","Fontezuela","ADSL","18"
"6623020","BUENOS AIRES","Pergamino","Fontezuela","FIBRA OPTICA","194"
"6623020","BUENOS AIRES","Pergamino","Fontezuela","SATELITAL","51"
"6623020","BUENOS AIRES","Pergamino","Fontezuela","WIRELESS","5"
"6623030","BUENOS AIRES","Pergamino","Guerrico","CABLEMODEM","59"
"6623030","BUENOS AIRES","Pergamino","Guerrico","SATELITAL","21"
"6623030","BUENOS AIRES","Pergamino","Guerrico","WIRELESS","49"
"6623040","BUENOS AIRES","Pergamino","Juan A. de la Peña","SATELITAL","70"
"6623040","BUENOS AIRES","Pergamino","Juan A. de la Peña","WIRELESS","44"
"6623050","BUENOS AIRES","Pergamino","Juan Anchorena  (Est. Urquiza)","ADSL","17"
"6623050","BUENOS AIRES","Pergamino","Juan Anchorena  (Est. Urquiza)","FIBRA OPTICA","241"
"6623050","BUENOS AIRES","Pergamino","Juan Anchorena  (Est. Urquiza)","SATELITAL","55"
"6623050","BUENOS AIRES","Pergamino","Juan Anchorena  (Est. Urquiza)","WIRELESS","11"
"6623060","BUENOS AIRES","Pergamino","La Violeta","ADSL","346"
"6623060","BUENOS AIRES","Pergamino","La Violeta","SATELITAL","32"
"6623070","BUENOS AIRES","Pergamino","Manuel Ocampo","FIBRA OPTICA","505"
"6623070","BUENOS AIRES","Pergamino","Manuel Ocampo","SATELITAL","41"
"6623070","BUENOS AIRES","Pergamino","Manuel Ocampo","WIRELESS","41"
"6623080","BUENOS AIRES","Pergamino","Mariano Benítez","SATELITAL","14"
"6623090","BUENOS AIRES","Pergamino","Mariano H. Alfonzo  (Est. San Patricio)","FIBRA OPTICA","344"
"6623090","BUENOS AIRES","Pergamino","Mariano H. Alfonzo  (Est. San Patricio)","SATELITAL","30"
"0","BUENOS AIRES","Pergamino","Otros","SATELITAL","35"
"6623100","BUENOS AIRES","Pergamino","Pergamino","ADSL","190"
"6623100","BUENOS AIRES","Pergamino","Pergamino","CABLEMODEM","16.885"
"6623100","BUENOS AIRES","Pergamino","Pergamino","CELULAR","2"
"6623100","BUENOS AIRES","Pergamino","Pergamino","DIAL UP","70"
"6623100","BUENOS AIRES","Pergamino","Pergamino","FIBRA OPTICA","9.225"
"6623100","BUENOS AIRES","Pergamino","Pergamino","SATELITAL","929"
"6623100","BUENOS AIRES","Pergamino","Pergamino","WIRELESS","2.758"
"6623110","BUENOS AIRES","Pergamino","Pinzón","SATELITAL","42"
"6623110","BUENOS AIRES","Pergamino","Pinzón","WIRELESS","1"
"6623120","BUENOS AIRES","Pergamino","Rancagua","ADSL","8"
"6623120","BUENOS AIRES","Pergamino","Rancagua","FIBRA OPTICA","308"
"6623120","BUENOS AIRES","Pergamino","Rancagua","SATELITAL","19"
"6623130","BUENOS AIRES","Pergamino","Villa Angélica  (Est. El Socorro)","FIBRA OPTICA","4"
"6623130","BUENOS AIRES","Pergamino","Villa Angélica  (Est. El Socorro)","SATELITAL","12"
"6623140","BUENOS AIRES","Pergamino","Villa San José","ADSL","2"
"6623140","BUENOS AIRES","Pergamino","Villa San José","FIBRA OPTICA","36"
"6623140","BUENOS AIRES","Pergamino","Villa San José","SATELITAL","1"
"6630010","BUENOS AIRES","Pila","Casalins","SATELITAL","24"
"6630010","BUENOS AIRES","Pila","Casalins","WIRELESS","5"
"0","BUENOS AIRES","Pila","Otros","SATELITAL","67"
"6630020","BUENOS AIRES","Pila","Pila","FIBRA OPTICA","24"
"6630020","BUENOS AIRES","Pila","Pila","SATELITAL","129"
"6630020","BUENOS AIRES","Pila","Pila","WIRELESS","58"
"6638040","BUENOS AIRES","Pilar","Barrio Parque Almirante Irizar  (Ap. Kilómetro 61)","SATELITAL","141"
"6638040","BUENOS AIRES","Pilar","Club de Campo Larena - Los Quinchos","SATELITAL","45"
"6638040","BUENOS AIRES","Pilar","Country Club El Jagüel","SATELITAL","26"
"6638040","BUENOS AIRES","Pilar","Del Viso","ADSL","18.445"
"6638040","BUENOS AIRES","Pilar","Del Viso","CABLEMODEM","4.924"
"6638040","BUENOS AIRES","Pilar","Del Viso","CELULAR","17"
"6638040","BUENOS AIRES","Pilar","Del Viso","FIBRA OPTICA","178"
"6638040","BUENOS AIRES","Pilar","Del Viso","SATELITAL","106"
"6638040","BUENOS AIRES","Pilar","Del Viso","WIRELESS","553"
"6638040","BUENOS AIRES","Pilar","Fátima","ADSL","179"
"6638040","BUENOS AIRES","Pilar","Fátima","CABLEMODEM","269"
"6638040","BUENOS AIRES","Pilar","Fátima","CELULAR","2"
"6638040","BUENOS AIRES","Pilar","Fátima","FIBRA OPTICA","497"
"6638040","BUENOS AIRES","Pilar","Fátima","Otros","2.593"
"6638040","BUENOS AIRES","Pilar","Fátima","SATELITAL","86"
"6638040","BUENOS AIRES","Pilar","Fátima","WIRELESS","6"
"6638040","BUENOS AIRES","Pilar","La Lonja","ADSL","3.416"
"6638040","BUENOS AIRES","Pilar","La Lonja","CABLEMODEM","3.386"
"6638040","BUENOS AIRES","Pilar","La Lonja","CELULAR","13"
"6638040","BUENOS AIRES","Pilar","La Lonja","FIBRA OPTICA","418"
"6638040","BUENOS AIRES","Pilar","La Lonja","SATELITAL","346"
"6638040","BUENOS AIRES","Pilar","La Lonja","WIRELESS","467"
"6638040","BUENOS AIRES","Pilar","Los Cachorros","SATELITAL","164"
"6638040","BUENOS AIRES","Pilar","Manuel Alberti","CABLEMODEM","7.170"
"6638040","BUENOS AIRES","Pilar","Manuel Alberti","FIBRA OPTICA","82"
"6638040","BUENOS AIRES","Pilar","Manuel Alberti","WIRELESS","3"
"6638040","BUENOS AIRES","Pilar","Manzanares","CABLEMODEM","33"
"6638040","BUENOS AIRES","Pilar","Manzanares","CELULAR","2"
"6638040","BUENOS AIRES","Pilar","Manzanares","FIBRA OPTICA","1.286"
"6638040","BUENOS AIRES","Pilar","Manzanares","SATELITAL","249"
"6638040","BUENOS AIRES","Pilar","Manzanares","WIRELESS","3"
"6638040","BUENOS AIRES","Pilar","Manzone","SATELITAL","86"
"6638040","BUENOS AIRES","Pilar","Maquinista F. Savio (oeste)","CABLEMODEM","2"
"6638040","BUENOS AIRES","Pilar","Maquinista F. Savio (oeste)","SATELITAL","27"
"6638040","BUENOS AIRES","Pilar","Maquinista F. Savio (oeste)","WIRELESS","54"
"0","BUENOS AIRES","Pilar","OTROS","WIRELESS","268"
"6638040","BUENOS AIRES","Pilar","Pilar","ADSL","3.362"
"6638040","BUENOS AIRES","Pilar","Pilar","CABLEMODEM","38.206"
"6638040","BUENOS AIRES","Pilar","Pilar","CELULAR","133"
"6638040","BUENOS AIRES","Pilar","Pilar","DIAL UP","31"
"6638040","BUENOS AIRES","Pilar","Pilar","FIBRA OPTICA","24.752"
"6638040","BUENOS AIRES","Pilar","Pilar","Otros","18"
"6638040","BUENOS AIRES","Pilar","Pilar","SATELITAL","754"
"6638040","BUENOS AIRES","Pilar","Pilar","WIMAX","90"
"6638040","BUENOS AIRES","Pilar","Pilar","WIRELESS","626"
"6638040","BUENOS AIRES","Pilar","Presidente Derqui","ADSL","1.975"
"6638040","BUENOS AIRES","Pilar","Presidente Derqui","CABLEMODEM","7.273"
"6638040","BUENOS AIRES","Pilar","Presidente Derqui","CELULAR","30"
"6638040","BUENOS AIRES","Pilar","Presidente Derqui","FIBRA OPTICA","662"
"6638040","BUENOS AIRES","Pilar","Presidente Derqui","SATELITAL","203"
"6638040","BUENOS AIRES","Pilar","Presidente Derqui","WIRELESS","604"
"6638040","BUENOS AIRES","Pilar","Roberto De Vicenzo","SATELITAL","71"
"6638040","BUENOS AIRES","Pilar","Santa Teresa","SATELITAL","154"
"6638040","BUENOS AIRES","Pilar","Tortuguitas","FIBRA OPTICA","493"
"6638040","BUENOS AIRES","Pilar","Tortuguitas","SATELITAL","90"
"6638040","BUENOS AIRES","Pilar","Tortuguitas","WIRELESS","3"
"6638040","BUENOS AIRES","Pilar","Villa Astolfi","CABLEMODEM","1.445"
"6638040","BUENOS AIRES","Pilar","Villa Astolfi","CELULAR","7"
"6638040","BUENOS AIRES","Pilar","Villa Astolfi","FIBRA OPTICA","12"
"6638040","BUENOS AIRES","Pilar","Villa Astolfi","SATELITAL","246"
"6638040","BUENOS AIRES","Pilar","Villa Astolfi","WIRELESS","9"
"6638040","BUENOS AIRES","Pilar","Villa Rosa","ADSL","478"
"6638040","BUENOS AIRES","Pilar","Villa Rosa","CABLEMODEM","9.253"
"6638040","BUENOS AIRES","Pilar","Villa Rosa","CELULAR","33"
"6638040","BUENOS AIRES","Pilar","Villa Rosa","DIAL UP","3"
"6638040","BUENOS AIRES","Pilar","Villa Rosa","FIBRA OPTICA","5.393"
"6638040","BUENOS AIRES","Pilar","Villa Rosa","SATELITAL","455"
"6638040","BUENOS AIRES","Pilar","Villa Rosa","WIMAX","360"
"6638040","BUENOS AIRES","Pilar","Villa Rosa","WIRELESS","441"
"6638040","BUENOS AIRES","Pilar","Zelaya","ADSL","4"
"6638040","BUENOS AIRES","Pilar","Zelaya","CELULAR","1"
"6638040","BUENOS AIRES","Pilar","Zelaya","FIBRA OPTICA","17"
"6638040","BUENOS AIRES","Pilar","Zelaya","SATELITAL","585"
"6638040","BUENOS AIRES","Pilar","Zelaya","WIRELESS","5"
"6644010","BUENOS AIRES","Pinamar","Carilo","CABLEMODEM","1.861"
"6644010","BUENOS AIRES","Pinamar","Carilo","SATELITAL","58"
"6644010","BUENOS AIRES","Pinamar","Ostende","CABLEMODEM","1.680"
"6644010","BUENOS AIRES","Pinamar","Ostende","SATELITAL","230"
"6644010","BUENOS AIRES","Pinamar","Pinamar","ADSL","1.635"
"6644010","BUENOS AIRES","Pinamar","Pinamar","CABLEMODEM","217"
"6644010","BUENOS AIRES","Pinamar","Pinamar","FIBRA OPTICA","24.417"
"6644010","BUENOS AIRES","Pinamar","Pinamar","Otros","1.000"
"6644010","BUENOS AIRES","Pinamar","Pinamar","SATELITAL","128"
"6644010","BUENOS AIRES","Pinamar","Valeria del Mar","CABLEMODEM","279"
"6644010","BUENOS AIRES","Pinamar","Valeria Del Mar","SATELITAL","60"
"6648010","BUENOS AIRES","Presidente Perón","Barrio America Unida","SATELITAL","289"
"6648010","BUENOS AIRES","Presidente Perón","Guernica","ADSL","2"
"6648010","BUENOS AIRES","Presidente Perón","Guernica","CABLEMODEM","10.957"
"6648010","BUENOS AIRES","Presidente Perón","Guernica","CELULAR","6"
"6648010","BUENOS AIRES","Presidente Perón","Guernica","DIAL UP","7"
"6648010","BUENOS AIRES","Presidente Perón","Guernica","FIBRA OPTICA","12.903"
"6648010","BUENOS AIRES","Presidente Perón","Guernica","Otros","1"
"6648010","BUENOS AIRES","Presidente Perón","Guernica","SATELITAL","246"
"6648010","BUENOS AIRES","Presidente Perón","Guernica","WIRELESS","254"
"0","BUENOS AIRES","Presidente Perón","Otros","SATELITAL","74"
"6651040","BUENOS AIRES","Puán","17 de Agosto","SATELITAL","17"
"6651010","BUENOS AIRES","Puán","Azopardo","SATELITAL","20"
"6651020","BUENOS AIRES","Puán","Bordenave","FIBRA OPTICA","172"
"6651020","BUENOS AIRES","Puán","Bordenave","SATELITAL","52"
"6651020","BUENOS AIRES","Puán","Bordenave","WIRELESS","159"
"6651030","BUENOS AIRES","Puán","Darregueira","ADSL","108"
"6651030","BUENOS AIRES","Puán","Darregueira","CABLEMODEM","946"
"6651030","BUENOS AIRES","Puán","Darregueira","FIBRA OPTICA","1.111"
"6651030","BUENOS AIRES","Puán","Darregueira","SATELITAL","204"
"6651030","BUENOS AIRES","Puán","Darregueira","WIRELESS","87"
"6651050","BUENOS AIRES","Puán","Estela","SATELITAL","1"
"6651060","BUENOS AIRES","Puán","Felipe Solá","SATELITAL","34"
"6651070","BUENOS AIRES","Puán","López Lecube","SATELITAL","2"
"0","BUENOS AIRES","Puán","Otros","SATELITAL","41"
"6651080","BUENOS AIRES","Puán","Puán","CABLEMODEM","2.098"
"6651080","BUENOS AIRES","Puán","Puán","FIBRA OPTICA","2"
"6651080","BUENOS AIRES","Puán","Puán","SATELITAL","141"
"6651080","BUENOS AIRES","Puán","Puán","WIRELESS","92"
"6651090","BUENOS AIRES","Puán","San Germán","SATELITAL","10"
"6651090","BUENOS AIRES","Puán","San Germán","WIRELESS","59"
"6651100","BUENOS AIRES","Puán","Villa Castelar  (Est. Erize)","SATELITAL","7"
"6651110","BUENOS AIRES","Puán","Villa Iris","FIBRA OPTICA","776"
"6651110","BUENOS AIRES","Puán","Villa Iris","SATELITAL","37"
"6651110","BUENOS AIRES","Puán","Villa Iris","WIRELESS","152"
"6655010","BUENOS AIRES","Punta Indio","Alvarez Jonte","SATELITAL","27"
"6655040","BUENOS AIRES","Punta Indio","Las Tahonas","SATELITAL","19"
"0","BUENOS AIRES","Punta Indio","Otros","SATELITAL","24"
"6655030","BUENOS AIRES","Punta Indio","Pipinas","CABLEMODEM","114"
"6655030","BUENOS AIRES","Punta Indio","Pipinas","SATELITAL","50"
"6655040","BUENOS AIRES","Punta Indio","Punta Indio","SATELITAL","286"
"6655040","BUENOS AIRES","Punta Indio","Punta Indio","WIRELESS","328"
"6655050","BUENOS AIRES","Punta Indio","Verónica","ADSL","94"
"6655050","BUENOS AIRES","Punta Indio","Verónica","CABLEMODEM","816"
"6655050","BUENOS AIRES","Punta Indio","Verónica","FIBRA OPTICA","2"
"6655050","BUENOS AIRES","Punta Indio","Verónica","SATELITAL","127"
"6658010","BUENOS AIRES","Quilmes","Bernal","ADSL","9"
"6658010","BUENOS AIRES","Quilmes","Bernal","CABLEMODEM","20.807"
"6658010","BUENOS AIRES","Quilmes","Bernal","DIAL UP","61"
"6658010","BUENOS AIRES","Quilmes","Bernal","FIBRA OPTICA","12.681"
"6658010","BUENOS AIRES","Quilmes","Bernal","SATELITAL","87"
"6658010","BUENOS AIRES","Quilmes","Bernal Oeste","ADSL","6"
"6658010","BUENOS AIRES","Quilmes","Bernal Oeste","CABLEMODEM","3.912"
"6658010","BUENOS AIRES","Quilmes","Bernal Oeste","CELULAR","27"
"6658010","BUENOS AIRES","Quilmes","Bernal Oeste","DIAL UP","3"
"6658010","BUENOS AIRES","Quilmes","Bernal Oeste","FIBRA OPTICA","2.342"
"6658010","BUENOS AIRES","Quilmes","Bernal Oeste","SATELITAL","87"
"6658010","BUENOS AIRES","Quilmes","Don Bosco","CABLEMODEM","3.002"
"6658010","BUENOS AIRES","Quilmes","Don Bosco","CELULAR","1"
"6658010","BUENOS AIRES","Quilmes","Don Bosco","FIBRA OPTICA","41"
"6658010","BUENOS AIRES","Quilmes","Don Bosco","SATELITAL","66"
"6658010","BUENOS AIRES","Quilmes","Ezpeleta","ADSL","1"
"6658010","BUENOS AIRES","Quilmes","Ezpeleta","CABLEMODEM","10.817"
"6658010","BUENOS AIRES","Quilmes","Ezpeleta","CELULAR","4"
"6658010","BUENOS AIRES","Quilmes","Ezpeleta","DIAL UP","4"
"6658010","BUENOS AIRES","Quilmes","Ezpeleta","FIBRA OPTICA","7.803"
"6658010","BUENOS AIRES","Quilmes","Ezpeleta","SATELITAL","65"
"6658010","BUENOS AIRES","Quilmes","Ezpeleta","WIRELESS","319"
"6658010","BUENOS AIRES","Quilmes","Ezpeleta Oeste","CABLEMODEM","1.333"
"6658010","BUENOS AIRES","Quilmes","Ezpeleta Oeste","CELULAR","3"
"6658010","BUENOS AIRES","Quilmes","Ezpeleta Oeste","DIAL UP","8"
"6658010","BUENOS AIRES","Quilmes","Ezpeleta Oeste","FIBRA OPTICA","4.829"
"6658010","BUENOS AIRES","Quilmes","Ezpeleta Oeste","SATELITAL","74"
"6658010","BUENOS AIRES","Quilmes","Quilmes","ADSL","26"
"6658010","BUENOS AIRES","Quilmes","Quilmes","CABLEMODEM","47.135"
"6658010","BUENOS AIRES","Quilmes","Quilmes","CELULAR","10"
"6658010","BUENOS AIRES","Quilmes","Quilmes","DIAL UP","70"
"6658010","BUENOS AIRES","Quilmes","Quilmes","FIBRA OPTICA","19.254"
"6658010","BUENOS AIRES","Quilmes","Quilmes","SATELITAL","193"
"6658010","BUENOS AIRES","Quilmes","Quilmes","WIRELESS","137"
"6658010","BUENOS AIRES","Quilmes","Quilmes Oeste","ADSL","9"
"6658010","BUENOS AIRES","Quilmes","Quilmes Oeste","CABLEMODEM","7.705"
"6658010","BUENOS AIRES","Quilmes","Quilmes Oeste","CELULAR","23"
"6658010","BUENOS AIRES","Quilmes","Quilmes Oeste","DIAL UP","44"
"6658010","BUENOS AIRES","Quilmes","Quilmes Oeste","FIBRA OPTICA","16.399"
"6658010","BUENOS AIRES","Quilmes","Quilmes Oeste","SATELITAL","225"
"6658010","BUENOS AIRES","Quilmes","San Francisco Solano","ADSL","2"
"6658010","BUENOS AIRES","Quilmes","San Francisco Solano","CABLEMODEM","11.654"
"6658010","BUENOS AIRES","Quilmes","San Francisco Solano","CELULAR","14"
"6658010","BUENOS AIRES","Quilmes","San Francisco Solano","FIBRA OPTICA","634"
"6658010","BUENOS AIRES","Quilmes","San Francisco Solano","SATELITAL","32"
"6658010","BUENOS AIRES","Quilmes","San Francisco Solano","WIRELESS","114"
"6658010","BUENOS AIRES","Quilmes","Villa La Florida","ADSL","2"
"6658010","BUENOS AIRES","Quilmes","Villa La Florida","CABLEMODEM","5.544"
"6658010","BUENOS AIRES","Quilmes","Villa La Florida","CELULAR","5"
"6658010","BUENOS AIRES","Quilmes","Villa La Florida","DIAL UP","4"
"6658010","BUENOS AIRES","Quilmes","Villa La Florida","FIBRA OPTICA","6.407"
"6658010","BUENOS AIRES","Quilmes","Villa La Florida","SATELITAL","40"
"6658010","BUENOS AIRES","Quilmes","Villa La Florida","WIRELESS","114"
"6665010","BUENOS AIRES","Ramallo","El Paraíso","ADSL","17"
"6665010","BUENOS AIRES","Ramallo","El Paraíso","FIBRA OPTICA","63"
"6665010","BUENOS AIRES","Ramallo","El Paraíso","SATELITAL","19"
"6665010","BUENOS AIRES","Ramallo","El Paraíso","WIRELESS","39"
"6665020","BUENOS AIRES","Ramallo","Las Bahamas","SATELITAL","8"
"0","BUENOS AIRES","Ramallo","Otros","SATELITAL","12"
"6665030","BUENOS AIRES","Ramallo","Pérez Millán","CELULAR","4"
"6665030","BUENOS AIRES","Ramallo","Pérez Millán","FIBRA OPTICA","1"
"6665030","BUENOS AIRES","Ramallo","Pérez Millán","SATELITAL","278"
"6665040","BUENOS AIRES","Ramallo","Ramallo","ADSL","275"
"6665040","BUENOS AIRES","Ramallo","Ramallo","CABLEMODEM","1.353"
"6665040","BUENOS AIRES","Ramallo","Ramallo","FIBRA OPTICA","2.401"
"6665040","BUENOS AIRES","Ramallo","Ramallo","SATELITAL","145"
"6665040","BUENOS AIRES","Ramallo","Ramallo","WIRELESS","643"
"6665050","BUENOS AIRES","Ramallo","Villa General Savio  (Est. Sánchez)","SATELITAL","125"
"6665060","BUENOS AIRES","Ramallo","Villa Ramallo","ADSL","265"
"6665060","BUENOS AIRES","Ramallo","Villa Ramallo","CABLEMODEM","2.434"
"6665060","BUENOS AIRES","Ramallo","Villa Ramallo","FIBRA OPTICA","689"
"6665060","BUENOS AIRES","Ramallo","Villa Ramallo","SATELITAL","117"
"6665060","BUENOS AIRES","Ramallo","Villa Ramallo","WIRELESS","139"
"0","BUENOS AIRES","Rauch","Otros","SATELITAL","197"
"0","BUENOS AIRES","Rauch","OTROS","WIRELESS","15"
"6672010","BUENOS AIRES","Rauch","Rauch","ADSL","631"
"6672010","BUENOS AIRES","Rauch","Rauch","CELULAR","4"
"6672010","BUENOS AIRES","Rauch","Rauch","DIAL UP","4"
"6672010","BUENOS AIRES","Rauch","Rauch","FIBRA OPTICA","515"
"6672010","BUENOS AIRES","Rauch","Rauch","SATELITAL","613"
"6672010","BUENOS AIRES","Rauch","Rauch","WIRELESS","105"
"6679010","BUENOS AIRES","Rivadavia","América","ADSL","72"
"6679010","BUENOS AIRES","Rivadavia","América","FIBRA OPTICA","3.993"
"6679010","BUENOS AIRES","Rivadavia","América","Otros","636"
"6679010","BUENOS AIRES","Rivadavia","América","SATELITAL","597"
"6679010","BUENOS AIRES","Rivadavia","América","WIRELESS","511"
"6679020","BUENOS AIRES","Rivadavia","Fortín Olavarría","ADSL","272"
"6679020","BUENOS AIRES","Rivadavia","Fortín Olavarría","CABLEMODEM","7"
"6679020","BUENOS AIRES","Rivadavia","Fortín Olavarría","FIBRA OPTICA","105"
"6679020","BUENOS AIRES","Rivadavia","Fortín Olavarría","Otros","113"
"6679020","BUENOS AIRES","Rivadavia","Fortín Olavarría","SATELITAL","113"
"6679030","BUENOS AIRES","Rivadavia","González Moreno","CABLEMODEM","3"
"6679030","BUENOS AIRES","Rivadavia","González Moreno","FIBRA OPTICA","2"
"6679030","BUENOS AIRES","Rivadavia","González Moreno","SATELITAL","62"
"6679030","BUENOS AIRES","Rivadavia","González Moreno","WIRELESS","1"
"6679040","BUENOS AIRES","Rivadavia","Mira Pampa","SATELITAL","2"
"0","BUENOS AIRES","Rivadavia","Otros","SATELITAL","72"
"6679050","BUENOS AIRES","Rivadavia","Roosevelt","SATELITAL","16"
"6679060","BUENOS AIRES","Rivadavia","San Mauricio","SATELITAL","16"
"6679070","BUENOS AIRES","Rivadavia","Sansinena","FIBRA OPTICA","96"
"6679070","BUENOS AIRES","Rivadavia","Sansinena","Otros","110"
"6679070","BUENOS AIRES","Rivadavia","Sansinena","SATELITAL","22"
"6679070","BUENOS AIRES","Rivadavia","Sansinena","WIRELESS","175"
"6679080","BUENOS AIRES","Rivadavia","Sundblad","SATELITAL","20"
"6686080","BUENOS AIRES","Rojas","Barrio Las Margaritas","SATELITAL","23"
"6686010","BUENOS AIRES","Rojas","La Beba","SATELITAL","7"
"6686020","BUENOS AIRES","Rojas","Las Carabelas","FIBRA OPTICA","196"
"6686020","BUENOS AIRES","Rojas","Las Carabelas","SATELITAL","62"
"6686020","BUENOS AIRES","Rojas","Las Carabelas","WIRELESS","47"
"6686030","BUENOS AIRES","Rojas","Los Indios","SATELITAL","20"
"0","BUENOS AIRES","Rojas","Otros","SATELITAL","20"
"6686040","BUENOS AIRES","Rojas","Rafael Obligado","SATELITAL","43"
"6686040","BUENOS AIRES","Rojas","Rafael Obligado","WIRELESS","26"
"6686050","BUENOS AIRES","Rojas","Roberto Cano","SATELITAL","13"
"6686060","BUENOS AIRES","Rojas","Rojas","ADSL","279"
"6686060","BUENOS AIRES","Rojas","Rojas","CABLEMODEM","4.050"
"6686060","BUENOS AIRES","Rojas","Rojas","CELULAR","1"
"6686060","BUENOS AIRES","Rojas","Rojas","DIAL UP","2"
"6686060","BUENOS AIRES","Rojas","Rojas","FIBRA OPTICA","1.150"
"6686060","BUENOS AIRES","Rojas","Rojas","SATELITAL","469"
"6686060","BUENOS AIRES","Rojas","Rojas","WIRELESS","1.479"
"6686070","BUENOS AIRES","Rojas","Sol de Mayo","SATELITAL","9"
"6686080","BUENOS AIRES","Rojas","Villa Manuel Pomar","SATELITAL","14"
"6686060","BUENOS AIRES","Rojas","Villa Parque Cecir","SATELITAL","16"
"6693010","BUENOS AIRES","Roque Pérez","Carlos Beguerie","FIBRA OPTICA","210"
"6693010","BUENOS AIRES","Roque Pérez","Carlos Beguerie","SATELITAL","11"
"6693010","BUENOS AIRES","Roque Pérez","Carlos Beguerie","WIRELESS","28"
"0","BUENOS AIRES","Roque Pérez","Otros","SATELITAL","70"
"6693020","BUENOS AIRES","Roque Pérez","Roque Pérez","ADSL","77"
"6693020","BUENOS AIRES","Roque Pérez","Roque Pérez","CABLEMODEM","2.514"
"6693020","BUENOS AIRES","Roque Pérez","Roque Pérez","DIAL UP","1"
"6693020","BUENOS AIRES","Roque Pérez","Roque Pérez","FIBRA OPTICA","1"
"6693020","BUENOS AIRES","Roque Pérez","Roque Pérez","SATELITAL","198"
"6693020","BUENOS AIRES","Roque Pérez","Roque Pérez","WIRELESS","246"
"6700010","BUENOS AIRES","Saavedra","Arroyo Corto","FIBRA OPTICA","259"
"6700010","BUENOS AIRES","Saavedra","Arroyo Corto","SATELITAL","13"
"6700020","BUENOS AIRES","Saavedra","Colonia San Martín","SATELITAL","8"
"6700030","BUENOS AIRES","Saavedra","Dufaur","SATELITAL","21"
"6700040","BUENOS AIRES","Saavedra","Espartillar","FIBRA OPTICA","314"
"6700040","BUENOS AIRES","Saavedra","Espartillar","SATELITAL","55"
"6700040","BUENOS AIRES","Saavedra","Espartillar","WIRELESS","79"
"6700050","BUENOS AIRES","Saavedra","Goyena","FIBRA OPTICA","141"
"6700050","BUENOS AIRES","Saavedra","Goyena","SATELITAL","16"
"6700055","BUENOS AIRES","Saavedra","Las Encadenadas","SATELITAL","11"
"0","BUENOS AIRES","Saavedra","Otros","SATELITAL","30"
"6700060","BUENOS AIRES","Saavedra","Pigüé","ADSL","94"
"6700060","BUENOS AIRES","Saavedra","Pigüé","DIAL UP","3"
"6700060","BUENOS AIRES","Saavedra","Pigüé","FIBRA OPTICA","5.451"
"6700060","BUENOS AIRES","Saavedra","Pigüé","SATELITAL","304"
"6700070","BUENOS AIRES","Saavedra","Saavedra","FIBRA OPTICA","1"
"6700070","BUENOS AIRES","Saavedra","Saavedra","SATELITAL","26"
"6700070","BUENOS AIRES","Saavedra","Saavedra","WIRELESS","57"
"6707010","BUENOS AIRES","Saladillo","Alvarez de Toledo","FIBRA OPTICA","70"
"6707010","BUENOS AIRES","Saladillo","Alvarez de Toledo","SATELITAL","18"
"6707060","BUENOS AIRES","Saladillo","Blaquier","FIBRA OPTICA","1"
"6707060","BUENOS AIRES","Saladillo","Blaquier","SATELITAL","8"
"6707030","BUENOS AIRES","Saladillo","Cazón","FIBRA OPTICA","80"
"6707030","BUENOS AIRES","Saladillo","Cazón","SATELITAL","24"
"6707040","BUENOS AIRES","Saladillo","Del Carril","FIBRA OPTICA","80"
"6707040","BUENOS AIRES","Saladillo","Del Carril","Otros","20"
"6707040","BUENOS AIRES","Saladillo","Del Carril","SATELITAL","20"
"0","BUENOS AIRES","Saladillo","Otros","SATELITAL","93"
"6707050","BUENOS AIRES","Saladillo","Polvaredas","SATELITAL","34"
"6707060","BUENOS AIRES","Saladillo","Saladillo","ADSL","311"
"6707060","BUENOS AIRES","Saladillo","Saladillo","CABLEMODEM","4.641"
"6707060","BUENOS AIRES","Saladillo","Saladillo","CELULAR","1"
"6707060","BUENOS AIRES","Saladillo","Saladillo","FIBRA OPTICA","5.742"
"6707060","BUENOS AIRES","Saladillo","Saladillo","Otros","45"
"6707060","BUENOS AIRES","Saladillo","Saladillo","SATELITAL","829"
"6707060","BUENOS AIRES","Saladillo","Saladillo","WIRELESS","1.018"
"0","BUENOS AIRES","Salliqueló","Otros","SATELITAL","2"
"6721010","BUENOS AIRES","Salliqueló","Quenumá","Otros","36"
"6721010","BUENOS AIRES","Salliqueló","Quenumá","SATELITAL","34"
"6721020","BUENOS AIRES","Salliqueló","Salliqueló","ADSL","47"
"6721020","BUENOS AIRES","Salliqueló","Salliqueló","DIAL UP","1"
"6721020","BUENOS AIRES","Salliqueló","Salliqueló","FIBRA OPTICA","1"
"6721020","BUENOS AIRES","Salliqueló","Salliqueló","SATELITAL","307"
"6714010","BUENOS AIRES","Salto","Arroyo Dulce","ADSL","155"
"6714010","BUENOS AIRES","Salto","Arroyo Dulce","FIBRA OPTICA","495"
"6714010","BUENOS AIRES","Salto","Arroyo Dulce","SATELITAL","40"
"6714010","BUENOS AIRES","Salto","Arroyo Dulce","WIRELESS","40"
"6714020","BUENOS AIRES","Salto","Berdier","SATELITAL","40"
"6714030","BUENOS AIRES","Salto","Gahan","ADSL","181"
"6714030","BUENOS AIRES","Salto","Gahan","SATELITAL","51"
"6714030","BUENOS AIRES","Salto","Gahan","WIMAX","10"
"6714040","BUENOS AIRES","Salto","Inés Indart","FIBRA OPTICA","15"
"6714040","BUENOS AIRES","Salto","Inés Indart","Otros","189"
"6714040","BUENOS AIRES","Salto","Inés Indart","SATELITAL","38"
"6714040","BUENOS AIRES","Salto","Inés Indart","WIRELESS","41"
"6714050","BUENOS AIRES","Salto","La Invencible","SATELITAL","23"
"6714050","BUENOS AIRES","Salto","La Invencible","WIRELESS","28"
"0","BUENOS AIRES","Salto","Otros","SATELITAL","32"
"6714060","BUENOS AIRES","Salto","Salto","ADSL","182"
"6714060","BUENOS AIRES","Salto","Salto","CABLEMODEM","988"
"6714060","BUENOS AIRES","Salto","Salto","FIBRA OPTICA","11.140"
"6714060","BUENOS AIRES","Salto","Salto","SATELITAL","479"
"6714060","BUENOS AIRES","Salto","Salto","WIRELESS","679"
"6728010","BUENOS AIRES","San Andrés de Giles","Azcuénaga","FIBRA OPTICA","55"
"6728010","BUENOS AIRES","San Andrés de Giles","Azcuénaga","Otros","7"
"6728010","BUENOS AIRES","San Andrés de Giles","Azcuénaga","SATELITAL","48"
"6728010","BUENOS AIRES","San Andrés de Giles","Azcuénaga","WIRELESS","54"
"6728020","BUENOS AIRES","San Andrés de Giles","Cucullú","Otros","218"
"6728020","BUENOS AIRES","San Andrés de Giles","Cucullú","SATELITAL","19"
"6728020","BUENOS AIRES","San Andrés de Giles","Cucullú","WIRELESS","24"
"6728030","BUENOS AIRES","San Andrés de Giles","Franklin","SATELITAL","9"
"0","BUENOS AIRES","San Andrés de Giles","Otros","SATELITAL","43"
"6728040","BUENOS AIRES","San Andrés de Giles","San Andrés de Giles","ADSL","186"
"6728040","BUENOS AIRES","San Andrés de Giles","San Andrés de Giles","CABLEMODEM","759"
"6728040","BUENOS AIRES","San Andrés de Giles","San Andrés de Giles","CELULAR","2"
"6728040","BUENOS AIRES","San Andrés de Giles","San Andrés de Giles","DIAL UP","1"
"6728040","BUENOS AIRES","San Andrés de Giles","San Andrés de Giles","FIBRA OPTICA","3.721"
"6728040","BUENOS AIRES","San Andrés de Giles","San Andrés de Giles","Otros","486"
"6728040","BUENOS AIRES","San Andrés de Giles","San Andrés de Giles","SATELITAL","253"
"6728040","BUENOS AIRES","San Andrés de Giles","San Andrés de Giles","WIRELESS","4"
"6728050","BUENOS AIRES","San Andrés de Giles","Solís","ADSL","61"
"6728050","BUENOS AIRES","San Andrés de Giles","Solís","FIBRA OPTICA","261"
"6728050","BUENOS AIRES","San Andrés de Giles","Solís","SATELITAL","48"
"6728050","BUENOS AIRES","San Andrés de Giles","Solís","WIRELESS","108"
"6728060","BUENOS AIRES","San Andrés de Giles","Villa Espil","SATELITAL","31"
"6728060","BUENOS AIRES","San Andrés de Giles","Villa Espil","WIRELESS","116"
"6728070","BUENOS AIRES","San Andrés de Giles","Villa Ruiz","FIBRA OPTICA","185"
"6728070","BUENOS AIRES","San Andrés de Giles","Villa Ruiz","SATELITAL","76"
"6728070","BUENOS AIRES","San Andrés de Giles","Villa Ruiz","WIRELESS","86"
"6735010","BUENOS AIRES","San Antonio de Areco","Duggan","FIBRA OPTICA","394"
"6735010","BUENOS AIRES","San Antonio de Areco","Duggan","SATELITAL","59"
"6735010","BUENOS AIRES","San Antonio de Areco","Duggan","WIRELESS","278"
"0","BUENOS AIRES","San Antonio de Areco","Otros","SATELITAL","16"
"6735020","BUENOS AIRES","San Antonio de Areco","San Antonio de Areco","ADSL","358"
"6735020","BUENOS AIRES","San Antonio de Areco","San Antonio de Areco","CABLEMODEM","2.107"
"6735020","BUENOS AIRES","San Antonio de Areco","San Antonio de Areco","DIAL UP","5"
"6735020","BUENOS AIRES","San Antonio de Areco","San Antonio de Areco","FIBRA OPTICA","3.575"
"6735020","BUENOS AIRES","San Antonio de Areco","San Antonio de Areco","SATELITAL","563"
"6735020","BUENOS AIRES","San Antonio de Areco","San Antonio de Areco","WIRELESS","2.223"
"6735030","BUENOS AIRES","San Antonio de Areco","Villa Lía","ADSL","165"
"6735030","BUENOS AIRES","San Antonio de Areco","Villa Lía","FIBRA OPTICA","362"
"6735030","BUENOS AIRES","San Antonio de Areco","Villa Lía","SATELITAL","52"
"6735030","BUENOS AIRES","San Antonio de Areco","Villa Lía","WIRELESS","56"
"6742010","BUENOS AIRES","San Cayetano","Balneario San Cayetano","FIBRA OPTICA","158"
"6742010","BUENOS AIRES","San Cayetano","Balneario San Cayetano","SATELITAL","67"
"6742020","BUENOS AIRES","San Cayetano","Ochandío","SATELITAL","21"
"6742020","BUENOS AIRES","San Cayetano","Ochandío","WIRELESS","15"
"0","BUENOS AIRES","San Cayetano","Otros","SATELITAL","100"
"6742030","BUENOS AIRES","San Cayetano","San Cayetano","ADSL","53"
"6742030","BUENOS AIRES","San Cayetano","San Cayetano","CABLEMODEM","1.297"
"6742030","BUENOS AIRES","San Cayetano","San Cayetano","FIBRA OPTICA","903"
"6742030","BUENOS AIRES","San Cayetano","San Cayetano","SATELITAL","201"
"6742030","BUENOS AIRES","San Cayetano","San Cayetano","WIRELESS","267"
"0","BUENOS AIRES","San Fernando","Otros","SATELITAL","330"
"6749010","BUENOS AIRES","San Fernando","San Fernando","ADSL","190"
"6749010","BUENOS AIRES","San Fernando","San Fernando","CABLEMODEM","13.288"
"6749010","BUENOS AIRES","San Fernando","San Fernando","CELULAR","105"
"6749010","BUENOS AIRES","San Fernando","San Fernando","DIAL UP","1"
"6749010","BUENOS AIRES","San Fernando","San Fernando","FIBRA OPTICA","16.712"
"6749010","BUENOS AIRES","San Fernando","San Fernando","Otros","1"
"6749010","BUENOS AIRES","San Fernando","San Fernando","SATELITAL","284"
"6749010","BUENOS AIRES","San Fernando","San Fernando","WIRELESS","109"
"6749010","BUENOS AIRES","San Fernando","Victoria","ADSL","56"
"6749010","BUENOS AIRES","San Fernando","Victoria","CABLEMODEM","10.813"
"6749010","BUENOS AIRES","San Fernando","Victoria","CELULAR","13"
"6749010","BUENOS AIRES","San Fernando","Victoria","FIBRA OPTICA","4.342"
"6749010","BUENOS AIRES","San Fernando","Victoria","SATELITAL","164"
"6749010","BUENOS AIRES","San Fernando","Victoria","WIRELESS","1"
"6749010","BUENOS AIRES","San Fernando","Virreyes","ADSL","2"
"6749010","BUENOS AIRES","San Fernando","Virreyes","CABLEMODEM","5.740"
"6749010","BUENOS AIRES","San Fernando","Virreyes","CELULAR","11"
"6749010","BUENOS AIRES","San Fernando","Virreyes","FIBRA OPTICA","6.261"
"6749010","BUENOS AIRES","San Fernando","Virreyes","SATELITAL","122"
"6749010","BUENOS AIRES","San Fernando","Virreyes","WIRELESS","1"
"6756010","BUENOS AIRES","San Isidro","Acassuso","ADSL","32"
"6756010","BUENOS AIRES","San Isidro","Acassuso","CABLEMODEM","2.729"
"6756010","BUENOS AIRES","San Isidro","Acassuso","CELULAR","1"
"6756010","BUENOS AIRES","San Isidro","Acassuso","FIBRA OPTICA","3.237"
"6756010","BUENOS AIRES","San Isidro","Acassuso","SATELITAL","543"
"6756010","BUENOS AIRES","San Isidro","Beccar","ADSL","104"
"6756010","BUENOS AIRES","San Isidro","Beccar","CABLEMODEM","11.902"
"6756010","BUENOS AIRES","San Isidro","Beccar","CELULAR","49"
"6756010","BUENOS AIRES","San Isidro","Beccar","FIBRA OPTICA","5.853"
"6756010","BUENOS AIRES","San Isidro","Beccar","SATELITAL","288"
"6756010","BUENOS AIRES","San Isidro","Beccar","WIRELESS","79"
"6756010","BUENOS AIRES","San Isidro","Boulogne Sur Mer","ADSL","63"
"6756010","BUENOS AIRES","San Isidro","Boulogne Sur Mer","CABLEMODEM","15.004"
"6756010","BUENOS AIRES","San Isidro","Boulogne Sur Mer","CELULAR","8"
"6756010","BUENOS AIRES","San Isidro","Boulogne Sur Mer","FIBRA OPTICA","12.577"
"6756010","BUENOS AIRES","San Isidro","Boulogne Sur Mer","SATELITAL","287"
"6756010","BUENOS AIRES","San Isidro","Boulogne Sur Mer","WIRELESS","2"
"6756010","BUENOS AIRES","San Isidro","Martínez","ADSL","269"
"6756010","BUENOS AIRES","San Isidro","Martínez","CABLEMODEM","13.184"
"6756010","BUENOS AIRES","San Isidro","Martínez","DIAL UP","42"
"6756010","BUENOS AIRES","San Isidro","Martínez","FIBRA OPTICA","18.796"
"6756010","BUENOS AIRES","San Isidro","Martínez","SATELITAL","367"
"6756010","BUENOS AIRES","San Isidro","Martínez","WIRELESS","1"
"6756010","BUENOS AIRES","San Isidro","San Isidro","ADSL","98"
"6756010","BUENOS AIRES","San Isidro","San Isidro","CABLEMODEM","12.092"
"6756010","BUENOS AIRES","San Isidro","San Isidro","CELULAR","5"
"6756010","BUENOS AIRES","San Isidro","San Isidro","FIBRA OPTICA","13.324"
"6756010","BUENOS AIRES","San Isidro","San Isidro","SATELITAL","251"
"6756010","BUENOS AIRES","San Isidro","San Isidro","WIRELESS","2"
"6756010","BUENOS AIRES","San Isidro","Villa Adelina","ADSL","27"
"6756010","BUENOS AIRES","San Isidro","Villa Adelina","CABLEMODEM","6.580"
"6756010","BUENOS AIRES","San Isidro","Villa Adelina","FIBRA OPTICA","5.764"
"6756010","BUENOS AIRES","San Isidro","Villa Adelina","SATELITAL","155"
"6760010","BUENOS AIRES","San Miguel","Bella Vista","ADSL","5"
"6760010","BUENOS AIRES","San Miguel","Bella Vista","CABLEMODEM","4.104"
"6760010","BUENOS AIRES","San Miguel","Bella Vista","CELULAR","11"
"6760010","BUENOS AIRES","San Miguel","Bella Vista","DIAL UP","33"
"6760010","BUENOS AIRES","San Miguel","Bella Vista","FIBRA OPTICA","9.622"
"6760010","BUENOS AIRES","San Miguel","Bella Vista","SATELITAL","245"
"6760010","BUENOS AIRES","San Miguel","Bella Vista","WIRELESS","1.128"
"6760010","BUENOS AIRES","San Miguel","Campo De Mayo","CABLEMODEM","1"
"6760010","BUENOS AIRES","San Miguel","Campo De Mayo","FIBRA OPTICA","3"
"6760010","BUENOS AIRES","San Miguel","Campo De Mayo","SATELITAL","35"
"6760010","BUENOS AIRES","San Miguel","Muñiz","ADSL","1"
"6760010","BUENOS AIRES","San Miguel","Muñiz","CABLEMODEM","4.044"
"6760010","BUENOS AIRES","San Miguel","Muñiz","CELULAR","8"
"6760010","BUENOS AIRES","San Miguel","Muñiz","DIAL UP","5"
"6760010","BUENOS AIRES","San Miguel","Muñiz","FIBRA OPTICA","2.120"
"6760010","BUENOS AIRES","San Miguel","Muñiz","SATELITAL","243"
"6760010","BUENOS AIRES","San Miguel","San Miguel","ADSL","389"
"6760010","BUENOS AIRES","San Miguel","San Miguel","CABLEMODEM","81.869"
"6760010","BUENOS AIRES","San Miguel","San Miguel","CELULAR","22"
"6760010","BUENOS AIRES","San Miguel","San Miguel","DIAL UP","59"
"6760010","BUENOS AIRES","San Miguel","San Miguel","FIBRA OPTICA","15.398"
"6760010","BUENOS AIRES","San Miguel","San Miguel","Otros","1"
"6760010","BUENOS AIRES","San Miguel","San Miguel","SATELITAL","144"
"6760010","BUENOS AIRES","San Miguel","San Miguel","WIRELESS","604"
"6763010","BUENOS AIRES","San Nicolás","Campos Salles","SATELITAL","8"
"6763010","BUENOS AIRES","San Nicolás","Conesa","ADSL","670"
"6763010","BUENOS AIRES","San Nicolás","Conesa","FIBRA OPTICA","1"
"6763010","BUENOS AIRES","San Nicolás","Conesa","SATELITAL","19"
"6763020","BUENOS AIRES","San Nicolás","Erézcano","SATELITAL","11"
"6763020","BUENOS AIRES","San Nicolás","Erézcano","WIRELESS","108"
"6763030","BUENOS AIRES","San Nicolás","General Rojo","FIBRA OPTICA","598"
"6763030","BUENOS AIRES","San Nicolás","General Rojo","SATELITAL","21"
"6763030","BUENOS AIRES","San Nicolás","General Rojo","WIRELESS","1"
"6763040","BUENOS AIRES","San Nicolás","La Emilia","CELULAR","5"
"6763040","BUENOS AIRES","San Nicolás","La Emilia","SATELITAL","21"
"6763050","BUENOS AIRES","San Nicolás","San Nicolás de los Arroyos","ADSL","2.080"
"6763050","BUENOS AIRES","San Nicolás","San Nicolás de los Arroyos","CABLEMODEM","14.485"
"6763050","BUENOS AIRES","San Nicolás","San Nicolás de los Arroyos","CELULAR","8"
"6763050","BUENOS AIRES","San Nicolás","San Nicolás de los Arroyos","DIAL UP","1"
"6763050","BUENOS AIRES","San Nicolás","San Nicolás de los Arroyos","FIBRA OPTICA","22.687"
"6763050","BUENOS AIRES","San Nicolás","San Nicolás de los Arroyos","SATELITAL","786"
"6763050","BUENOS AIRES","San Nicolás","San Nicolás de los Arroyos","WIRELESS","260"
"6763010","BUENOS AIRES","San Nicolás","Villa Campi","SATELITAL","2"
"6763010","BUENOS AIRES","San Nicolás","Villa Canto","SATELITAL","15"
"6763060","BUENOS AIRES","San Nicolás","Villa Esperanza","SATELITAL","78"
"6763010","BUENOS AIRES","San Nicolás","Villa Riccio","SATELITAL","16"
"6770010","BUENOS AIRES","San Pedro","Gobernador Castro","SATELITAL","61"
"6770015","BUENOS AIRES","San Pedro","Ingeniero Moneta","SATELITAL","14"
"6770015","BUENOS AIRES","San Pedro","Ingeniero Moneta","WIRELESS","17"
"6770020","BUENOS AIRES","San Pedro","Obligado","SATELITAL","44"
"0","BUENOS AIRES","San Pedro","Otros","SATELITAL","44"
"6770030","BUENOS AIRES","San Pedro","Pueblo Doyle","SATELITAL","56"
"6770030","BUENOS AIRES","San Pedro","Pueblo Doyle","WIRELESS","8"
"6770040","BUENOS AIRES","San Pedro","Río Tala","Otros","237"
"6770040","BUENOS AIRES","San Pedro","Río Tala","SATELITAL","88"
"6770040","BUENOS AIRES","San Pedro","Río Tala","WIRELESS","35"
"6770050","BUENOS AIRES","San Pedro","San Pedro","ADSL","684"
"6770050","BUENOS AIRES","San Pedro","San Pedro","CABLEMODEM","5.785"
"6770050","BUENOS AIRES","San Pedro","San Pedro","CELULAR","26"
"6770050","BUENOS AIRES","San Pedro","San Pedro","FIBRA OPTICA","10.876"
"6770050","BUENOS AIRES","San Pedro","San Pedro","Otros","78"
"6770050","BUENOS AIRES","San Pedro","San Pedro","SATELITAL","438"
"6770050","BUENOS AIRES","San Pedro","San Pedro","WIRELESS","382"
"6770060","BUENOS AIRES","San Pedro","Santa Lucía","ADSL","423"
"6770060","BUENOS AIRES","San Pedro","Santa Lucía","FIBRA OPTICA","188"
"6770060","BUENOS AIRES","San Pedro","Santa Lucía","SATELITAL","157"
"6770060","BUENOS AIRES","San Pedro","Santa Lucía","WIRELESS","61"
"6778020","BUENOS AIRES","San Vicente","Alejandro Korn","ADSL","2"
"6778020","BUENOS AIRES","San Vicente","Alejandro Korn","CABLEMODEM","2.793"
"6778020","BUENOS AIRES","San Vicente","Alejandro Korn","CELULAR","5"
"6778020","BUENOS AIRES","San Vicente","Alejandro Korn","DIAL UP","4"
"6778020","BUENOS AIRES","San Vicente","Alejandro Korn","FIBRA OPTICA","9.438"
"6778020","BUENOS AIRES","San Vicente","Alejandro Korn","SATELITAL","497"
"6778020","BUENOS AIRES","San Vicente","Alejandro Korn","WIRELESS","365"
"6778020","BUENOS AIRES","San Vicente","Domselaar","CABLEMODEM","1.676"
"6778020","BUENOS AIRES","San Vicente","Domselaar","SATELITAL","142"
"6778020","BUENOS AIRES","San Vicente","Domselaar","WIRELESS","94"
"0","BUENOS AIRES","San Vicente","Otros","SATELITAL","14"
"6778020","BUENOS AIRES","San Vicente","San Vicente","ADSL","1"
"6778020","BUENOS AIRES","San Vicente","San Vicente","CABLEMODEM","2.761"
"6778020","BUENOS AIRES","San Vicente","San Vicente","CELULAR","1"
"6778020","BUENOS AIRES","San Vicente","San Vicente","DIAL UP","4"
"6778020","BUENOS AIRES","San Vicente","San Vicente","FIBRA OPTICA","5.540"
"6778020","BUENOS AIRES","San Vicente","San Vicente","Otros","1"
"6778020","BUENOS AIRES","San Vicente","San Vicente","SATELITAL","606"
"6778020","BUENOS AIRES","San Vicente","San Vicente","WIRELESS","368"
"6784010","BUENOS AIRES","Suipacha","General Rivas","ADSL","85"
"6784010","BUENOS AIRES","Suipacha","General Rivas","FIBRA OPTICA","8"
"6784010","BUENOS AIRES","Suipacha","General Rivas","SATELITAL","50"
"6784010","BUENOS AIRES","Suipacha","General Rivas","WIRELESS","93"
"0","BUENOS AIRES","Suipacha","Otros","SATELITAL","11"
"6784020","BUENOS AIRES","Suipacha","Suipacha","ADSL","123"
"6784020","BUENOS AIRES","Suipacha","Suipacha","CABLEMODEM","6"
"6784020","BUENOS AIRES","Suipacha","Suipacha","DIAL UP","2"
"6784020","BUENOS AIRES","Suipacha","Suipacha","FIBRA OPTICA","3.659"
"6784020","BUENOS AIRES","Suipacha","Suipacha","SATELITAL","314"
"6784020","BUENOS AIRES","Suipacha","Suipacha","WIRELESS","470"
"6791010","BUENOS AIRES","Tandil","De la Canal","SATELITAL","20"
"6791010","BUENOS AIRES","Tandil","De la Canal","WIRELESS","51"
"6791050","BUENOS AIRES","Tandil","Desvío Aguirre","CABLEMODEM","5"
"6791050","BUENOS AIRES","Tandil","Desvío Aguirre","FIBRA OPTICA","13"
"6791050","BUENOS AIRES","Tandil","Desvío Aguirre","SATELITAL","79"
"6791050","BUENOS AIRES","Tandil","Desvío Aguirre","WIRELESS","3"
"6791030","BUENOS AIRES","Tandil","Gardey","FIBRA OPTICA","329"
"6791030","BUENOS AIRES","Tandil","Gardey","SATELITAL","68"
"6791030","BUENOS AIRES","Tandil","Gardey","WIRELESS","45"
"6791040","BUENOS AIRES","Tandil","María Ignacia  (Est. Vela)","ADSL","268"
"6791040","BUENOS AIRES","Tandil","María Ignacia  (Est. Vela)","FIBRA OPTICA","2"
"6791040","BUENOS AIRES","Tandil","María Ignacia  (Est. Vela)","SATELITAL","93"
"6791040","BUENOS AIRES","Tandil","María Ignacia  (Est. Vela)","WIRELESS","32"
"0","BUENOS AIRES","Tandil","Otros","SATELITAL","244"
"6791050","BUENOS AIRES","Tandil","Tandil","ADSL","78"
"6791050","BUENOS AIRES","Tandil","Tandil","CABLEMODEM","41.101"
"6791050","BUENOS AIRES","Tandil","Tandil","CELULAR","4"
"6791050","BUENOS AIRES","Tandil","Tandil","DIAL UP","165"
"6791050","BUENOS AIRES","Tandil","Tandil","FIBRA OPTICA","4.885"
"6791050","BUENOS AIRES","Tandil","Tandil","SATELITAL","2.485"
"6791050","BUENOS AIRES","Tandil","Tandil","WIRELESS","1.376"
"6798010","BUENOS AIRES","Tapalqué","Crotto","SATELITAL","25"
"0","BUENOS AIRES","Tapalqué","Otros","SATELITAL","116"
"6798020","BUENOS AIRES","Tapalqué","Tapalqué","CABLEMODEM","1"
"6798020","BUENOS AIRES","Tapalqué","Tapalqué","FIBRA OPTICA","20"
"6798020","BUENOS AIRES","Tapalqué","Tapalqué","SATELITAL","154"
"6798030","BUENOS AIRES","Tapalqué","Velloso","SATELITAL","28"
"6805010","BUENOS AIRES","Tigre","Benavídez","ADSL","813"
"6805010","BUENOS AIRES","Tigre","Benavídez","CABLEMODEM","8.320"
"6805010","BUENOS AIRES","Tigre","Benavídez","CELULAR","13"
"6805010","BUENOS AIRES","Tigre","Benavídez","FIBRA OPTICA","14.167"
"6805010","BUENOS AIRES","Tigre","Benavídez","SATELITAL","328"
"6805010","BUENOS AIRES","Tigre","Benavídez","WIRELESS","1.605"
"6805010","BUENOS AIRES","Tigre","Dique Luján","CABLEMODEM","2.464"
"6805010","BUENOS AIRES","Tigre","Dique Luján","CELULAR","8"
"6805010","BUENOS AIRES","Tigre","Dique Luján","FIBRA OPTICA","557"
"6805010","BUENOS AIRES","Tigre","Dique Luján","SATELITAL","572"
"6805010","BUENOS AIRES","Tigre","Dique Luján","WIRELESS","104"
"6805010","BUENOS AIRES","Tigre","Don Torcuato Este","ADSL","57"
"6805010","BUENOS AIRES","Tigre","Don Torcuato Este","CABLEMODEM","4.094"
"6805010","BUENOS AIRES","Tigre","Don Torcuato Este","FIBRA OPTICA","16.398"
"6805010","BUENOS AIRES","Tigre","Don Torcuato Este","SATELITAL","211"
"6805010","BUENOS AIRES","Tigre","Don Torcuato Este","WIRELESS","21"
"6805010","BUENOS AIRES","Tigre","Don Torcuato Oeste","CABLEMODEM","7.429"
"6805010","BUENOS AIRES","Tigre","Don Torcuato Oeste","CELULAR","16"
"6805010","BUENOS AIRES","Tigre","Don Torcuato Oeste","FIBRA OPTICA","1"
"6805010","BUENOS AIRES","Tigre","Don Torcuato Oeste","SATELITAL","55"
"6805010","BUENOS AIRES","Tigre","Don Torcuato Oeste","WIRELESS","186"
"6805010","BUENOS AIRES","Tigre","El Talar","ADSL","17"
"6805010","BUENOS AIRES","Tigre","El Talar","CABLEMODEM","5.793"
"6805010","BUENOS AIRES","Tigre","El Talar","CELULAR","2"
"6805010","BUENOS AIRES","Tigre","El Talar","FIBRA OPTICA","11.609"
"6805010","BUENOS AIRES","Tigre","El Talar","SATELITAL","147"
"6805010","BUENOS AIRES","Tigre","El Talar","WIMAX","661"
"6805010","BUENOS AIRES","Tigre","El Talar","WIRELESS","78"
"6805010","BUENOS AIRES","Tigre","General Pacheco","ADSL","1.239"
"6805010","BUENOS AIRES","Tigre","General Pacheco","CABLEMODEM","10.323"
"6805010","BUENOS AIRES","Tigre","General Pacheco","CELULAR","11"
"6805010","BUENOS AIRES","Tigre","General Pacheco","FIBRA OPTICA","7.310"
"6805010","BUENOS AIRES","Tigre","General Pacheco","OTROS","5"
"6805010","BUENOS AIRES","Tigre","General Pacheco","SATELITAL","244"
"6805010","BUENOS AIRES","Tigre","General Pacheco","WIRELESS","12"
"6805010","BUENOS AIRES","Tigre","Los Troncos Del Talar","ADSL","33"
"6805010","BUENOS AIRES","Tigre","Los Troncos Del Talar","CABLEMODEM","5.759"
"6805010","BUENOS AIRES","Tigre","Los Troncos Del Talar","CELULAR","8"
"6805010","BUENOS AIRES","Tigre","Los Troncos Del Talar","FIBRA OPTICA","4.900"
"6805010","BUENOS AIRES","Tigre","Los Troncos Del Talar","SATELITAL","149"
"6805010","BUENOS AIRES","Tigre","Nordelta","CABLEMODEM","200"
"6805010","BUENOS AIRES","Tigre","Nordelta","FIBRA OPTICA","328"
"6805010","BUENOS AIRES","Tigre","Nordelta","SATELITAL","242"
"6805010","BUENOS AIRES","Tigre","Nordelta","WIRELESS","1"
"0","BUENOS AIRES","Tigre","Otros","SATELITAL","212"
"6805010","BUENOS AIRES","Tigre","Ricardo Rojas","ADSL","1.049"
"6805010","BUENOS AIRES","Tigre","Ricardo Rojas","CABLEMODEM","2.942"
"6805010","BUENOS AIRES","Tigre","Ricardo Rojas","CELULAR","1"
"6805010","BUENOS AIRES","Tigre","Ricardo Rojas","FIBRA OPTICA","3.610"
"6805010","BUENOS AIRES","Tigre","Ricardo Rojas","OTROS","6"
"6805010","BUENOS AIRES","Tigre","Ricardo Rojas","SATELITAL","117"
"6805010","BUENOS AIRES","Tigre","Ricardo Rojas","WIRELESS","1"
"6805010","BUENOS AIRES","Tigre","Rincón de Milberg","ADSL","431"
"6805010","BUENOS AIRES","Tigre","Rincón de Milberg","CABLEMODEM","8.711"
"6805010","BUENOS AIRES","Tigre","Rincón de Milberg","CELULAR","26"
"6805010","BUENOS AIRES","Tigre","Rincón de Milberg","FIBRA OPTICA","4.103"
"6805010","BUENOS AIRES","Tigre","Rincón de Milberg","SATELITAL","513"
"6805010","BUENOS AIRES","Tigre","Rincón de Milberg","WIRELESS","45"
"6805010","BUENOS AIRES","Tigre","Tigre","ADSL","40"
"6805010","BUENOS AIRES","Tigre","Tigre","CABLEMODEM","15.119"
"6805010","BUENOS AIRES","Tigre","Tigre","CELULAR","6"
"6805010","BUENOS AIRES","Tigre","Tigre","FIBRA OPTICA","15.830"
"6805010","BUENOS AIRES","Tigre","Tigre","Otros","1"
"6805010","BUENOS AIRES","Tigre","Tigre","SATELITAL","994"
"6805010","BUENOS AIRES","Tigre","Tigre","WIRELESS","181"
"6812010","BUENOS AIRES","Tordillo","General Conesa","CABLEMODEM","227"
"6812010","BUENOS AIRES","Tordillo","General Conesa","CELULAR","1"
"6812010","BUENOS AIRES","Tordillo","General Conesa","FIBRA OPTICA","2"
"6812010","BUENOS AIRES","Tordillo","General Conesa","SATELITAL","88"
"6812010","BUENOS AIRES","Tordillo","General Conesa","WIRELESS","63"
"0","BUENOS AIRES","Tordillo","Otros","SATELITAL","34"
"6812010","BUENOS AIRES","Tordillo","Villa Roch","SATELITAL","15"
"6812010","BUENOS AIRES","Tordillo","Villa Roch","WIRELESS","11"
"6819010","BUENOS AIRES","Tornquist","Chasicó","SATELITAL","13"
"0","BUENOS AIRES","Tornquist","Otros","SATELITAL","57"
"6819020","BUENOS AIRES","Tornquist","Saldungaray","ADSL","640"
"6819020","BUENOS AIRES","Tornquist","Saldungaray","SATELITAL","26"
"6819030","BUENOS AIRES","Tornquist","Sierra de la Ventana","CABLEMODEM","486"
"6819030","BUENOS AIRES","Tornquist","Sierra de la Ventana","FIBRA OPTICA","728"
"6819030","BUENOS AIRES","Tornquist","Sierra de la Ventana","SATELITAL","91"
"6819040","BUENOS AIRES","Tornquist","Tornquist","ADSL","54"
"6819040","BUENOS AIRES","Tornquist","Tornquist","FIBRA OPTICA","2.516"
"6819040","BUENOS AIRES","Tornquist","Tornquist","SATELITAL","191"
"6819040","BUENOS AIRES","Tornquist","Tornquist","WIRELESS","355"
"6819050","BUENOS AIRES","Tornquist","Tres Picos","SATELITAL","24"
"6819060","BUENOS AIRES","Tornquist","Villa Serrana La Gruta","CABLEMODEM","146"
"6819060","BUENOS AIRES","Tornquist","Villa Serrana La Gruta","SATELITAL","98"
"6819070","BUENOS AIRES","Tornquist","Villa Ventana","ADSL","58"
"6819070","BUENOS AIRES","Tornquist","Villa Ventana","FIBRA OPTICA","593"
"6819070","BUENOS AIRES","Tornquist","Villa Ventana","SATELITAL","80"
"6826040","BUENOS AIRES","Trenque Lauquen","30 de Agosto","FIBRA OPTICA","1.514"
"6826040","BUENOS AIRES","Trenque Lauquen","30 de Agosto","SATELITAL","215"
"6826010","BUENOS AIRES","Trenque Lauquen","Berutti","FIBRA OPTICA","358"
"6826010","BUENOS AIRES","Trenque Lauquen","Berutti","SATELITAL","32"
"6826020","BUENOS AIRES","Trenque Lauquen","Girodias","ADSL","31"
"6826020","BUENOS AIRES","Trenque Lauquen","Girodias","SATELITAL","51"
"6826020","BUENOS AIRES","Trenque Lauquen","Girodias","WIRELESS","2"
"6826030","BUENOS AIRES","Trenque Lauquen","La Carreta","SATELITAL","16"
"6826030","BUENOS AIRES","Trenque Lauquen","La Carreta","WIRELESS","2"
"0","BUENOS AIRES","Trenque Lauquen","OTROS","SATELITAL","239"
"6826050","BUENOS AIRES","Trenque Lauquen","Trenque Lauquen","ADSL","243"
"6826050","BUENOS AIRES","Trenque Lauquen","Trenque Lauquen","DIAL UP","59"
"6826050","BUENOS AIRES","Trenque Lauquen","Trenque Lauquen","FIBRA OPTICA","12.807"
"6826050","BUENOS AIRES","Trenque Lauquen","Trenque Lauquen","SATELITAL","835"
"6826050","BUENOS AIRES","Trenque Lauquen","Trenque Lauquen","WIRELESS","1.241"
"6826060","BUENOS AIRES","Trenque Lauquen","Trongé","SATELITAL","7"
"6826060","BUENOS AIRES","Trenque Lauquen","Trongé","WIRELESS","2"
"6833010","BUENOS AIRES","Tres Arroyos","Balneario Orense","SATELITAL","45"
"6833020","BUENOS AIRES","Tres Arroyos","Claromecó","ADSL","131"
"6833020","BUENOS AIRES","Tres Arroyos","Claromecó","CABLEMODEM","1"
"6833020","BUENOS AIRES","Tres Arroyos","Claromecó","FIBRA OPTICA","920"
"6833020","BUENOS AIRES","Tres Arroyos","Claromecó","SATELITAL","13"
"6833020","BUENOS AIRES","Tres Arroyos","Claromecó","WIRELESS","1.196"
"6833030","BUENOS AIRES","Tres Arroyos","Copetonas","FIBRA OPTICA","2"
"6833030","BUENOS AIRES","Tres Arroyos","Copetonas","SATELITAL","71"
"6833030","BUENOS AIRES","Tres Arroyos","Copetonas","WIRELESS","89"
"6833110","BUENOS AIRES","Tres Arroyos","Dunamar","SATELITAL","189"
"6833040","BUENOS AIRES","Tres Arroyos","Lin Calel","SATELITAL","15"
"6833040","BUENOS AIRES","Tres Arroyos","Lin Calel","WIRELESS","12"
"6833050","BUENOS AIRES","Tres Arroyos","Micaela Cascallares  (Est. Cascallares)","FIBRA OPTICA","1"
"6833050","BUENOS AIRES","Tres Arroyos","Micaela Cascallares  (Est. Cascallares)","SATELITAL","38"
"6833050","BUENOS AIRES","Tres Arroyos","Micaela Cascallares  (Est. Cascallares)","WIRELESS","173"
"6833060","BUENOS AIRES","Tres Arroyos","Orense","FIBRA OPTICA","247"
"6833060","BUENOS AIRES","Tres Arroyos","Orense","SATELITAL","93"
"6833060","BUENOS AIRES","Tres Arroyos","Orense","WIRELESS","478"
"0","BUENOS AIRES","Tres Arroyos","Otros","SATELITAL","117"
"6833070","BUENOS AIRES","Tres Arroyos","Reta","SATELITAL","146"
"6833070","BUENOS AIRES","Tres Arroyos","Reta","WIRELESS","224"
"6833080","BUENOS AIRES","Tres Arroyos","San Francisco de Bellocq","FIBRA OPTICA","3"
"6833080","BUENOS AIRES","Tres Arroyos","San Francisco de Bellocq","SATELITAL","37"
"6833080","BUENOS AIRES","Tres Arroyos","San Francisco de Bellocq","WIRELESS","162"
"6833090","BUENOS AIRES","Tres Arroyos","San Mayol","SATELITAL","18"
"6833090","BUENOS AIRES","Tres Arroyos","San Mayol","WIRELESS","19"
"6833100","BUENOS AIRES","Tres Arroyos","Tres Arroyos","ADSL","517"
"6833100","BUENOS AIRES","Tres Arroyos","Tres Arroyos","CABLEMODEM","13.192"
"6833100","BUENOS AIRES","Tres Arroyos","Tres Arroyos","DIAL UP","51"
"6833100","BUENOS AIRES","Tres Arroyos","Tres Arroyos","FIBRA OPTICA","1.764"
"6833100","BUENOS AIRES","Tres Arroyos","Tres Arroyos","SATELITAL","901"
"6833100","BUENOS AIRES","Tres Arroyos","Tres Arroyos","WIRELESS","1.726"
"6833110","BUENOS AIRES","Tres Arroyos","Villa Rodríguez  (Est. Barrow)","SATELITAL","13"
"6840010","BUENOS AIRES","Tres De Febrero","11 De Septiembre","ADSL","4"
"6840010","BUENOS AIRES","Tres De Febrero","11 De Septiembre","CABLEMODEM","984"
"6840010","BUENOS AIRES","Tres De Febrero","11 De Septiembre","FIBRA OPTICA","3"
"6840010","BUENOS AIRES","Tres de Febrero","11 De Septiembre","SATELITAL","15"
"6840010","BUENOS AIRES","Tres De Febrero","Caseros","ADSL","116"
"6840010","BUENOS AIRES","Tres De Febrero","Caseros","CABLEMODEM","25.720"
"6840010","BUENOS AIRES","Tres De Febrero","Caseros","CELULAR","38"
"6840010","BUENOS AIRES","Tres De Febrero","Caseros","FIBRA OPTICA","12.524"
"6840010","BUENOS AIRES","Tres de Febrero","Caseros","SATELITAL","122"
"6840010","BUENOS AIRES","Tres De Febrero","Caseros","WIRELESS","2"
"6840010","BUENOS AIRES","Tres De Febrero","Churruca","CABLEMODEM","1.286"
"6840010","BUENOS AIRES","Tres De Febrero","Churruca","CELULAR","15"
"6840010","BUENOS AIRES","Tres De Febrero","Churruca","FIBRA OPTICA","1.791"
"6840010","BUENOS AIRES","Tres de Febrero","Churruca","SATELITAL","21"
"6840010","BUENOS AIRES","Tres De Febrero","Ciudadela","ADSL","28"
"6840010","BUENOS AIRES","Tres De Febrero","Ciudadela","CABLEMODEM","11.849"
"6840010","BUENOS AIRES","Tres De Febrero","Ciudadela","CELULAR","15"
"6840010","BUENOS AIRES","Tres De Febrero","Ciudadela","DIAL UP","58"
"6840010","BUENOS AIRES","Tres De Febrero","Ciudadela","FIBRA OPTICA","17.346"
"6840010","BUENOS AIRES","Tres De Febrero","Ciudadela","SATELITAL","75"
"6840010","BUENOS AIRES","Tres De Febrero","Ciudadela","WIRELESS","3"
"6840010","BUENOS AIRES","Tres De Febrero","Ciudad Jardín Lomas del Palomar","ADSL","17"
"6840010","BUENOS AIRES","Tres De Febrero","Ciudad Jardín Lomas del Palomar","CABLEMODEM","5.978"
"6840010","BUENOS AIRES","Tres De Febrero","Ciudad Jardín Lomas del Palomar","FIBRA OPTICA","1.472"
"6840010","BUENOS AIRES","Tres de Febrero","Ciudad Jardín Lomas del Palomar","SATELITAL","48"
"6840010","BUENOS AIRES","Tres De Febrero","Ciudad Jardín Lomas del Palomar","WIRELESS","1"
"6840010","BUENOS AIRES","Tres De Febrero","El Libertador","ADSL","1"
"6840010","BUENOS AIRES","Tres De Febrero","El Libertador","CABLEMODEM","3.887"
"6840010","BUENOS AIRES","Tres De Febrero","El Libertador","CELULAR","5"
"6840010","BUENOS AIRES","Tres De Febrero","El Libertador","FIBRA OPTICA","3"
"6840010","BUENOS AIRES","Tres de Febrero","El Libertador","SATELITAL","13"
"6840010","BUENOS AIRES","Tres De Febrero","Jose Ingenieros","CABLEMODEM","2.095"
"6840010","BUENOS AIRES","Tres De Febrero","Jose Ingenieros","FIBRA OPTICA","667"
"6840010","BUENOS AIRES","Tres de Febrero","Jose Ingenieros","SATELITAL","31"
"6840010","BUENOS AIRES","Tres De Febrero","Jose Ingenieros","WIRELESS","5"
"6840010","BUENOS AIRES","Tres De Febrero","Loma Hermosa","ADSL","14"
"6840010","BUENOS AIRES","Tres De Febrero","Loma Hermosa","CABLEMODEM","6.534"
"6840010","BUENOS AIRES","Tres De Febrero","Loma Hermosa","CELULAR","21"
"6840010","BUENOS AIRES","Tres De Febrero","Loma Hermosa","FIBRA OPTICA","131"
"6840010","BUENOS AIRES","Tres de Febrero","Loma Hermosa","SATELITAL","35"
"6840010","BUENOS AIRES","Tres De Febrero","Martín Coronado","ADSL","2"
"6840010","BUENOS AIRES","Tres De Febrero","Martín Coronado","CABLEMODEM","5.448"
"6840010","BUENOS AIRES","Tres De Febrero","Martín Coronado","FIBRA OPTICA","3.331"
"6840010","BUENOS AIRES","Tres de Febrero","Martín Coronado","SATELITAL","51"
"6840010","BUENOS AIRES","Tres De Febrero","Pablo Podestá","ADSL","37"
"6840010","BUENOS AIRES","Tres De Febrero","Pablo Podestá","CABLEMODEM","3.863"
"6840010","BUENOS AIRES","Tres De Febrero","Pablo Podestá","FIBRA OPTICA","2.375"
"6840010","BUENOS AIRES","Tres de Febrero","Pablo Podestá","SATELITAL","33"
"6840010","BUENOS AIRES","Tres De Febrero","Pablo Podestá","WIRELESS","438"
"6840010","BUENOS AIRES","Tres De Febrero","Remedios De Escalada","CABLEMODEM","3.343"
"6840010","BUENOS AIRES","Tres De Febrero","Remedios De Escalada","CELULAR","2"
"6840010","BUENOS AIRES","Tres De Febrero","Remedios De Escalada","FIBRA OPTICA","10.613"
"6840010","BUENOS AIRES","Tres de Febrero","Remedios De Escalada","SATELITAL","11"
"6840010","BUENOS AIRES","Tres De Febrero","Saenz Peña","ADSL","4"
"6840010","BUENOS AIRES","Tres De Febrero","Saenz Peña","CABLEMODEM","5.948"
"6840010","BUENOS AIRES","Tres De Febrero","Saenz Peña","FIBRA OPTICA","1.333"
"6840010","BUENOS AIRES","Tres De Febrero","Saenz Peña","SATELITAL","30"
"6840010","BUENOS AIRES","Tres De Febrero","Santos Lugares","ADSL","8"
"6840010","BUENOS AIRES","Tres De Febrero","Santos Lugares","CABLEMODEM","7.380"
"6840010","BUENOS AIRES","Tres De Febrero","Santos Lugares","FIBRA OPTICA","1.853"
"6840010","BUENOS AIRES","Tres de Febrero","Santos Lugares","SATELITAL","53"
"6840010","BUENOS AIRES","Tres De Febrero","Villa Bosch (Est. Juan Maria Bosch)","CABLEMODEM","7.839"
"6840010","BUENOS AIRES","Tres De Febrero","Villa Bosch (Est. Juan Maria Bosch)","FIBRA OPTICA","7.987"
"6840010","BUENOS AIRES","Tres de Febrero","Villa Bosch (Est. Juan Maria Bosch)","SATELITAL","48"
"6840010","BUENOS AIRES","Tres De Febrero","Villa Raffo","ADSL","1"
"6840010","BUENOS AIRES","Tres De Febrero","Villa Raffo","CABLEMODEM","2.295"
"6840010","BUENOS AIRES","Tres De Febrero","Villa Raffo","FIBRA OPTICA","782"
"6840010","BUENOS AIRES","Tres de Febrero","Villa Raffo","SATELITAL","40"
"6847010","BUENOS AIRES","Tres Lomas","Ingeniero Thompson","SATELITAL","5"
"0","BUENOS AIRES","Tres Lomas","Otros","SATELITAL","19"
"6847020","BUENOS AIRES","Tres Lomas","Tres Lomas","ADSL","26"
"6847020","BUENOS AIRES","Tres Lomas","Tres Lomas","CABLEMODEM","324"
"6847020","BUENOS AIRES","Tres Lomas","Tres Lomas","DIAL UP","1"
"6847020","BUENOS AIRES","Tres Lomas","Tres Lomas","FIBRA OPTICA","1.125"
"6847020","BUENOS AIRES","Tres Lomas","Tres Lomas","Otros","319"
"6847020","BUENOS AIRES","Tres Lomas","Tres Lomas","SATELITAL","195"
"6847020","BUENOS AIRES","Tres Lomas","Tres Lomas","WIRELESS","203"
"6861010","BUENOS AIRES","Vicente López","Carapachay","ADSL","48"
"6861010","BUENOS AIRES","Vicente López","Carapachay","CABLEMODEM","3.166"
"6861010","BUENOS AIRES","Vicente López","Carapachay","FIBRA OPTICA","4.834"
"6861010","BUENOS AIRES","Vicente López","Carapachay","SATELITAL","36"
"6861010","BUENOS AIRES","Vicente López","Florida","ADSL","44"
"6861010","BUENOS AIRES","Vicente López","Florida","CABLEMODEM","7.805"
"6861010","BUENOS AIRES","Vicente López","Florida","FIBRA OPTICA","15.130"
"6861010","BUENOS AIRES","Vicente López","Florida","SATELITAL","534"
"6861010","BUENOS AIRES","Vicente López","Florida Oeste","ADSL","18"
"6861010","BUENOS AIRES","Vicente López","Florida Oeste","CABLEMODEM","5.097"
"6861010","BUENOS AIRES","Vicente López","Florida Oeste","FIBRA OPTICA","4.658"
"6861010","BUENOS AIRES","Vicente López","Florida Oeste","SATELITAL","111"
"6861010","BUENOS AIRES","Vicente López","Florida Oeste","WIRELESS","246"
"6861010","BUENOS AIRES","Vicente López","La Lucila","ADSL","19"
"6861010","BUENOS AIRES","Vicente López","La Lucila","CABLEMODEM","2.073"
"6861010","BUENOS AIRES","Vicente López","La Lucila","FIBRA OPTICA","3.731"
"6861010","BUENOS AIRES","Vicente López","La Lucila","SATELITAL","141"
"6861010","BUENOS AIRES","Vicente López","Munro","ADSL","41"
"6861010","BUENOS AIRES","Vicente López","Munro","CABLEMODEM","6.546"
"6861010","BUENOS AIRES","Vicente López","Munro","FIBRA OPTICA","9.947"
"6861010","BUENOS AIRES","Vicente López","Munro","SATELITAL","116"
"6861010","BUENOS AIRES","Vicente López","Munro","WIRELESS","2"
"6861010","BUENOS AIRES","Vicente López","Olivos","ADSL","137"
"6861010","BUENOS AIRES","Vicente López","Olivos","CABLEMODEM","12.217"
"6861010","BUENOS AIRES","Vicente López","Olivos","CELULAR","8"
"6861010","BUENOS AIRES","Vicente López","Olivos","FIBRA OPTICA","24.726"
"6861010","BUENOS AIRES","Vicente López","Olivos","Otros","1"
"6861010","BUENOS AIRES","Vicente López","Olivos","SATELITAL","159"
"6861010","BUENOS AIRES","Vicente López","Olivos","WIRELESS","2"
"6861010","BUENOS AIRES","Vicente López","Vicente López","ADSL","29"
"6861010","BUENOS AIRES","Vicente López","Vicente López","CABLEMODEM","5.522"
"6861010","BUENOS AIRES","Vicente López","Vicente López","DIAL UP","1"
"6861010","BUENOS AIRES","Vicente López","Vicente López","FIBRA OPTICA","9.143"
"6861010","BUENOS AIRES","Vicente López","Vicente López","SATELITAL","212"
"6861010","BUENOS AIRES","Vicente López","Vicente López","WIRELESS","1"
"6861010","BUENOS AIRES","Vicente López","Villa Adelina","CABLEMODEM","525"
"6861010","BUENOS AIRES","Vicente López","Villa Adelina","FIBRA OPTICA","1.549"
"6861010","BUENOS AIRES","Vicente López","Villa Adelina","SATELITAL","24"
"6861010","BUENOS AIRES","Vicente López","Villa Adelina","WIRELESS","1"
"6861010","BUENOS AIRES","Vicente López","Villa Martelli","ADSL","36"
"6861010","BUENOS AIRES","Vicente López","Villa Martelli","CABLEMODEM","5.092"
"6861010","BUENOS AIRES","Vicente López","Villa Martelli","CELULAR","11"
"6861010","BUENOS AIRES","Vicente López","Villa Martelli","FIBRA OPTICA","7.297"
"6861010","BUENOS AIRES","Vicente López","Villa Martelli","SATELITAL","89"
"6861010","BUENOS AIRES","Vicente López","Villa Martelli","WIRELESS","376"
"6868010","BUENOS AIRES","Villa Gesell","Mar Azul","SATELITAL","274"
"6868020","BUENOS AIRES","Villa Gesell","Mar De Las Pampas","SATELITAL","142"
"0","BUENOS AIRES","Villa Gesell","Otros","SATELITAL","1"
"6868020","BUENOS AIRES","Villa Gesell","Villa Gesell","ADSL","2.880"
"6868020","BUENOS AIRES","Villa Gesell","Villa Gesell","FIBRA OPTICA","8.911"
"6868020","BUENOS AIRES","Villa Gesell","Villa Gesell","Otros","143"
"6868020","BUENOS AIRES","Villa Gesell","Villa Gesell","SATELITAL","1.445"
"6875010","BUENOS AIRES","Villarino","Argerich","SATELITAL","12"
"6875010","BUENOS AIRES","Villarino","Argerich","WIRELESS","27"
"6875020","BUENOS AIRES","Villarino","Colonia San Adolfo","SATELITAL","25"
"6875025","BUENOS AIRES","Villarino","Country Los Medanos","SATELITAL","5"
"6875025","BUENOS AIRES","Villarino","Country Los Medanos","WIRELESS","267"
"6875030","BUENOS AIRES","Villarino","Hilario Ascasubi","SATELITAL","180"
"6875040","BUENOS AIRES","Villarino","Juan Cousté  (Est. Algarrobo)","DIAL UP","1"
"6875040","BUENOS AIRES","Villarino","Juan Cousté  (Est. Algarrobo)","SATELITAL","128"
"6875040","BUENOS AIRES","Villarino","Juan Cousté  (Est. Algarrobo)","WIRELESS","82"
"6875050","BUENOS AIRES","Villarino","Mayor Buratovich","FIBRA OPTICA","710"
"6875050","BUENOS AIRES","Villarino","Mayor Buratovich","SATELITAL","116"
"6875050","BUENOS AIRES","Villarino","Mayor Buratovich","WIRELESS","2"
"6875060","BUENOS AIRES","Villarino","Médanos","ADSL","343"
"6875060","BUENOS AIRES","Villarino","Médanos","CABLEMODEM","606"
"6875060","BUENOS AIRES","Villarino","Médanos","DIAL UP","1"
"6875060","BUENOS AIRES","Villarino","Médanos","FIBRA OPTICA","1"
"6875060","BUENOS AIRES","Villarino","Médanos","SATELITAL","495"
"6875060","BUENOS AIRES","Villarino","Médanos","WIRELESS","111"
"0","BUENOS AIRES","Villarino","Otros","SATELITAL","211"
"6875070","BUENOS AIRES","Villarino","Pedro Luro","ADSL","347"
"6875070","BUENOS AIRES","Villarino","Pedro Luro","CABLEMODEM","582"
"6875070","BUENOS AIRES","Villarino","Pedro Luro","FIBRA OPTICA","1.664"
"6875070","BUENOS AIRES","Villarino","Pedro Luro","Otros","1"
"6875070","BUENOS AIRES","Villarino","Pedro Luro","SATELITAL","412"
"6875070","BUENOS AIRES","Villarino","Pedro Luro","WIRELESS","550"
"6875080","BUENOS AIRES","Villarino","Teniente Origone","SATELITAL","22"
"6875080","BUENOS AIRES","Villarino","Teniente Origone","WIRELESS","74"
"6882050","BUENOS AIRES","Zárate","Barrio Saavedra","SATELITAL","239"
"6882020","BUENOS AIRES","Zárate","Country Club El Casco","SATELITAL","233"
"6882030","BUENOS AIRES","Zárate","Escalada","SATELITAL","97"
"6882030","BUENOS AIRES","Zárate","Escalada","WIRELESS","75"
"6882040","BUENOS AIRES","Zárate","Lima","ADSL","1"
"6882040","BUENOS AIRES","Zárate","Lima","CELULAR","2"
"6882040","BUENOS AIRES","Zárate","Lima","FIBRA OPTICA","2"
"6882040","BUENOS AIRES","Zárate","Lima","SATELITAL","372"
"6882040","BUENOS AIRES","Zárate","Lima","WIRELESS","905"
"0","BUENOS AIRES","Zárate","Otros","SATELITAL","113"
"6882050","BUENOS AIRES","Zárate","Zárate","ADSL","51"
"6882050","BUENOS AIRES","Zárate","Zárate","CABLEMODEM","20.397"
"6882050","BUENOS AIRES","Zárate","Zárate","CELULAR","33"
"6882050","BUENOS AIRES","Zárate","Zárate","FIBRA OPTICA","12.411"
"6882050","BUENOS AIRES","Zárate","Zárate","Otros","700"
"6882050","BUENOS AIRES","Zárate","Zárate","SATELITAL","299"
"6882050","BUENOS AIRES","Zárate","Zárate","WIRELESS","2.816"
"2000010","CABA","Ciudad Autónoma de Buenos Aires","Ciudad Autónoma de Buenos Aires","ADSL","12.235"
"2000010","CABA","Ciudad Autónoma de Buenos Aires","Ciudad Autónoma de Buenos Aires","CABLEMODEM","919.330"
"2000010","CABA","Ciudad Autónoma de Buenos Aires","Ciudad Autónoma de Buenos Aires","CELULAR","116"
"2000010","CABA","Ciudad Autónoma de Buenos Aires","Ciudad Autónoma de Buenos Aires","DIAL UP","2.447"
"2000010","CABA","Ciudad Autónoma de Buenos Aires","Ciudad Autónoma de Buenos Aires","FIBRA OPTICA","681.168"
"2000010","CABA","Ciudad Autónoma de Buenos Aires","Ciudad Autónoma de Buenos Aires","Otros","200"
"2000010","CABA","Ciudad Autónoma de Buenos Aires","Ciudad Autónoma de Buenos Aires","SATELITAL","136"
"2000010","CABA","Ciudad Autónoma de Buenos Aires","Ciudad Autónoma de Buenos Aires","WIRELESS","4.166"
"2000010","CABA","Comuna 01","CONSTITUCION","SATELITAL","334"
"2000010","CABA","Comuna 01","MONSERRAT","SATELITAL","1.155"
"2000010","CABA","Comuna 01","PUERTO MADERO","SATELITAL","928"
"2000010","CABA","Comuna 01","RETIRO","SATELITAL","801"
"2000010","CABA","Comuna 01","SAN NICOLAS","SATELITAL","5.218"
"2000010","CABA","Comuna 01","SAN TELMO","SATELITAL","502"
"2000010","CABA","Comuna 02","RECOLETA","SATELITAL","1.154"
"2000010","CABA","Comuna 03","BALVANERA","SATELITAL","910"
"2000010","CABA","Comuna 03","SAN CRISTOBAL","SATELITAL","161"
"2000010","CABA","Comuna 04","BARRACAS","SATELITAL","1.586"
"2000010","CABA","Comuna 04","BOCA","SATELITAL","286"
"2000010","CABA","Comuna 04","NUEVA POMPEYA","SATELITAL","189"
"2000010","CABA","Comuna 04","PARQUE PATRICIOS","SATELITAL","184"
"2000010","CABA","Comuna 05","ALMAGRO","SATELITAL","464"
"2000010","CABA","Comuna 05","BOEDO","SATELITAL","665"
"2000010","CABA","Comuna 06","CABALLITO","SATELITAL","914"
"2000010","CABA","Comuna 07","FLORES","SATELITAL","313"
"2000010","CABA","Comuna 07","PARQUE CHACABUCO","SATELITAL","197"
"2000010","CABA","Comuna 08","VILLA LUGANO","SATELITAL","300"
"2000010","CABA","Comuna 08","VILLA RIACHUELO","SATELITAL","59"
"2000010","CABA","Comuna 08","VILLA SOLDATI","SATELITAL","97"
"2000010","CABA","Comuna 09","LINIERS","SATELITAL","136"
"2000010","CABA","Comuna 09","MATADEROS","SATELITAL","922"
"2000010","CABA","Comuna 09","PARQUE AVELLANEDA","SATELITAL","127"
"2000010","CABA","Comuna 10","FLORESTA","SATELITAL","137"
"2000010","CABA","Comuna 10","MONTE CASTRO","SATELITAL","88"
"2000010","CABA","Comuna 10","VELEZ SARSFIELD","SATELITAL","75"
"2000010","CABA","Comuna 10","VERSALLES","SATELITAL","34"
"2000010","CABA","Comuna 10","VILLA LURO","SATELITAL","70"
"2000010","CABA","Comuna 10","VILLA REAL","SATELITAL","35"
"2000010","CABA","Comuna 11","VILLA DEL PARQUE","SATELITAL","149"
"2000010","CABA","Comuna 11","VILLA DEVOTO","SATELITAL","282"
"2000010","CABA","Comuna 11","VILLA GENERAL MITRE","SATELITAL","118"
"2000010","CABA","Comuna 11","VILLA SANTA RITA","SATELITAL","66"
"2000010","CABA","Comuna 12","COGHLAN","SATELITAL","127"
"2000010","CABA","Comuna 12","SAAVEDRA","SATELITAL","143"
"2000010","CABA","Comuna 12","VILLA PUEYRREDON","SATELITAL","203"
"2000010","CABA","Comuna 12","VILLA URQUIZA","SATELITAL","238"
"2000010","CABA","Comuna 13","BELGRANO","SATELITAL","606"
"2000010","CABA","Comuna 13","COLEGIALES","SATELITAL","333"
"2000010","CABA","Comuna 13","NUÑEZ","SATELITAL","247"
"2000010","CABA","Comuna 14","PALERMO","SATELITAL","2.157"
"2000010","CABA","Comuna 15","AGRONOMIA","SATELITAL","36"
"2000010","CABA","Comuna 15","CHACARITA","SATELITAL","230"
"2000010","CABA","Comuna 15","PARQUE CHAS","SATELITAL","45"
"2000010","CABA","Comuna 15","PATERNAL","SATELITAL","85"
"2000010","CABA","Comuna 15","VILLA CRESPO","SATELITAL","317"
"2000010","CABA","Comuna 15","VILLA ORTUZAR","SATELITAL","92"
"10007010","CATAMARCA","Ambato","Chuchucaruana","SATELITAL","5"
"10007020","CATAMARCA","Ambato","Colpes","SATELITAL","2"
"10007030","CATAMARCA","Ambato","El Bolsón","SATELITAL","67"
"10007040","CATAMARCA","Ambato","El Rodeo","SATELITAL","248"
"10007040","CATAMARCA","Ambato","El Rodeo","WIRELESS","152"
"10007050","CATAMARCA","Ambato","Huaycama","SATELITAL","14"
"10007060","CATAMARCA","Ambato","La Puerta","SATELITAL","48"
"10007070","CATAMARCA","Ambato","Las Chacritas","SATELITAL","29"
"10007080","CATAMARCA","Ambato","Las Juntas","SATELITAL","229"
"10007090","CATAMARCA","Ambato","Los Castillos","SATELITAL","37"
"10007100","CATAMARCA","Ambato","Los Talas","SATELITAL","47"
"10007100","CATAMARCA","Ambato","Los Talas","WIRELESS","66"
"10007110","CATAMARCA","Ambato","Los Varela","SATELITAL","76"
"0","CATAMARCA","Ambato","Otros","SATELITAL","5"
"10007120","CATAMARCA","Ambato","Singuil","SATELITAL","46"
"10014010","CATAMARCA","Ancasti","Ancasti","SATELITAL","89"
"10014020","CATAMARCA","Ancasti","Anquincila","SATELITAL","85"
"10014030","CATAMARCA","Ancasti","La Candelaria","SATELITAL","31"
"10014040","CATAMARCA","Ancasti","La Majada","SATELITAL","43"
"0","CATAMARCA","Ancasti","Otros","SATELITAL","77"
"10021010","CATAMARCA","Andalgalá","Aconquija","SATELITAL","283"
"10021010","CATAMARCA","Andalgalá","Alto De Las Juntas","SATELITAL","45"
"10021010","CATAMARCA","Andalgalá","Amanao","SATELITAL","5"
"10021020","CATAMARCA","Andalgalá","Andalgalá","ADSL","366"
"10021020","CATAMARCA","Andalgalá","Andalgalá","CELULAR","46"
"10021020","CATAMARCA","Andalgalá","Andalgalá","FIBRA OPTICA","144"
"10021020","CATAMARCA","Andalgalá","Andalgalá","SATELITAL","704"
"10021020","CATAMARCA","Andalgalá","Andalgalá","WIRELESS","203"
"10021010","CATAMARCA","Andalgalá","Buena Vista","SATELITAL","19"
"10021030","CATAMARCA","Andalgalá","Chaquiago","FIBRA OPTICA","9"
"10021030","CATAMARCA","Andalgalá","Chaquiago","SATELITAL","69"
"10021030","CATAMARCA","Andalgalá","Chaquiago","WIRELESS","14"
"10021040","CATAMARCA","Andalgalá","Choya","SATELITAL","27"
"10021050","CATAMARCA","Andalgalá","El Alamito","WIRELESS","20"
"10021070","CATAMARCA","Andalgalá","El Potrero","FIBRA OPTICA","13"
"10021070","CATAMARCA","Andalgalá","El Potrero","SATELITAL","13"
"10021080","CATAMARCA","Andalgalá","La Aguada","FIBRA OPTICA","11"
"10021080","CATAMARCA","Andalgalá","La Aguada","SATELITAL","10"
"10021080","CATAMARCA","Andalgalá","La Aguada","WIRELESS","5"
"0","CATAMARCA","Andalgalá","Otros","SATELITAL","93"
"10028010","CATAMARCA","Antofagasta de la Sierra","Antofagasta de la Sierra","SATELITAL","245"
"10028020","CATAMARCA","Antofagasta de la Sierra","Antofalla","SATELITAL","22"
"10028030","CATAMARCA","Antofagasta de la Sierra","El Peñón","SATELITAL","117"
"10028040","CATAMARCA","Antofagasta de la Sierra","Los Nacimientos","SATELITAL","6"
"0","CATAMARCA","Antofagasta de la Sierra","Otros","SATELITAL","111"
"10035010","CATAMARCA","Belén","Barranca Larga","SATELITAL","43"
"10035020","CATAMARCA","Belén","Belén","SATELITAL","1.180"
"10035020","CATAMARCA","Belén","Belén","WIRELESS","34"
"10035030","CATAMARCA","Belén","Cóndor Huasi","SATELITAL","20"
"10035040","CATAMARCA","Belén","Corral Quemado","SATELITAL","102"
"10035050","CATAMARCA","Belén","El Durazno","SATELITAL","8"
"10035060","CATAMARCA","Belén","Farallón Negro","SATELITAL","19"
"10035070","CATAMARCA","Belén","Hualfín","SATELITAL","71"
"10035080","CATAMARCA","Belén","Jacipunco","SATELITAL","13"
"10035090","CATAMARCA","Belén","La Puntilla","SATELITAL","113"
"10035100","CATAMARCA","Belén","Las Juntas","SATELITAL","132"
"10035100","CATAMARCA","Belén","Las Juntas","WIRELESS","5"
"10035110","CATAMARCA","Belén","Londres","SATELITAL","244"
"10035110","CATAMARCA","Belén","Londres","WIRELESS","24"
"10035120","CATAMARCA","Belén","Los Nacimientos","SATELITAL","14"
"0","CATAMARCA","Belén","Otros","SATELITAL","246"
"10035130","CATAMARCA","Belén","Puerta de Corral Quemado","SATELITAL","31"
"10035140","CATAMARCA","Belén","Puerta de San José","SATELITAL","81"
"10035150","CATAMARCA","Belén","Villa Vil","SATELITAL","71"
"10042010","CATAMARCA","Capayán","Adolfo E. Carranza","SATELITAL","1"
"10042020","CATAMARCA","Capayán","Balde de la Punta","SATELITAL","52"
"10042030","CATAMARCA","Capayán","Capayán","SATELITAL","17"
"10042040","CATAMARCA","Capayán","Chumbicha","ADSL","37"
"10042040","CATAMARCA","Capayán","Chumbicha","CELULAR","1"
"10042040","CATAMARCA","Capayán","Chumbicha","FIBRA OPTICA","5"
"10042040","CATAMARCA","Capayán","Chumbicha","SATELITAL","51"
"10042040","CATAMARCA","Capayán","Chumbicha","WIRELESS","474"
"10042050","CATAMARCA","Capayán","Colonia del Valle","SATELITAL","46"
"10042060","CATAMARCA","Capayán","Colonia Nueva Coneta","FIBRA OPTICA","8"
"10042060","CATAMARCA","Capayán","Colonia Nueva Coneta","SATELITAL","140"
"10042060","CATAMARCA","Capayán","Colonia Nueva Coneta","WIRELESS","9"
"10042070","CATAMARCA","Capayán","Concepción","SATELITAL","39"
"10042080","CATAMARCA","Capayán","Coneta","FIBRA OPTICA","10"
"10042080","CATAMARCA","Capayán","Coneta","SATELITAL","35"
"10042090","CATAMARCA","Capayán","El Bañado","SATELITAL","6"
"10042100","CATAMARCA","Capayán","Huillapima","FIBRA OPTICA","5"
"10042100","CATAMARCA","Capayán","Huillapima","SATELITAL","74"
"10042100","CATAMARCA","Capayán","Huillapima","WIRELESS","9"
"10042110","CATAMARCA","Capayán","Los Angeles","SATELITAL","49"
"10042110","CATAMARCA","Capayán","Los Angeles","WIRELESS","5"
"10042020","CATAMARCA","Capayán","Los Angeles Sur","SATELITAL","4"
"10042120","CATAMARCA","Capayán","Miraflores","FIBRA OPTICA","7"
"10042120","CATAMARCA","Capayán","Miraflores","SATELITAL","28"
"10042120","CATAMARCA","Capayán","Miraflores","WIRELESS","10"
"0","CATAMARCA","Capayán","Otros","SATELITAL","71"
"10042130","CATAMARCA","Capayán","San Martín","SATELITAL","25"
"10042140","CATAMARCA","Capayán","San Pablo","SATELITAL","20"
"10042150","CATAMARCA","Capayán","San Pedro","SATELITAL","56"
"10049020","CATAMARCA","Capital","Barrio Bancario","SATELITAL","1.460"
"10049020","CATAMARCA","Capital","El Pantanillo","FIBRA OPTICA","36"
"10049020","CATAMARCA","Capital","El Pantanillo","SATELITAL","78"
"0","CATAMARCA","Capital","Otros","SATELITAL","9"
"10049030","CATAMARCA","Capital","San Fernando del Valle de Catamarca","ADSL","600"
"10049030","CATAMARCA","Capital","San Fernando del Valle de Catamarca","CABLEMODEM","6.902"
"10049030","CATAMARCA","Capital","San Fernando del Valle de Catamarca","CELULAR","45"
"10049030","CATAMARCA","Capital","San Fernando del Valle de Catamarca","FIBRA OPTICA","57.861"
"10049030","CATAMARCA","Capital","San Fernando del Valle de Catamarca","SATELITAL","485"
"10049030","CATAMARCA","Capital","San Fernando del Valle de Catamarca","WIRELESS","14"
"10056010","CATAMARCA","El Alto","El Alto","SATELITAL","104"
"10056010","CATAMARCA","El Alto","El Alto","WIRELESS","28"
"10056020","CATAMARCA","El Alto","Guayamba","SATELITAL","200"
"10056030","CATAMARCA","El Alto","Infanzón","SATELITAL","22"
"10056040","CATAMARCA","El Alto","Los Corrales","SATELITAL","24"
"0","CATAMARCA","El Alto","Otros","SATELITAL","49"
"10056050","CATAMARCA","El Alto","Tapso","SATELITAL","68"
"10056060","CATAMARCA","El Alto","Vilismán","SATELITAL","55"
"10063010","CATAMARCA","Fray Mamerto Esquiú","Collagasta","CABLEMODEM","4"
"10063050","CATAMARCA","Fray Mamerto Esquiú","El Hueco","FIBRA OPTICA","26"
"10063050","CATAMARCA","Fray Mamerto Esquiú","El Hueco","SATELITAL","10"
"10063050","CATAMARCA","Fray Mamerto Esquiú","La Carrera","SATELITAL","20"
"10063050","CATAMARCA","Fray Mamerto Esquiú","La Falda De San Antonio","SATELITAL","42"
"10063050","CATAMARCA","Fray Mamerto Esquiú","La Falda De San Antonio","WIRELESS","5"
"10063050","CATAMARCA","Fray Mamerto Esquiú","La Tercena","SATELITAL","28"
"10063050","CATAMARCA","Fray Mamerto Esquiú","La Tercena","WIRELESS","5"
"10063020","CATAMARCA","Fray Mamerto Esquiú","Pomancillo Este","SATELITAL","60"
"10063030","CATAMARCA","Fray Mamerto Esquiú","Pomancillo Oeste","SATELITAL","12"
"10063050","CATAMARCA","Fray Mamerto Esquiú","San Antonio","FIBRA OPTICA","6"
"10063050","CATAMARCA","Fray Mamerto Esquiú","San Antonio","SATELITAL","40"
"10063040","CATAMARCA","Fray Mamerto Esquiú","San José","FIBRA OPTICA","1"
"10063040","CATAMARCA","Fray Mamerto Esquiú","San José","SATELITAL","36"
"10063050","CATAMARCA","Fray Mamerto Esquiú","Villa Las Pirquitas","SATELITAL","42"
"10070010","CATAMARCA","La Paz","Casa de Piedra","SATELITAL","24"
"10070020","CATAMARCA","La Paz","El Aybal","SATELITAL","29"
"10070030","CATAMARCA","La Paz","El Bañado","SATELITAL","11"
"10070040","CATAMARCA","La Paz","El Divisadero","SATELITAL","42"
"10070050","CATAMARCA","La Paz","El Quimilo","SATELITAL","23"
"10070060","CATAMARCA","La Paz","Esquiú","SATELITAL","69"
"10070070","CATAMARCA","La Paz","Icaño","SATELITAL","287"
"10070080","CATAMARCA","La Paz","La Dorada","SATELITAL","21"
"10070090","CATAMARCA","La Paz","La Guardia","SATELITAL","45"
"10070100","CATAMARCA","La Paz","Las Esquinas","SATELITAL","4"
"0","CATAMARCA","La Paz","Otros","SATELITAL","54"
"10070120","CATAMARCA","La Paz","Quirós","SATELITAL","36"
"10070120","CATAMARCA","La Paz","Quirós","WIRELESS","27"
"10070130","CATAMARCA","La Paz","Ramblones","SATELITAL","9"
"10070140","CATAMARCA","La Paz","Recreo","ADSL","3"
"10070140","CATAMARCA","La Paz","Recreo","CELULAR","3"
"10070140","CATAMARCA","La Paz","Recreo","FIBRA OPTICA","2.004"
"10070140","CATAMARCA","La Paz","Recreo","SATELITAL","446"
"10070140","CATAMARCA","La Paz","Recreo","WIRELESS","5"
"10070150","CATAMARCA","La Paz","San Antonio","SATELITAL","103"
"10070150","CATAMARCA","La Paz","San Antonio","WIRELESS","26"
"10077010","CATAMARCA","Paclín","Amadores","SATELITAL","30"
"10077020","CATAMARCA","Paclín","El Rosario","SATELITAL","24"
"10077030","CATAMARCA","Paclín","La Bajada","SATELITAL","13"
"10077040","CATAMARCA","Paclín","La Higuera","SATELITAL","51"
"10077050","CATAMARCA","Paclín","La Merced","ADSL","26"
"10077050","CATAMARCA","Paclín","La Merced","CELULAR","2"
"10077050","CATAMARCA","Paclín","La Merced","SATELITAL","35"
"10077050","CATAMARCA","Paclín","La Merced","WIRELESS","5"
"10077070","CATAMARCA","Paclín","Las Lajas","SATELITAL","49"
"10077060","CATAMARCA","Paclín","La Viña","SATELITAL","33"
"10077060","CATAMARCA","Paclín","La Viña","WIRELESS","10"
"10077080","CATAMARCA","Paclín","Monte Potrero","SATELITAL","7"
"10077090","CATAMARCA","Paclín","Palo Labrado","SATELITAL","12"
"10077100","CATAMARCA","Paclín","San Antonio","SATELITAL","74"
"10077100","CATAMARCA","Paclín","San Antonio","WIRELESS","7"
"10077110","CATAMARCA","Paclín","Villa de Balcozna","SATELITAL","247"
"10084010","CATAMARCA","Pomán","Apoyaco","SATELITAL","2"
"10084020","CATAMARCA","Pomán","Colana","SATELITAL","10"
"10084030","CATAMARCA","Pomán","Colpes","SATELITAL","55"
"10084030","CATAMARCA","Pomán","Colpes","WIRELESS","16"
"10084040","CATAMARCA","Pomán","El Pajonal  (Est. Pomán)","SATELITAL","11"
"10084050","CATAMARCA","Pomán","Joyango","SATELITAL","8"
"10084060","CATAMARCA","Pomán","Mutquin","SATELITAL","111"
"0","CATAMARCA","Pomán","Otros","SATELITAL","4"
"10084070","CATAMARCA","Pomán","Pomán","SATELITAL","110"
"10084080","CATAMARCA","Pomán","Rincón","SATELITAL","46"
"10084090","CATAMARCA","Pomán","San Miguel","SATELITAL","28"
"10084090","CATAMARCA","Pomán","San Miguel","WIRELESS","7"
"10084100","CATAMARCA","Pomán","Saujil","SATELITAL","174"
"10084100","CATAMARCA","Pomán","Saujil","WIRELESS","169"
"10084110","CATAMARCA","Pomán","Siján","SATELITAL","78"
"10091010","CATAMARCA","Santa María","Andalhualá","SATELITAL","1"
"10091020","CATAMARCA","Santa María","Caspichango","SATELITAL","1"
"10091030","CATAMARCA","Santa María","Chañar Punco","ADSL","34"
"10091030","CATAMARCA","Santa María","Chañar Punco","FIBRA OPTICA","137"
"10091030","CATAMARCA","Santa María","Chañar Punco","SATELITAL","17"
"10091040","CATAMARCA","Santa María","El Cajón","SATELITAL","13"
"10091040","CATAMARCA","Santa María","El Cerrito","SATELITAL","162"
"10091050","CATAMARCA","Santa María","El Desmonte","SATELITAL","6"
"10091070","CATAMARCA","Santa María","Famatanca","ADSL","45"
"10091070","CATAMARCA","Santa María","Famatanca","SATELITAL","32"
"10091080","CATAMARCA","Santa María","Fuerte Quemado","SATELITAL","8"
"10091090","CATAMARCA","Santa María","La Hoyada","SATELITAL","11"
"10091100","CATAMARCA","Santa María","La Loma","ADSL","75"
"10091100","CATAMARCA","Santa María","La Loma","FIBRA OPTICA","73"
"10091100","CATAMARCA","Santa María","La Loma","SATELITAL","1"
"10091040","CATAMARCA","Santa María","Lampacito","SATELITAL","22"
"10091040","CATAMARCA","Santa María","La Puntilla","SATELITAL","3"
"10091110","CATAMARCA","Santa María","Las Mojarras","ADSL","47"
"10091110","CATAMARCA","Santa María","Las Mojarras","FIBRA OPTICA","107"
"10091120","CATAMARCA","Santa María","Loro Huasi","ADSL","107"
"10091120","CATAMARCA","Santa María","Loro Huasi","FIBRA OPTICA","95"
"0","CATAMARCA","Santa María","Otros","SATELITAL","18"
"10091130","CATAMARCA","Santa María","Punta de Balasto","SATELITAL","89"
"10091140","CATAMARCA","Santa María","San José","ADSL","126"
"10091140","CATAMARCA","Santa María","San José","FIBRA OPTICA","138"
"10091140","CATAMARCA","Santa María","San José","SATELITAL","2"
"10091040","CATAMARCA","Santa María","San Jose Norte","SATELITAL","1"
"10091150","CATAMARCA","Santa María","Santa María","ADSL","925"
"10091150","CATAMARCA","Santa María","Santa María","FIBRA OPTICA","1.523"
"10091150","CATAMARCA","Santa María","Santa María","SATELITAL","27"
"10091150","CATAMARCA","Santa María","Santa María","WIRELESS","5"
"10091160","CATAMARCA","Santa María","Yapes","SATELITAL","5"
"10098010","CATAMARCA","Santa Rosa","Alijilán","SATELITAL","48"
"10098020","CATAMARCA","Santa Rosa","Bañado de Ovanta","SATELITAL","67"
"10098030","CATAMARCA","Santa Rosa","Las Cañas","SATELITAL","42"
"10098040","CATAMARCA","Santa Rosa","Lavalle","SATELITAL","59"
"10098050","CATAMARCA","Santa Rosa","Los Altos","SATELITAL","79"
"10098050","CATAMARCA","Santa Rosa","Los Altos","WIRELESS","6"
"10098060","CATAMARCA","Santa Rosa","Manantiales","SATELITAL","10"
"0","CATAMARCA","Santa Rosa","Otros","SATELITAL","26"
"10098070","CATAMARCA","Santa Rosa","San Pedro","SATELITAL","48"
"10105010","CATAMARCA","Tinogasta","Anillaco","SATELITAL","9"
"10105020","CATAMARCA","Tinogasta","Antinaco","SATELITAL","9"
"10105030","CATAMARCA","Tinogasta","Banda de Lucero","SATELITAL","1"
"10105040","CATAMARCA","Tinogasta","Cerro Negro","SATELITAL","2"
"10105050","CATAMARCA","Tinogasta","Copacabana","SATELITAL","28"
"10105060","CATAMARCA","Tinogasta","Cordobita","SATELITAL","16"
"10105070","CATAMARCA","Tinogasta","Costa de Reyes","SATELITAL","7"
"10105090","CATAMARCA","Tinogasta","El Puesto","SATELITAL","23"
"10105100","CATAMARCA","Tinogasta","El Salado","SATELITAL","50"
"10105110","CATAMARCA","Tinogasta","Fiambalá","FIBRA OPTICA","8"
"10105110","CATAMARCA","Tinogasta","Fiambalá","SATELITAL","552"
"10105110","CATAMARCA","Tinogasta","Fiambalá","WIRELESS","7"
"10105080","CATAMARCA","Tinogasta","La Ramadita","SATELITAL","99"
"10105120","CATAMARCA","Tinogasta","Los Balverdis","SATELITAL","1"
"10105130","CATAMARCA","Tinogasta","Medanitos","SATELITAL","91"
"0","CATAMARCA","Tinogasta","Otros","SATELITAL","53"
"10105140","CATAMARCA","Tinogasta","Palo Blanco","SATELITAL","89"
"10105080","CATAMARCA","Tinogasta","Pampa Blanca","SATELITAL","4"
"10105150","CATAMARCA","Tinogasta","Punta del Agua","SATELITAL","10"
"10105160","CATAMARCA","Tinogasta","Saujil","SATELITAL","25"
"10105170","CATAMARCA","Tinogasta","Tatón","SATELITAL","33"
"10105180","CATAMARCA","Tinogasta","Tinogasta","ADSL","215"
"10105180","CATAMARCA","Tinogasta","Tinogasta","CELULAR","52"
"10105180","CATAMARCA","Tinogasta","Tinogasta","FIBRA OPTICA","1.828"
"10105180","CATAMARCA","Tinogasta","Tinogasta","SATELITAL","338"
"10112030","CATAMARCA","Valle Viejo","El Bañado","FIBRA OPTICA","7"
"10112030","CATAMARCA","Valle Viejo","El Bañado","SATELITAL","69"
"10112010","CATAMARCA","Valle Viejo","El Portezuelo","SATELITAL","14"
"10112020","CATAMARCA","Valle Viejo","Huaycama","SATELITAL","30"
"10112030","CATAMARCA","Valle Viejo","Las Tejas","SATELITAL","67"
"0","CATAMARCA","Valle Viejo","Otros","SATELITAL","5"
"10112030","CATAMARCA","Valle Viejo","Polcos","FIBRA OPTICA","213"
"10112030","CATAMARCA","Valle Viejo","Polcos","SATELITAL","12"
"10112030","CATAMARCA","Valle Viejo","Pozo Del Mistol","FIBRA OPTICA","18"
"10112030","CATAMARCA","Valle Viejo","Pozo Del Mistol","SATELITAL","23"
"10112040","CATAMARCA","Valle Viejo","San Isidro","CABLEMODEM","568"
"10112040","CATAMARCA","Valle Viejo","San Isidro","CELULAR","9"
"10112040","CATAMARCA","Valle Viejo","San Isidro","FIBRA OPTICA","2.432"
"10112040","CATAMARCA","Valle Viejo","San Isidro","SATELITAL","37"
"10112040","CATAMARCA","Valle Viejo","San Isidro","WIRELESS","5"
"10112050","CATAMARCA","Valle Viejo","Santa Cruz","SATELITAL","41"
"10112030","CATAMARCA","Valle Viejo","Santa Rosa","FIBRA OPTICA","759"
"10112030","CATAMARCA","Valle Viejo","Santa Rosa","SATELITAL","55"
"10112030","CATAMARCA","Valle Viejo","Santa Rosa","WIRELESS","5"
"10112030","CATAMARCA","Valle Viejo","Sumalao","FIBRA OPTICA","78"
"10112030","CATAMARCA","Valle Viejo","Sumalao","SATELITAL","113"
"10112030","CATAMARCA","Valle Viejo","Sumalao","WIRELESS","5"
"10112030","CATAMARCA","Valle Viejo","Villa Dolores","CELULAR","4"
"10112030","CATAMARCA","Valle Viejo","Villa Dolores","FIBRA OPTICA","103"
"10112030","CATAMARCA","Valle Viejo","Villa Dolores","SATELITAL","51"
"10112030","CATAMARCA","Valle Viejo","Villa Dolores","WIRELESS","5"
"22126010","CHACO","1º de Mayo","Barrio de los Pescadores","SATELITAL","34"
"22126020","CHACO","1º de Mayo","Colonia Benítez","ADSL","48"
"22126020","CHACO","1º de Mayo","Colonia Benítez","CELULAR","13"
"22126020","CHACO","1º de Mayo","Colonia Benítez","FIBRA OPTICA","11"
"22126020","CHACO","1º de Mayo","Colonia Benítez","SATELITAL","216"
"22126020","CHACO","1º de Mayo","Colonia Benítez","WIRELESS","2"
"22126030","CHACO","1º de Mayo","Margarita Belén","ADSL","103"
"22126030","CHACO","1º de Mayo","Margarita Belén","CELULAR","9"
"22126030","CHACO","1º de Mayo","Margarita Belén","FIBRA OPTICA","364"
"22126030","CHACO","1º de Mayo","Margarita Belén","SATELITAL","139"
"22126030","CHACO","1º de Mayo","Margarita Belén","WIRELESS","77"
"0","CHACO","1º de Mayo","Otros","SATELITAL","20"
"22039010","CHACO","2 de Abril","Hermoso Campo","CABLEMODEM","28"
"22039010","CHACO","2 de Abril","Hermoso Campo","FIBRA OPTICA","371"
"22039010","CHACO","2 de Abril","Hermoso Campo","SATELITAL","224"
"22039020","CHACO","2 de Abril","Itín","FIBRA OPTICA","79"
"22039020","CHACO","2 de Abril","Itín","SATELITAL","11"
"0","CHACO","2 de Abril","Otros","SATELITAL","33"
"22105010","CHACO","9 de Julio","Las Breñas","ADSL","382"
"22105010","CHACO","9 de Julio","Las Breñas","CELULAR","6"
"22105010","CHACO","9 de Julio","Las Breñas","FIBRA OPTICA","558"
"22105010","CHACO","9 de Julio","Las Breñas","SATELITAL","444"
"0","CHACO","9 de Julio","Otros","SATELITAL","278"
"22036010","CHACO","12 de Octubre","Gancedo","FIBRA OPTICA","66"
"22036010","CHACO","12 de Octubre","Gancedo","SATELITAL","109"
"22036010","CHACO","12 de Octubre","Gancedo","WIRELESS","150"
"22036020","CHACO","12 de Octubre","General Capdevila","Otros","58"
"22036020","CHACO","12 de Octubre","General Capdevila","SATELITAL","19"
"22036030","CHACO","12 de Octubre","General Pinedo","ADSL","69"
"22036030","CHACO","12 de Octubre","General Pinedo","CELULAR","1"
"22036030","CHACO","12 de Octubre","General Pinedo","FIBRA OPTICA","876"
"22036030","CHACO","12 de Octubre","General Pinedo","SATELITAL","171"
"22036030","CHACO","12 de Octubre","General Pinedo","WIRELESS","1"
"22036040","CHACO","12 de Octubre","Mesón de Fierro","SATELITAL","24"
"22036040","CHACO","12 de Octubre","Mesón de Fierro","WIRELESS","21"
"0","CHACO","12 de Octubre","Otros","SATELITAL","83"
"22036050","CHACO","12 de Octubre","Pampa Landriel","SATELITAL","17"
"22168010","CHACO","25 de Mayo","Colonia Aborigen","FIBRA OPTICA","56"
"22168010","CHACO","25 de Mayo","Colonia Aborigen","SATELITAL","31"
"22168020","CHACO","25 de Mayo","Machagai","ADSL","87"
"22168020","CHACO","25 de Mayo","Machagai","CABLEMODEM","473"
"22168020","CHACO","25 de Mayo","Machagai","CELULAR","7"
"22168020","CHACO","25 de Mayo","Machagai","FIBRA OPTICA","685"
"22168020","CHACO","25 de Mayo","Machagai","SATELITAL","165"
"22168020","CHACO","25 de Mayo","Machagai","WIRELESS","132"
"22168030","CHACO","25 de Mayo","Napalpí","SATELITAL","14"
"0","CHACO","25 de Mayo","Otros","SATELITAL","197"
"22007010","CHACO","Almirante Brown","Concepción del Bermejo","CELULAR","1"
"22007010","CHACO","Almirante Brown","Concepción del Bermejo","FIBRA OPTICA","99"
"22007010","CHACO","Almirante Brown","Concepción del Bermejo","SATELITAL","164"
"22007010","CHACO","Almirante Brown","Concepción del Bermejo","WIRELESS","230"
"22007020","CHACO","Almirante Brown","Los Frentones","FIBRA OPTICA","344"
"22007020","CHACO","Almirante Brown","Los Frentones","SATELITAL","108"
"22007020","CHACO","Almirante Brown","Los Frentones","WIRELESS","1"
"0","CHACO","Almirante Brown","Otros","SATELITAL","541"
"22007030","CHACO","Almirante Brown","Pampa del Infierno","FIBRA OPTICA","1.375"
"22007030","CHACO","Almirante Brown","Pampa del Infierno","SATELITAL","425"
"22007030","CHACO","Almirante Brown","Pampa del Infierno","WIRELESS","66"
"22007040","CHACO","Almirante Brown","Río Muerto","SATELITAL","17"
"22007050","CHACO","Almirante Brown","Taco Pozo","FIBRA OPTICA","735"
"22007050","CHACO","Almirante Brown","Taco Pozo","SATELITAL","172"
"22007050","CHACO","Almirante Brown","Taco Pozo","WIRELESS","80"
"22014010","CHACO","Bermejo","General Vedia","ADSL","41"
"22014010","CHACO","Bermejo","General Vedia","CELULAR","4"
"22014010","CHACO","Bermejo","General Vedia","FIBRA OPTICA","30"
"22014010","CHACO","Bermejo","General Vedia","SATELITAL","49"
"22014010","CHACO","Bermejo","General Vedia","WIRELESS","247"
"22014020","CHACO","Bermejo","Isla del Cerrito","SATELITAL","27"
"22014030","CHACO","Bermejo","La Leonesa","ADSL","112"
"22014030","CHACO","Bermejo","La Leonesa","CELULAR","3"
"22014030","CHACO","Bermejo","La Leonesa","FIBRA OPTICA","1.848"
"22014030","CHACO","Bermejo","La Leonesa","SATELITAL","98"
"22014030","CHACO","Bermejo","La Leonesa","WIRELESS","228"
"22014040","CHACO","Bermejo","Las Palmas","CELULAR","1"
"22014040","CHACO","Bermejo","Las Palmas","FIBRA OPTICA","46"
"22014040","CHACO","Bermejo","Las Palmas","SATELITAL","55"
"22014040","CHACO","Bermejo","Las Palmas","WIRELESS","261"
"0","CHACO","Bermejo","Otros","SATELITAL","45"
"22014050","CHACO","Bermejo","Puerto Bermejo Nuevo","FIBRA OPTICA","14"
"22014050","CHACO","Bermejo","Puerto Bermejo Nuevo","SATELITAL","9"
"22014050","CHACO","Bermejo","Puerto Bermejo Nuevo","WIRELESS","51"
"22014060","CHACO","Bermejo","Puerto Bermejo Viejo","SATELITAL","4"
"22014070","CHACO","Bermejo","Puerto Eva Perón","FIBRA OPTICA","15"
"22014070","CHACO","Bermejo","Puerto Eva Perón","SATELITAL","11"
"22014070","CHACO","Bermejo","Puerto Eva Perón","WIRELESS","41"
"22028010","CHACO","Chacabuco","Charata","ADSL","81"
"22028010","CHACO","Chacabuco","Charata","CABLEMODEM","2"
"22028010","CHACO","Chacabuco","Charata","CELULAR","3"
"22028010","CHACO","Chacabuco","Charata","FIBRA OPTICA","5.321"
"22028010","CHACO","Chacabuco","Charata","Otros","1"
"22028010","CHACO","Chacabuco","Charata","SATELITAL","706"
"22028010","CHACO","Chacabuco","Charata","WIRELESS","231"
"0","CHACO","Chacabuco","Otros","SATELITAL","151"
"0","CHACO","Comandante Fernández","Otros","SATELITAL","106"
"22021010","CHACO","Comandante Fernández","Presidencia Roque Sáenz Peña","ADSL","120"
"22021010","CHACO","Comandante Fernández","Presidencia Roque Sáenz Peña","CELULAR","14"
"22021010","CHACO","Comandante Fernández","Presidencia Roque Sáenz Peña","FIBRA OPTICA","19.718"
"22021010","CHACO","Comandante Fernández","Presidencia Roque Sáenz Peña","Otros","24"
"22021010","CHACO","Comandante Fernández","Presidencia Roque Sáenz Peña","SATELITAL","1.115"
"22021010","CHACO","Comandante Fernández","Presidencia Roque Sáenz Peña","WIRELESS","116"
"22043010","CHACO","Fray Justo Santa María De Oro","Chorotis","Otros","25"
"22043010","CHACO","Fray Justo Santa María de Oro","Chorotis","SATELITAL","40"
"0","CHACO","Fray Justo Santa María De Oro","OTROS","Otros","60"
"0","CHACO","Fray Justo Santa María de Oro","Otros","SATELITAL","62"
"22043020","CHACO","Fray Justo Santa María de Oro","Santa Sylvina","CABLEMODEM","32"
"22043020","CHACO","Fray Justo Santa María De Oro","Santa Sylvina","Otros","950"
"22043020","CHACO","Fray Justo Santa María de Oro","Santa Sylvina","SATELITAL","162"
"22043030","CHACO","Fray Justo Santa María de Oro","Venados Grandes","SATELITAL","25"
"22049010","CHACO","General Belgrano","Corzuela","ADSL","32"
"22049010","CHACO","General Belgrano","Corzuela","FIBRA OPTICA","183"
"22049010","CHACO","General Belgrano","Corzuela","SATELITAL","121"
"22049010","CHACO","General Belgrano","Corzuela","WIRELESS","28"
"0","CHACO","General Belgrano","Otros","SATELITAL","47"
"22056010","CHACO","General Donovan","La Escondida","ADSL","18"
"22056010","CHACO","General Donovan","La Escondida","CABLEMODEM","8"
"22056010","CHACO","General Donovan","La Escondida","CELULAR","2"
"22056010","CHACO","General Donovan","La Escondida","FIBRA OPTICA","110"
"22056010","CHACO","General Donovan","La Escondida","SATELITAL","29"
"22056030","CHACO","General Donovan","Lapachito","FIBRA OPTICA","23"
"22056030","CHACO","General Donovan","Lapachito","SATELITAL","17"
"22056020","CHACO","General Donovan","La Verde","ADSL","1"
"22056020","CHACO","General Donovan","La Verde","CELULAR","1"
"22056020","CHACO","General Donovan","La Verde","FIBRA OPTICA","51"
"22056020","CHACO","General Donovan","La Verde","Otros","305"
"22056020","CHACO","General Donovan","La Verde","SATELITAL","44"
"22056040","CHACO","General Donovan","Makallé","ADSL","9"
"22056040","CHACO","General Donovan","Makallé","CELULAR","1"
"22056040","CHACO","General Donovan","Makallé","SATELITAL","71"
"0","CHACO","General Donovan","Otros","SATELITAL","16"
"22063010","CHACO","General Güemes","El Espinillo","SATELITAL","102"
"22063020","CHACO","General Güemes","El Sauzal","SATELITAL","1"
"22063020","CHACO","General Güemes","El Sauzal","WIRELESS","62"
"22063030","CHACO","General Güemes","El Sauzalito","FIBRA OPTICA","321"
"22063030","CHACO","General Güemes","El Sauzalito","SATELITAL","67"
"22063030","CHACO","General Güemes","El Sauzalito","WIRELESS","100"
"22063040","CHACO","General Güemes","Fortín Lavalle","SATELITAL","55"
"22063040","CHACO","General Güemes","Fortín Lavalle","WIRELESS","36"
"22063050","CHACO","General Güemes","Fuerte Esperanza","FIBRA OPTICA","8"
"22063050","CHACO","General Güemes","Fuerte Esperanza","SATELITAL","110"
"22063060","CHACO","General Güemes","Juan José Castelli","ADSL","160"
"22063060","CHACO","General Güemes","Juan José Castelli","CABLEMODEM","805"
"22063060","CHACO","General Güemes","Juan José Castelli","CELULAR","3"
"22063060","CHACO","General Güemes","Juan José Castelli","FIBRA OPTICA","1.101"
"22063060","CHACO","General Güemes","Juan José Castelli","SATELITAL","945"
"22063060","CHACO","General Güemes","Juan José Castelli","WIRELESS","384"
"22063070","CHACO","General Güemes","Miraflores","FIBRA OPTICA","441"
"22063070","CHACO","General Güemes","Miraflores","SATELITAL","292"
"22063070","CHACO","General Güemes","Miraflores","WIRELESS","305"
"22063080","CHACO","General Güemes","Nueva Pompeya","SATELITAL","126"
"22063080","CHACO","General Güemes","Nueva Pompeya","WIRELESS","308"
"0","CHACO","General Güemes","Otros","SATELITAL","976"
"22063030","CHACO","General Güemes","Puerto Lavalle","SATELITAL","11"
"22063100","CHACO","General Güemes","Villa Río Bermejito","FIBRA OPTICA","194"
"22063100","CHACO","General Güemes","Villa Río Bermejito","SATELITAL","104"
"22063100","CHACO","General Güemes","Villa Río Bermejito","WIRELESS","222"
"22063110","CHACO","General Güemes","Wichi","SATELITAL","25"
"22063110","CHACO","General Güemes","Wichi","WIRELESS","91"
"22063120","CHACO","General Güemes","Zaparinqui","SATELITAL","49"
"22070010","CHACO","Independencia","Avia Terai","FIBRA OPTICA","42"
"22070010","CHACO","Independencia","Avia Terai","SATELITAL","86"
"22070010","CHACO","Independencia","Avia Terai","WIRELESS","196"
"22070020","CHACO","Independencia","Campo Largo","ADSL","51"
"22070020","CHACO","Independencia","Campo Largo","CELULAR","3"
"22070020","CHACO","Independencia","Campo Largo","FIBRA OPTICA","791"
"22070020","CHACO","Independencia","Campo Largo","Otros","3"
"22070020","CHACO","Independencia","Campo Largo","SATELITAL","111"
"22070020","CHACO","Independencia","Campo Largo","WIRELESS","72"
"22070030","CHACO","Independencia","Fortín Las Chuñas","SATELITAL","2"
"22070030","CHACO","Independencia","Fortín Las Chuñas","WIRELESS","1"
"22070040","CHACO","Independencia","Napenay","SATELITAL","48"
"22070040","CHACO","Independencia","Napenay","WIRELESS","118"
"0","CHACO","Independencia","Otros","SATELITAL","47"
"22077010","CHACO","Libertad","Colonia Popular","SATELITAL","79"
"22077020","CHACO","Libertad","Estación General Obligado","SATELITAL","3"
"22077030","CHACO","Libertad","Laguna Blanca","SATELITAL","16"
"0","CHACO","Libertad","Otros","SATELITAL","25"
"22077040","CHACO","Libertad","Puerto Tirol","ADSL","163"
"22077040","CHACO","Libertad","Puerto Tirol","CABLEMODEM","1"
"22077040","CHACO","Libertad","Puerto Tirol","CELULAR","2"
"22077040","CHACO","Libertad","Puerto Tirol","FIBRA OPTICA","761"
"22077040","CHACO","Libertad","Puerto Tirol","SATELITAL","248"
"22077040","CHACO","Libertad","Puerto Tirol","WIRELESS","74"
"22084010","CHACO","Libertador General San Martín","Ciervo Petiso","FIBRA OPTICA","133"
"22084010","CHACO","Libertador General San Martín","Ciervo Petiso","SATELITAL","6"
"22084020","CHACO","Libertador General San Martín","General José de San Martín","ADSL","28"
"22084020","CHACO","Libertador General San Martín","General José de San Martín","CABLEMODEM","11"
"22084020","CHACO","Libertador General San Martín","General José de San Martín","CELULAR","1"
"22084020","CHACO","Libertador General San Martín","General José de San Martín","FIBRA OPTICA","6.419"
"22084020","CHACO","Libertador General San Martín","General José de San Martín","SATELITAL","280"
"22084020","CHACO","Libertador General San Martín","General José de San Martín","WIRELESS","450"
"22084030","CHACO","Libertador General San Martín","La Eduvigis","FIBRA OPTICA","100"
"22084030","CHACO","Libertador General San Martín","La Eduvigis","SATELITAL","14"
"22084040","CHACO","Libertador General San Martín","Laguna Limpia","SATELITAL","14"
"22084040","CHACO","Libertador General San Martín","Laguna Limpia","WIRELESS","32"
"0","CHACO","Libertador General San Martín","Otros","SATELITAL","276"
"22084050","CHACO","Libertador General San Martín","Pampa Almirón","FIBRA OPTICA","104"
"22084050","CHACO","Libertador General San Martín","Pampa Almirón","SATELITAL","25"
"22084060","CHACO","Libertador General San Martín","Pampa del Indio","FIBRA OPTICA","723"
"22084060","CHACO","Libertador General San Martín","Pampa del Indio","SATELITAL","182"
"22084060","CHACO","Libertador General San Martín","Pampa del Indio","WIRELESS","77"
"22084070","CHACO","Libertador General San Martín","Presidencia Roca","CABLEMODEM","249"
"22084070","CHACO","Libertador General San Martín","Presidencia Roca","FIBRA OPTICA","371"
"22084070","CHACO","Libertador General San Martín","Presidencia Roca","SATELITAL","44"
"22084070","CHACO","Libertador General San Martín","Presidencia Roca","WIRELESS","46"
"22084080","CHACO","Libertador General San Martín","Selvas del Río de Oro","SATELITAL","13"
"0","CHACO","Maipú","Otros","SATELITAL","349"
"22091010","CHACO","Maipú","Tres Isletas","ADSL","85"
"22091010","CHACO","Maipú","Tres Isletas","CELULAR","7"
"22091010","CHACO","Maipú","Tres Isletas","SATELITAL","617"
"22091010","CHACO","Maipú","Tres Isletas","WIRELESS","38"
"22098010","CHACO","Mayor Luis J. Fontana","Coronel Du Graty","ADSL","66"
"22098010","CHACO","Mayor Luis J. Fontana","Coronel Du Graty","CABLEMODEM","73"
"22098010","CHACO","Mayor Luis J. Fontana","Coronel Du Graty","FIBRA OPTICA","553"
"22098010","CHACO","Mayor Luis J. Fontana","Coronel Du Graty","SATELITAL","289"
"22098010","CHACO","Mayor Luis J. Fontana","Coronel Du Graty","WIRELESS","625"
"22098020","CHACO","Mayor Luis J. Fontana","Enrique Urién","FIBRA OPTICA","37"
"22098020","CHACO","Mayor Luis J. Fontana","Enrique Urién","SATELITAL","18"
"0","CHACO","Mayor Luis J. Fontana","Otros","SATELITAL","164"
"22098030","CHACO","Mayor Luis J. Fontana","Villa Angela","ADSL","43"
"22098030","CHACO","Mayor Luis J. Fontana","Villa Angela","CELULAR","2"
"22098030","CHACO","Mayor Luis J. Fontana","Villa Angela","FIBRA OPTICA","6.573"
"22098030","CHACO","Mayor Luis J. Fontana","Villa Angela","SATELITAL","474"
"22098030","CHACO","Mayor Luis J. Fontana","Villa Angela","WIRELESS","366"
"22112010","CHACO","O Higgins","La Clotilde","CABLEMODEM","32"
"22112010","CHACO","O Higgins","La Clotilde","FIBRA OPTICA","107"
"22112010","CHACO","O Higgins","La Clotilde","Otros","116"
"22112010","CHACO","O Higgins","La Clotilde","SATELITAL","72"
"22112010","CHACO","O Higgins","La Clotilde","WIRELESS","93"
"22112020","CHACO","O Higgins","La Tigra","Otros","252"
"22112020","CHACO","O Higgins","La Tigra","SATELITAL","54"
"0","CHACO","O Higgins","Otros","SATELITAL","52"
"22112030","CHACO","O Higgins","San Bernardo","ADSL","147"
"22112030","CHACO","O Higgins","San Bernardo","CELULAR","1"
"22112030","CHACO","O Higgins","San Bernardo","FIBRA OPTICA","14"
"22112030","CHACO","O Higgins","San Bernardo","Otros","38"
"22112030","CHACO","O Higgins","San Bernardo","SATELITAL","121"
"0","CHACO","OTROS","Otros","Otros","24"
"0","CHACO","Presidencia de la Plaza","Otros","SATELITAL","62"
"22119010","CHACO","Presidencia de la Plaza","Presidencia de la Plaza","ADSL","51"
"22119010","CHACO","Presidencia de la Plaza","Presidencia de la Plaza","CABLEMODEM","675"
"22119010","CHACO","Presidencia de la Plaza","Presidencia de la Plaza","CELULAR","6"
"22119010","CHACO","Presidencia de la Plaza","Presidencia de la Plaza","FIBRA OPTICA","191"
"22119010","CHACO","Presidencia de la Plaza","Presidencia de la Plaza","SATELITAL","168"
"22119010","CHACO","Presidencia de la Plaza","Presidencia de la Plaza","WIRELESS","1"
"0","CHACO","Quitilipi","Otros","SATELITAL","226"
"22133010","CHACO","Quitilipi","Quitilipi","ADSL","126"
"22133010","CHACO","Quitilipi","Quitilipi","CELULAR","26"
"22133010","CHACO","Quitilipi","Quitilipi","FIBRA OPTICA","4.669"
"22133010","CHACO","Quitilipi","Quitilipi","SATELITAL","377"
"22133020","CHACO","Quitilipi","Villa El Palmar","SATELITAL","134"
"22133020","CHACO","Quitilipi","Villa El Palmar","WIRELESS","59"
"22140010","CHACO","San Fernando","Barranqueras","ADSL","115"
"22140010","CHACO","San Fernando","Barranqueras","CABLEMODEM","3.412"
"22140010","CHACO","San Fernando","Barranqueras","CELULAR","22"
"22140010","CHACO","San Fernando","Barranqueras","FIBRA OPTICA","4.055"
"22140010","CHACO","San Fernando","Barranqueras","SATELITAL","290"
"22140010","CHACO","San Fernando","Barranqueras","WIRELESS","15"
"22140020","CHACO","San Fernando","Basail","ADSL","19"
"22140020","CHACO","San Fernando","Basail","CABLEMODEM","67"
"22140020","CHACO","San Fernando","Basail","CELULAR","2"
"22140020","CHACO","San Fernando","Basail","FIBRA OPTICA","137"
"22140020","CHACO","San Fernando","Basail","SATELITAL","131"
"22140030","CHACO","San Fernando","Colonia Baranda","SATELITAL","46"
"22140040","CHACO","San Fernando","Fontana","CELULAR","12"
"22140040","CHACO","San Fernando","Fontana","FIBRA OPTICA","9.497"
"22140040","CHACO","San Fernando","Fontana","SATELITAL","383"
"22140040","CHACO","San Fernando","Fontana","WIRELESS","238"
"0","CHACO","San Fernando","OTROS","SATELITAL","42"
"22140050","CHACO","San Fernando","Puerto Vilelas","CELULAR","9"
"22140050","CHACO","San Fernando","Puerto Vilelas","FIBRA OPTICA","9"
"22140050","CHACO","San Fernando","Puerto Vilelas","SATELITAL","74"
"22140050","CHACO","San Fernando","Puerto Vilelas","WIRELESS","1"
"22140060","CHACO","San Fernando","Resistencia","ADSL","399"
"22140060","CHACO","San Fernando","Resistencia","CABLEMODEM","43.868"
"22140060","CHACO","San Fernando","Resistencia","CELULAR","73"
"22140060","CHACO","San Fernando","Resistencia","DIAL UP","5"
"22140060","CHACO","San Fernando","Resistencia","FIBRA OPTICA","52.279"
"22140060","CHACO","San Fernando","Resistencia","SATELITAL","1.976"
"22140060","CHACO","San Fernando","Resistencia","WIRELESS","171"
"0","CHACO","San Lorenzo","Otros","SATELITAL","66"
"22147010","CHACO","San Lorenzo","Samuhú","SATELITAL","12"
"22147020","CHACO","San Lorenzo","Villa Berthet","FIBRA OPTICA","692"
"22147020","CHACO","San Lorenzo","Villa Berthet","SATELITAL","256"
"22147020","CHACO","San Lorenzo","Villa Berthet","WIRELESS","351"
"22154010","CHACO","Sargento Cabral","Capitán Solari","FIBRA OPTICA","81"
"22154010","CHACO","Sargento Cabral","Capitán Solari","SATELITAL","16"
"22154020","CHACO","Sargento Cabral","Colonia Elisa","SATELITAL","39"
"22154030","CHACO","Sargento Cabral","Colonias Unidas","FIBRA OPTICA","433"
"22154030","CHACO","Sargento Cabral","Colonias Unidas","SATELITAL","40"
"22154030","CHACO","Sargento Cabral","Colonias Unidas","WIRELESS","15"
"22154040","CHACO","Sargento Cabral","Ingeniero Barbet","SATELITAL","8"
"22154050","CHACO","Sargento Cabral","Las Garcitas","FIBRA OPTICA","188"
"22154050","CHACO","Sargento Cabral","Las Garcitas","SATELITAL","51"
"22154050","CHACO","Sargento Cabral","Las Garcitas","WIRELESS","49"
"0","CHACO","Sargento Cabral","Otros","SATELITAL","12"
"22161010","CHACO","Tapenagá","Charadai","FIBRA OPTICA","27"
"22161010","CHACO","Tapenagá","Charadai","SATELITAL","38"
"22161020","CHACO","Tapenagá","Cote Lai","SATELITAL","40"
"22161030","CHACO","Tapenagá","Haumonía","SATELITAL","15"
"22161040","CHACO","Tapenagá","Horquilla","SATELITAL","6"
"22161050","CHACO","Tapenagá","La Sabana","SATELITAL","4"
"0","CHACO","Tapenagá","Otros","SATELITAL","52"
"26007010","CHUBUT","Biedma","Arroyo Verde","SATELITAL","4"
"0","CHUBUT","Biedma","Otros","SATELITAL","92"
"26007020","CHUBUT","Biedma","Puerto Madryn","ADSL","333"
"26007020","CHUBUT","Biedma","Puerto Madryn","CABLEMODEM","16.876"
"26007020","CHUBUT","Biedma","Puerto Madryn","DIAL UP","163"
"26007020","CHUBUT","Biedma","Puerto Madryn","FIBRA OPTICA","7.277"
"26007020","CHUBUT","Biedma","Puerto Madryn","Otros","3.801"
"26007020","CHUBUT","Biedma","Puerto Madryn","SATELITAL","1.791"
"26007020","CHUBUT","Biedma","Puerto Madryn","WIRELESS","2.756"
"26007030","CHUBUT","Biedma","Puerto Pirámide","SATELITAL","146"
"26007030","CHUBUT","Biedma","Puerto Pirámide","WIRELESS","106"
"26007040","CHUBUT","Biedma","Quinta El Mirador","SATELITAL","565"
"26007040","CHUBUT","Biedma","Quinta El Mirador","WIRELESS","22"
"26007050","CHUBUT","Biedma","Reserva Area Protegida El Doradillo","SATELITAL","136"
"26007050","CHUBUT","Biedma","Reserva Area Protegida El Doradillo","WIRELESS","127"
"26014010","CHUBUT","Cushamen","Buenos Aires Chico","SATELITAL","97"
"26014020","CHUBUT","Cushamen","Cholila","DIAL UP","1"
"26014020","CHUBUT","Cushamen","Cholila","SATELITAL","481"
"26014025","CHUBUT","Cushamen","Costa del Chubut","SATELITAL","16"
"26014030","CHUBUT","Cushamen","Cushamen Centro","SATELITAL","324"
"26014040","CHUBUT","Cushamen","El Hoyo","ADSL","14"
"26014040","CHUBUT","Cushamen","El Hoyo","FIBRA OPTICA","1.016"
"26014040","CHUBUT","Cushamen","El Hoyo","Otros","9"
"26014040","CHUBUT","Cushamen","El Hoyo","SATELITAL","805"
"26014040","CHUBUT","Cushamen","El Hoyo","WIRELESS","458"
"26014050","CHUBUT","Cushamen","El Maitén","SATELITAL","423"
"26014060","CHUBUT","Cushamen","Epuyén","ADSL","1.184"
"26014060","CHUBUT","Cushamen","Epuyén","SATELITAL","281"
"26014065","CHUBUT","Cushamen","Fofo Cahuel","SATELITAL","18"
"26014070","CHUBUT","Cushamen","Gualjaina","SATELITAL","176"
"26014080","CHUBUT","Cushamen","Lago Epuyén","SATELITAL","154"
"26014090","CHUBUT","Cushamen","Lago Puelo","ADSL","123"
"26014090","CHUBUT","Cushamen","Lago Puelo","FIBRA OPTICA","225"
"26014090","CHUBUT","Cushamen","Lago Puelo","SATELITAL","1.593"
"26014090","CHUBUT","Cushamen","Lago Puelo","WIRELESS","589"
"26014100","CHUBUT","Cushamen","Leleque","SATELITAL","28"
"0","CHUBUT","Cushamen","Otros","SATELITAL","191"
"26021020","CHUBUT","Escalante","Acceso Norte","SATELITAL","212"
"26021010","CHUBUT","Escalante","Astra","SATELITAL","46"
"26021020","CHUBUT","Escalante","Bahía Bustamante","SATELITAL","4"
"26021020","CHUBUT","Escalante","Barrio 25 De Mayo","SATELITAL","230"
"26021020","CHUBUT","Escalante","Barrio Caleta Cordova","SATELITAL","27"
"26021020","CHUBUT","Escalante","Barrio Caleta Olivares","SATELITAL","19"
"26021020","CHUBUT","Escalante","Barrio Castelli","SATELITAL","101"
"26021020","CHUBUT","Escalante","Barrio Ciudadela","FIBRA OPTICA","69"
"26021020","CHUBUT","Escalante","Barrio Ciudadela","SATELITAL","41"
"26021020","CHUBUT","Escalante","Barrio Gasoducto","SATELITAL","48"
"26021020","CHUBUT","Escalante","Barrio Guemes","SATELITAL","8"
"26021020","CHUBUT","Escalante","Barrio Laprida","FIBRA OPTICA","496"
"26021020","CHUBUT","Escalante","Barrio Laprida","SATELITAL","74"
"26021020","CHUBUT","Escalante","Barrio Manantial Rosales","FIBRA OPTICA","14"
"26021020","CHUBUT","Escalante","Barrio Manantial Rosales","Otros","21"
"26021020","CHUBUT","Escalante","Barrio Manantial Rosales","SATELITAL","90"
"26021020","CHUBUT","Escalante","Barrio Militar - Aeropuerto Militar","SATELITAL","57"
"26021020","CHUBUT","Escalante","Barrio Prospero Palazzo","FIBRA OPTICA","892"
"26021020","CHUBUT","Escalante","Barrio Prospero Palazzo","SATELITAL","144"
"26021020","CHUBUT","Escalante","Barrio Restinga Ali","SATELITAL","110"
"26021020","CHUBUT","Escalante","Barrio Rodriguez Peña","SATELITAL","34"
"26021020","CHUBUT","Escalante","Barrio Saavedra","FIBRA OPTICA","56"
"26021020","CHUBUT","Escalante","Barrio Saavedra","SATELITAL","1.220"
"26021020","CHUBUT","Escalante","Barrio Sarmiento","FIBRA OPTICA","28"
"26021020","CHUBUT","Escalante","Barrio Sarmiento","Otros","10"
"26021020","CHUBUT","Escalante","Barrio Sarmiento","SATELITAL","37"
"26021020","CHUBUT","Escalante","Barrio Villa S.U.P.E.","SATELITAL","136"
"26021030","CHUBUT","Escalante","Comodoro Rivadavia","ADSL","4.782"
"26021030","CHUBUT","Escalante","Comodoro Rivadavia","CABLEMODEM","17.266"
"26021030","CHUBUT","Escalante","Comodoro Rivadavia","DIAL UP","193"
"26021030","CHUBUT","Escalante","Comodoro Rivadavia","FIBRA OPTICA","25.074"
"26021030","CHUBUT","Escalante","Comodoro Rivadavia","SATELITAL","2.174"
"26021030","CHUBUT","Escalante","Comodoro Rivadavia","WIRELESS","16.209"
"26021040","CHUBUT","Escalante","Diadema Argentina","SATELITAL","138"
"26021040","CHUBUT","Escalante","Diadema Argentina","WIRELESS","328"
"26021020","CHUBUT","Escalante","KM. 3 - General Mosconi","FIBRA OPTICA","1.003"
"26021020","CHUBUT","Escalante","KM. 3 - General Mosconi","SATELITAL","176"
"26021020","CHUBUT","Escalante","KM. 5 - Presidente Ortiz","FIBRA OPTICA","231"
"26021020","CHUBUT","Escalante","KM. 5 - Presidente Ortiz","SATELITAL","70"
"26021020","CHUBUT","Escalante","KM. 8 - Don Bosco","FIBRA OPTICA","422"
"26021020","CHUBUT","Escalante","KM. 8 - Don Bosco","SATELITAL","295"
"26021020","CHUBUT","Escalante","Km. 11 - Cuarteles","SATELITAL","66"
"0","CHUBUT","Escalante","Otros","SATELITAL","201"
"26021050","CHUBUT","Escalante","Rada Tilly","ADSL","430"
"26021050","CHUBUT","Escalante","Rada Tilly","DIAL UP","22"
"26021050","CHUBUT","Escalante","Rada Tilly","FIBRA OPTICA","1.206"
"26021050","CHUBUT","Escalante","Rada Tilly","SATELITAL","1.444"
"26021050","CHUBUT","Escalante","Rada Tilly","WIRELESS","380"
"26028010","CHUBUT","Florentino Ameghino","Camarones","SATELITAL","133"
"26028010","CHUBUT","Florentino Ameghino","Camarones","WIRELESS","208"
"26028020","CHUBUT","Florentino Ameghino","Garayalde","SATELITAL","6"
"26028020","CHUBUT","Florentino Ameghino","Garayalde","WIRELESS","3"
"0","CHUBUT","Florentino Ameghino","Otros","SATELITAL","95"
"26035010","CHUBUT","Futaleufú","Aldea Escolar","SATELITAL","86"
"26035020","CHUBUT","Futaleufú","Corcovado","DIAL UP","1"
"26035020","CHUBUT","Futaleufú","Corcovado","SATELITAL","399"
"26035030","CHUBUT","Futaleufú","Esquel","ADSL","188"
"26035030","CHUBUT","Futaleufú","Esquel","DIAL UP","31"
"26035030","CHUBUT","Futaleufú","Esquel","FIBRA OPTICA","5.127"
"26035030","CHUBUT","Futaleufú","Esquel","SATELITAL","1.476"
"26035030","CHUBUT","Futaleufú","Esquel","WIRELESS","4.047"
"26035040","CHUBUT","Futaleufú","Lago Rosario","SATELITAL","48"
"26035050","CHUBUT","Futaleufú","Los Cipreses","SATELITAL","75"
"0","CHUBUT","Futaleufú","Otros","SATELITAL","161"
"26035060","CHUBUT","Futaleufú","Trevelín","ADSL","211"
"26035060","CHUBUT","Futaleufú","Trevelín","DIAL UP","12"
"26035060","CHUBUT","Futaleufú","Trevelín","SATELITAL","1.261"
"26035060","CHUBUT","Futaleufú","Trevelín","WIRELESS","1.075"
"26035070","CHUBUT","Futaleufú","Villa Futalaufquen","SATELITAL","62"
"26042040","CHUBUT","Gaiman","28 de Julio","SATELITAL","57"
"26042010","CHUBUT","Gaiman","Dique Florentino Ameghino","SATELITAL","27"
"26042020","CHUBUT","Gaiman","Dolavon","DIAL UP","1"
"26042020","CHUBUT","Gaiman","Dolavon","FIBRA OPTICA","441"
"26042020","CHUBUT","Gaiman","Dolavon","Otros","50"
"26042020","CHUBUT","Gaiman","Dolavon","SATELITAL","221"
"26042030","CHUBUT","Gaiman","Gaiman","DIAL UP","9"
"26042030","CHUBUT","Gaiman","Gaiman","FIBRA OPTICA","1.841"
"26042030","CHUBUT","Gaiman","Gaiman","Otros","100"
"26042030","CHUBUT","Gaiman","Gaiman","SATELITAL","380"
"0","CHUBUT","Gaiman","Otros","SATELITAL","31"
"26049010","CHUBUT","Gastre","Blancuntre","SATELITAL","18"
"26049020","CHUBUT","Gastre","El Escorial","SATELITAL","70"
"26049030","CHUBUT","Gastre","Gastre","SATELITAL","55"
"26049030","CHUBUT","Gastre","Gastre","WIRELESS","147"
"26049040","CHUBUT","Gastre","Lagunita Salada","SATELITAL","35"
"26049040","CHUBUT","Gastre","Lagunita Salada","WIRELESS","38"
"0","CHUBUT","Gastre","Otros","SATELITAL","58"
"26049050","CHUBUT","Gastre","Yala Laubat","SATELITAL","10"
"26056010","CHUBUT","Languiñeo","Aldea Epulef","SATELITAL","18"
"26056010","CHUBUT","Languiñeo","Aldea Epulef","WIRELESS","8"
"26056020","CHUBUT","Languiñeo","Carrenleufú","SATELITAL","96"
"26056030","CHUBUT","Languiñeo","Colan Conhue","SATELITAL","27"
"26056030","CHUBUT","Languiñeo","Colan Conhue","WIRELESS","8"
"0","CHUBUT","Languiñeo","Otros","SATELITAL","91"
"26056040","CHUBUT","Languiñeo","Paso del Sapo","SATELITAL","64"
"26056040","CHUBUT","Languiñeo","Paso del Sapo","WIRELESS","88"
"26056050","CHUBUT","Languiñeo","Tecka","SATELITAL","85"
"26063010","CHUBUT","Mártires","El Mirasol","SATELITAL","6"
"26063020","CHUBUT","Mártires","Las Plumas","SATELITAL","43"
"0","CHUBUT","Mártires","Otros","SATELITAL","36"
"26070010","CHUBUT","Paso de Indios","Cerro Cóndor","SATELITAL","18"
"26070020","CHUBUT","Paso de Indios","Los Altares","SATELITAL","32"
"26070020","CHUBUT","Paso de Indios","Los Altares","WIRELESS","1"
"0","CHUBUT","Paso de Indios","Otros","SATELITAL","174"
"26070030","CHUBUT","Paso de Indios","Paso de Indios","SATELITAL","90"
"0","CHUBUT","Rawson","Otros","SATELITAL","59"
"26077010","CHUBUT","Rawson","Playa Magagna","SATELITAL","49"
"26077010","CHUBUT","Rawson","Playa Magagna","WIRELESS","3"
"26077020","CHUBUT","Rawson","Playa Unión","ADSL","15"
"26077020","CHUBUT","Rawson","Playa Unión","CABLEMODEM","350"
"26077020","CHUBUT","Rawson","Playa Unión","DIAL UP","6"
"26077020","CHUBUT","Rawson","Playa Unión","FIBRA OPTICA","235"
"26077020","CHUBUT","Rawson","Playa Unión","SATELITAL","800"
"26077020","CHUBUT","Rawson","Playa Unión","WIRELESS","421"
"26077030","CHUBUT","Rawson","Rawson","ADSL","68"
"26077030","CHUBUT","Rawson","Rawson","CABLEMODEM","3.982"
"26077030","CHUBUT","Rawson","Rawson","DIAL UP","29"
"26077030","CHUBUT","Rawson","Rawson","FIBRA OPTICA","2.294"
"26077030","CHUBUT","Rawson","Rawson","Otros","300"
"26077030","CHUBUT","Rawson","Rawson","SATELITAL","1.056"
"26077030","CHUBUT","Rawson","Rawson","WIRELESS","508"
"26077040","CHUBUT","Rawson","Trelew","ADSL","61"
"26077040","CHUBUT","Rawson","Trelew","CABLEMODEM","14.382"
"26077040","CHUBUT","Rawson","Trelew","DIAL UP","251"
"26077040","CHUBUT","Rawson","Trelew","FIBRA OPTICA","17.514"
"26077040","CHUBUT","Rawson","Trelew","Otros","250"
"26077040","CHUBUT","Rawson","Trelew","SATELITAL","2.293"
"26077040","CHUBUT","Rawson","Trelew","WIRELESS","1.289"
"26084010","CHUBUT","Río Senguer","Aldea Apeleg","SATELITAL","29"
"26084010","CHUBUT","Río Senguer","Aldea Apeleg","WIRELESS","1"
"26084020","CHUBUT","Río Senguer","Aldea Beleiro","SATELITAL","39"
"26084030","CHUBUT","Río Senguer","Alto Río Senguer","SATELITAL","103"
"26084030","CHUBUT","Río Senguer","Alto Río Senguer","WIRELESS","1"
"26084040","CHUBUT","Río Senguer","Doctor Ricardo Rojas","SATELITAL","54"
"26084050","CHUBUT","Río Senguer","Facundo","SATELITAL","23"
"26084050","CHUBUT","Río Senguer","Facundo","WIRELESS","41"
"26084060","CHUBUT","Río Senguer","Lago Blanco","SATELITAL","39"
"0","CHUBUT","Río Senguer","Otros","SATELITAL","126"
"26084070","CHUBUT","Río Senguer","Río Mayo","ADSL","140"
"26084070","CHUBUT","Río Senguer","Río Mayo","FIBRA OPTICA","4"
"26084070","CHUBUT","Río Senguer","Río Mayo","SATELITAL","179"
"26084070","CHUBUT","Río Senguer","Río Mayo","WIRELESS","621"
"26091010","CHUBUT","Sarmiento","Buen Pasto","SATELITAL","7"
"0","CHUBUT","Sarmiento","Otros","SATELITAL","123"
"26091020","CHUBUT","Sarmiento","Sarmiento","FIBRA OPTICA","2.316"
"26091020","CHUBUT","Sarmiento","Sarmiento","SATELITAL","1.319"
"26091020","CHUBUT","Sarmiento","Sarmiento","WIRELESS","270"
"26098010","CHUBUT","Tehuelches","Frontera de Río Pico","SATELITAL","68"
"26098020","CHUBUT","Tehuelches","Gobernador Costa","DIAL UP","1"
"26098020","CHUBUT","Tehuelches","Gobernador Costa","SATELITAL","263"
"26098030","CHUBUT","Tehuelches","José de San Martín","SATELITAL","163"
"0","CHUBUT","Tehuelches","Otros","SATELITAL","79"
"26098040","CHUBUT","Tehuelches","Río Pico","SATELITAL","264"
"26105010","CHUBUT","Telsen","Gan Gan","SATELITAL","51"
"26105010","CHUBUT","Telsen","Gan Gan","WIRELESS","156"
"0","CHUBUT","Telsen","Otros","SATELITAL","69"
"26105020","CHUBUT","Telsen","Telsen","SATELITAL","52"
"26105020","CHUBUT","Telsen","Telsen","WIRELESS","104"
"14007010","CORDOBA","Calamuchita","Amboy","SATELITAL","35"
"14007010","CORDOBA","Calamuchita","Amboy","WIRELESS","178"
"14007020","CORDOBA","Calamuchita","Arroyo San Antonio","SATELITAL","40"
"14007030","CORDOBA","Calamuchita","Cañada del Sauce","SATELITAL","107"
"14007040","CORDOBA","Calamuchita","Capilla Vieja","SATELITAL","116"
"14007040","CORDOBA","Calamuchita","Capilla Vieja","WIRELESS","20"
"14007050","CORDOBA","Calamuchita","El Corcovado - El Torreón","ADSL","52"
"14007050","CORDOBA","Calamuchita","El Corcovado - El Torreón","SATELITAL","150"
"14007050","CORDOBA","Calamuchita","El Corcovado - El Torreón","WIRELESS","29"
"14007055","CORDOBA","Calamuchita","El Durazno","SATELITAL","274"
"14007060","CORDOBA","Calamuchita","Embalse","CABLEMODEM","354"
"14007060","CORDOBA","Calamuchita","Embalse","FIBRA OPTICA","2.058"
"14007060","CORDOBA","Calamuchita","Embalse","SATELITAL","504"
"14007060","CORDOBA","Calamuchita","Embalse","WIRELESS","1.504"
"14007070","CORDOBA","Calamuchita","La Cruz","ADSL","4"
"14007070","CORDOBA","Calamuchita","La Cruz","CABLEMODEM","101"
"14007070","CORDOBA","Calamuchita","La Cruz","CELULAR","1"
"14007070","CORDOBA","Calamuchita","La Cruz","FIBRA OPTICA","285"
"14007070","CORDOBA","Calamuchita","La Cruz","SATELITAL","65"
"14007070","CORDOBA","Calamuchita","La Cruz","WIRELESS","121"
"14007080","CORDOBA","Calamuchita","La Cumbrecita","Otros","1"
"14007080","CORDOBA","Calamuchita","La Cumbrecita","SATELITAL","51"
"14007080","CORDOBA","Calamuchita","La Cumbrecita","WIRELESS","250"
"14007090","CORDOBA","Calamuchita","Las Bajadas","SATELITAL","17"
"14007090","CORDOBA","Calamuchita","Las Bajadas","WIRELESS","60"
"14007100","CORDOBA","Calamuchita","Las Caleras","SATELITAL","35"
"14007100","CORDOBA","Calamuchita","Las Caleras","WIRELESS","7"
"14007110","CORDOBA","Calamuchita","Los Cóndores","ADSL","423"
"14007110","CORDOBA","Calamuchita","Los Cóndores","SATELITAL","66"
"14007110","CORDOBA","Calamuchita","Los Cóndores","WIRELESS","430"
"14007120","CORDOBA","Calamuchita","Los Molinos","SATELITAL","6"
"14007120","CORDOBA","Calamuchita","Los Molinos","WIRELESS","38"
"14007130","CORDOBA","Calamuchita","Los Reartes","ADSL","2"
"14007130","CORDOBA","Calamuchita","Los Reartes","CELULAR","3"
"14007130","CORDOBA","Calamuchita","Los Reartes","FIBRA OPTICA","909"
"14007130","CORDOBA","Calamuchita","Los Reartes","SATELITAL","204"
"14007130","CORDOBA","Calamuchita","Los Reartes","WIRELESS","743"
"14007140","CORDOBA","Calamuchita","Lutti","SATELITAL","26"
"14007170","CORDOBA","Calamuchita","Monte  Ralo","SATELITAL","2"
"0","CORDOBA","Calamuchita","Otros","SATELITAL","26"
"14007160","CORDOBA","Calamuchita","Parque Calmayo","SATELITAL","35"
"14007170","CORDOBA","Calamuchita","Río de los Sauces","SATELITAL","119"
"14007170","CORDOBA","Calamuchita","Río de los Sauces","WIRELESS","1"
"14007180","CORDOBA","Calamuchita","San Agustín","ADSL","110"
"14007180","CORDOBA","Calamuchita","San Agustín","SATELITAL","78"
"14007180","CORDOBA","Calamuchita","San Agustín","WIRELESS","1"
"14007190","CORDOBA","Calamuchita","San Ignacio (Loteo San Javier)","SATELITAL","48"
"14007190","CORDOBA","Calamuchita","San Ignacio (Loteo San Javier)","WIRELESS","65"
"14007170","CORDOBA","Calamuchita","San Ignacio (Loteo Vélez Crespo)","SATELITAL","14"
"14007170","CORDOBA","Calamuchita","San Ignacio (Loteo Vélez Crespo)","WIRELESS","9"
"14007170","CORDOBA","Calamuchita","Santa Monica","SATELITAL","272"
"14007170","CORDOBA","Calamuchita","Santa Monica","WIRELESS","106"
"14007210","CORDOBA","Calamuchita","Santa Rosa de Calamuchita","ADSL","67"
"14007210","CORDOBA","Calamuchita","Santa Rosa de Calamuchita","CABLEMODEM","2.121"
"14007210","CORDOBA","Calamuchita","Santa Rosa de Calamuchita","CELULAR","23"
"14007210","CORDOBA","Calamuchita","Santa Rosa de Calamuchita","FIBRA OPTICA","2.391"
"14007210","CORDOBA","Calamuchita","Santa Rosa de Calamuchita","SATELITAL","545"
"14007210","CORDOBA","Calamuchita","Santa Rosa de Calamuchita","WIRELESS","2.832"
"14007220","CORDOBA","Calamuchita","Segunda Usina","SATELITAL","67"
"14007220","CORDOBA","Calamuchita","Segunda Usina","WIRELESS","91"
"14007230","CORDOBA","Calamuchita","Solar de los Molinos","SATELITAL","43"
"14007240","CORDOBA","Calamuchita","Villa Alpina","SATELITAL","38"
"14007240","CORDOBA","Calamuchita","Villa Alpina","WIRELESS","5"
"14007250","CORDOBA","Calamuchita","Villa Amancay","SATELITAL","77"
"14007250","CORDOBA","Calamuchita","Villa Amancay","WIRELESS","229"
"14007260","CORDOBA","Calamuchita","Villa Berna","ADSL","15"
"14007260","CORDOBA","Calamuchita","Villa Berna","SATELITAL","149"
"14007260","CORDOBA","Calamuchita","Villa Berna","WIRELESS","15"
"14007170","CORDOBA","Calamuchita","Villa Ciudad Parque Los Reartes","CABLEMODEM","658"
"14007170","CORDOBA","Calamuchita","Villa Ciudad Parque Los Reartes","FIBRA OPTICA","129"
"14007170","CORDOBA","Calamuchita","Villa Ciudad Parque Los Reartes","SATELITAL","268"
"14007170","CORDOBA","Calamuchita","Villa Ciudad Parque Los Reartes","WIRELESS","160"
"14007270","CORDOBA","Calamuchita","Villa Ciudad Parque Los Reartes (1a. Sección)","WIRELESS","359"
"14007290","CORDOBA","Calamuchita","Villa del Dique","ADSL","555"
"14007290","CORDOBA","Calamuchita","Villa del Dique","FIBRA OPTICA","256"
"14007290","CORDOBA","Calamuchita","Villa del Dique","Otros","128"
"14007290","CORDOBA","Calamuchita","Villa del Dique","SATELITAL","368"
"14007290","CORDOBA","Calamuchita","Villa del Dique","WIRELESS","854"
"14007300","CORDOBA","Calamuchita","Villa El Tala","SATELITAL","1"
"14007310","CORDOBA","Calamuchita","Villa General Belgrano","CABLEMODEM","124"
"14007310","CORDOBA","Calamuchita","Villa General Belgrano","CELULAR","1"
"14007310","CORDOBA","Calamuchita","Villa General Belgrano","SATELITAL","373"
"14007310","CORDOBA","Calamuchita","Villa General Belgrano","WIRELESS","1.027"
"14007320","CORDOBA","Calamuchita","Villa La Rivera","SATELITAL","61"
"14007330","CORDOBA","Calamuchita","Villa Quillinzo","SATELITAL","99"
"14007330","CORDOBA","Calamuchita","Villa Quillinzo","WIRELESS","244"
"14007340","CORDOBA","Calamuchita","Villa Rumipal","FIBRA OPTICA","42"
"14007340","CORDOBA","Calamuchita","Villa Rumipal","SATELITAL","253"
"14007340","CORDOBA","Calamuchita","Villa Rumipal","WIRELESS","992"
"14007170","CORDOBA","Calamuchita","Villa San Miguel","SATELITAL","17"
"14007170","CORDOBA","Calamuchita","Villa San Miguel","WIRELESS","5"
"14007360","CORDOBA","Calamuchita","Villa Yacanto","SATELITAL","749"
"14007360","CORDOBA","Calamuchita","Villa Yacanto","WIRELESS","144"
"14014010","CORDOBA","Capital","Córdoba","ADSL","11.451"
"14014010","CORDOBA","Capital","Córdoba","CABLEMODEM","175.301"
"14014010","CORDOBA","Capital","Córdoba","CELULAR","588"
"14014010","CORDOBA","Capital","Córdoba","DIAL UP","31"
"14014010","CORDOBA","Capital","Córdoba","FIBRA OPTICA","357.180"
"14014010","CORDOBA","Capital","Córdoba","Otros","16"
"14014010","CORDOBA","Capital","Córdoba","SATELITAL","7.427"
"14014010","CORDOBA","Capital","Córdoba","WIRELESS","10.604"
"14014010","CORDOBA","Capital","Jardín Arenales","SATELITAL","398"
"14014010","CORDOBA","Capital","La Floresta","SATELITAL","354"
"0","CORDOBA","Capital","Otros","SATELITAL","1.862"
"0","CORDOBA","Capital","OTROS","WIRELESS","695"
"14021080","CORDOBA","Colón","1 De Agosto","SATELITAL","17"
"14021010","CORDOBA","Colón","Agua de Oro","ADSL","370"
"14021010","CORDOBA","Colón","Agua de Oro","FIBRA OPTICA","65"
"14021010","CORDOBA","Colón","Agua de Oro","SATELITAL","164"
"14021010","CORDOBA","Colón","Agua de Oro","WIRELESS","66"
"14021080","CORDOBA","Colón","Almirante Brown","SATELITAL","3"
"14021020","CORDOBA","Colón","Ascochinga","ADSL","64"
"14021020","CORDOBA","Colón","Ascochinga","CELULAR","3"
"14021020","CORDOBA","Colón","Ascochinga","SATELITAL","63"
"14021020","CORDOBA","Colón","Ascochinga","WIRELESS","2"
"14021025","CORDOBA","Colón","Barrio Nuevo Río Ceballos","SATELITAL","219"
"14021030","CORDOBA","Colón","Canteras El Sauce","SATELITAL","46"
"14021040","CORDOBA","Colón","Casa Bamba","SATELITAL","7"
"14021080","CORDOBA","Colón","Ciudad De Los Niños","SATELITAL","25"
"14021050","CORDOBA","Colón","Colonia Caroya","ADSL","239"
"14021050","CORDOBA","Colón","Colonia Caroya","CABLEMODEM","750"
"14021050","CORDOBA","Colón","Colonia Caroya","FIBRA OPTICA","7.831"
"14021050","CORDOBA","Colón","Colonia Caroya","SATELITAL","179"
"14021050","CORDOBA","Colón","Colonia Caroya","WIRELESS","25"
"14021060","CORDOBA","Colón","Colonia Tirolesa","CELULAR","2"
"14021060","CORDOBA","Colón","Colonia Tirolesa","SATELITAL","114"
"14021070","CORDOBA","Colón","Colonia Vicente Agüero","ADSL","8"
"14021070","CORDOBA","Colón","Colonia Vicente Agüero","FIBRA OPTICA","70"
"14021070","CORDOBA","Colón","Colonia Vicente Agüero","SATELITAL","31"
"14021070","CORDOBA","Colón","Colonia Vicente Agüero","WIRELESS","1"
"14021080","CORDOBA","Colón","Corral Quemado","SATELITAL","12"
"14021090","CORDOBA","Colón","Country Chacras de la Villa - Country San Isidro","SATELITAL","68"
"14021270","CORDOBA","Colón","Dumesnil","SATELITAL","90"
"14021270","CORDOBA","Colón","El Diquecito","SATELITAL","90"
"14021110","CORDOBA","Colón","El Manzano","ADSL","125"
"14021110","CORDOBA","Colón","El Manzano","SATELITAL","149"
"14021110","CORDOBA","Colón","El Manzano","WIRELESS","20"
"14021075","CORDOBA","Colón","El Pueblito","SATELITAL","222"
"14021120","CORDOBA","Colón","Estación Colonia Tirolesa","SATELITAL","8"
"14021130","CORDOBA","Colón","General Paz","ADSL","7"
"14021130","CORDOBA","Colón","General Paz","SATELITAL","57"
"14021140","CORDOBA","Colón","Jesús María","ADSL","308"
"14021140","CORDOBA","Colón","Jesús María","CABLEMODEM","3.841"
"14021140","CORDOBA","Colón","Jesús María","CELULAR","12"
"14021140","CORDOBA","Colón","Jesús María","FIBRA OPTICA","8.695"
"14021140","CORDOBA","Colón","Jesús María","SATELITAL","261"
"14021140","CORDOBA","Colón","Jesús María","WIRELESS","6"
"14021150","CORDOBA","Colón","La Calera","ADSL","433"
"14021150","CORDOBA","Colón","La Calera","CABLEMODEM","8.172"
"14021150","CORDOBA","Colón","La Calera","CELULAR","47"
"14021150","CORDOBA","Colón","La Calera","FIBRA OPTICA","1.482"
"14021150","CORDOBA","Colón","La Calera","Otros","316"
"14021150","CORDOBA","Colón","La Calera","SATELITAL","271"
"14021150","CORDOBA","Colón","La Calera","WIRELESS","496"
"14021160","CORDOBA","Colón","La Granja","ADSL","52"
"14021160","CORDOBA","Colón","La Granja","CELULAR","5"
"14021160","CORDOBA","Colón","La Granja","SATELITAL","291"
"14021160","CORDOBA","Colón","La Granja","WIRELESS","31"
"14021165","CORDOBA","Colón","La Morada","SATELITAL","120"
"14021170","CORDOBA","Colón","La Puerta","SATELITAL","8"
"14021170","CORDOBA","Colón","La Puerta","WIRELESS","1"
"14021175","CORDOBA","Colón","Las Corzuelas","SATELITAL","226"
"14021075","CORDOBA","Colón","Los Chañaritos","SATELITAL","3"
"14021180","CORDOBA","Colón","Los Molles","SATELITAL","29"
"14021190","CORDOBA","Colón","Malvinas Argentinas","ADSL","31"
"14021190","CORDOBA","Colón","Malvinas Argentinas","CABLEMODEM","274"
"14021190","CORDOBA","Colón","Malvinas Argentinas","CELULAR","8"
"14021190","CORDOBA","Colón","Malvinas Argentinas","FIBRA OPTICA","1.450"
"14021190","CORDOBA","Colón","Malvinas Argentinas","SATELITAL","40"
"14021190","CORDOBA","Colón","Malvinas Argentinas","WIRELESS","229"
"14021200","CORDOBA","Colón","Mendiolaza","ADSL","284"
"14021200","CORDOBA","Colón","Mendiolaza","CABLEMODEM","3.430"
"14021200","CORDOBA","Colón","Mendiolaza","CELULAR","19"
"14021200","CORDOBA","Colón","Mendiolaza","FIBRA OPTICA","1.225"
"14021200","CORDOBA","Colón","Mendiolaza","SATELITAL","259"
"14021200","CORDOBA","Colón","Mendiolaza","WIRELESS","200"
"14021210","CORDOBA","Colón","Mi Granja","FIBRA OPTICA","198"
"14021210","CORDOBA","Colón","Mi Granja","SATELITAL","29"
"0","CORDOBA","Colón","Otros","SATELITAL","7"
"0","CORDOBA","Colón","OTROS","WIRELESS","287"
"14021220","CORDOBA","Colón","Pajas Blancas","SATELITAL","85"
"14021220","CORDOBA","Colón","Pajas Blancas","WIRELESS","19"
"14021230","CORDOBA","Colón","Río Ceballos","ADSL","479"
"14021230","CORDOBA","Colón","Río Ceballos","CABLEMODEM","6.950"
"14021230","CORDOBA","Colón","Río Ceballos","CELULAR","2"
"14021230","CORDOBA","Colón","Río Ceballos","FIBRA OPTICA","498"
"14021230","CORDOBA","Colón","Río Ceballos","SATELITAL","505"
"14021230","CORDOBA","Colón","Río Ceballos","WIRELESS","445"
"14021240","CORDOBA","Colón","Saldán","ADSL","8"
"14021240","CORDOBA","Colón","Saldán","CABLEMODEM","3.032"
"14021240","CORDOBA","Colón","Saldán","CELULAR","2"
"14021240","CORDOBA","Colón","Saldán","FIBRA OPTICA","1.467"
"14021240","CORDOBA","Colón","Saldán","SATELITAL","93"
"14021240","CORDOBA","Colón","Saldán","WIRELESS","270"
"14021250","CORDOBA","Colón","Salsipuedes","ADSL","107"
"14021250","CORDOBA","Colón","Salsipuedes","CABLEMODEM","627"
"14021250","CORDOBA","Colón","Salsipuedes","CELULAR","1"
"14021250","CORDOBA","Colón","Salsipuedes","FIBRA OPTICA","2.401"
"14021250","CORDOBA","Colón","Salsipuedes","SATELITAL","351"
"14021250","CORDOBA","Colón","Salsipuedes","WIRELESS","339"
"14021260","CORDOBA","Colón","Santa Elena","SATELITAL","35"
"14021270","CORDOBA","Colón","Tinoco","SATELITAL","42"
"14021270","CORDOBA","Colón","Tinoco","WIRELESS","2"
"14021280","CORDOBA","Colón","Unquillo","ADSL","787"
"14021280","CORDOBA","Colón","Unquillo","CABLEMODEM","1.087"
"14021280","CORDOBA","Colón","Unquillo","CELULAR","121"
"14021280","CORDOBA","Colón","Unquillo","FIBRA OPTICA","2.197"
"14021280","CORDOBA","Colón","Unquillo","SATELITAL","417"
"14021280","CORDOBA","Colón","Unquillo","WIRELESS","603"
"14021290","CORDOBA","Colón","Villa Allende","CABLEMODEM","6.661"
"14021290","CORDOBA","Colón","Villa Allende","CELULAR","48"
"14021290","CORDOBA","Colón","Villa Allende","FIBRA OPTICA","4.894"
"14021290","CORDOBA","Colón","Villa Allende","SATELITAL","387"
"14021290","CORDOBA","Colón","Villa Allende","WIRELESS","396"
"14021300","CORDOBA","Colón","Villa Cerro Azul","ADSL","75"
"14021300","CORDOBA","Colón","Villa Cerro Azul","SATELITAL","62"
"14021300","CORDOBA","Colón","Villa Cerro Azul","WIRELESS","20"
"14021310","CORDOBA","Colón","Villa El Fachinal - Parque Norte - Guiñazú Norte","ADSL","46"
"14021310","CORDOBA","Colón","Villa El Fachinal - Parque Norte - Guiñazú Norte","SATELITAL","1"
"14021320","CORDOBA","Colón","Villa Los Llanos - Juárez Celman","ADSL","18"
"14021320","CORDOBA","Colón","Villa Los Llanos - Juárez Celman","CELULAR","1"
"14021320","CORDOBA","Colón","Villa Los Llanos - Juárez Celman","FIBRA OPTICA","1.201"
"14021320","CORDOBA","Colón","Villa Los Llanos - Juárez Celman","SATELITAL","50"
"14021320","CORDOBA","Colón","Villa Los Llanos - Juárez Celman","WIRELESS","360"
"14028010","CORDOBA","Cruz del Eje","Alto de los Quebrachos","Otros","6"
"14028010","CORDOBA","Cruz del Eje","Alto de los Quebrachos","SATELITAL","13"
"14028020","CORDOBA","Cruz del Eje","Bañado de Soto","SATELITAL","93"
"14028020","CORDOBA","Cruz del Eje","Bañado de Soto","WIRELESS","6"
"14028030","CORDOBA","Cruz del Eje","Canteras Quilpo","SATELITAL","5"
"14028040","CORDOBA","Cruz del Eje","Cruz de Caña","SATELITAL","52"
"14028050","CORDOBA","Cruz del Eje","Cruz del Eje","ADSL","237"
"14028050","CORDOBA","Cruz del Eje","Cruz del Eje","CABLEMODEM","1.074"
"14028050","CORDOBA","Cruz del Eje","Cruz del Eje","CELULAR","11"
"14028050","CORDOBA","Cruz del Eje","Cruz del Eje","FIBRA OPTICA","1.502"
"14028050","CORDOBA","Cruz del Eje","Cruz del Eje","SATELITAL","400"
"14028050","CORDOBA","Cruz del Eje","Cruz del Eje","WIRELESS","575"
"14028060","CORDOBA","Cruz del Eje","El Brete","SATELITAL","67"
"14028060","CORDOBA","Cruz del Eje","El Brete","WIRELESS","61"
"14028070","CORDOBA","Cruz del Eje","El Rincón","SATELITAL","31"
"14028080","CORDOBA","Cruz del Eje","Guanaco Muerto","SATELITAL","33"
"14028080","CORDOBA","Cruz del Eje","Guanaco Muerto","WIRELESS","11"
"14028090","CORDOBA","Cruz del Eje","La Banda","SATELITAL","27"
"14028100","CORDOBA","Cruz del Eje","La Batea","SATELITAL","9"
"14028110","CORDOBA","Cruz del Eje","La Higuera","ADSL","2"
"14028110","CORDOBA","Cruz del Eje","La Higuera","SATELITAL","34"
"14028120","CORDOBA","Cruz del Eje","Las Cañadas","SATELITAL","17"
"14028130","CORDOBA","Cruz del Eje","Las Playas","SATELITAL","16"
"14028130","CORDOBA","Cruz del Eje","Las Playas","WIRELESS","28"
"14028140","CORDOBA","Cruz del Eje","Los Chañaritos","SATELITAL","26"
"14028140","CORDOBA","Cruz del Eje","Los Chañaritos","WIRELESS","9"
"14028150","CORDOBA","Cruz del Eje","Media Naranja","SATELITAL","70"
"14028150","CORDOBA","Cruz del Eje","Media Naranja","WIRELESS","54"
"0","CORDOBA","Cruz del Eje","Otros","SATELITAL","190"
"14028160","CORDOBA","Cruz del Eje","Paso Viejo","ADSL","30"
"14028160","CORDOBA","Cruz del Eje","Paso Viejo","CELULAR","9"
"14028160","CORDOBA","Cruz del Eje","Paso Viejo","SATELITAL","106"
"14028160","CORDOBA","Cruz del Eje","Paso Viejo","WIRELESS","52"
"14028170","CORDOBA","Cruz del Eje","San Marcos Sierra","CELULAR","1"
"14028170","CORDOBA","Cruz del Eje","San Marcos Sierra","FIBRA OPTICA","585"
"14028170","CORDOBA","Cruz del Eje","San Marcos Sierra","SATELITAL","43"
"14028170","CORDOBA","Cruz del Eje","San Marcos Sierra","WIRELESS","180"
"14028180","CORDOBA","Cruz del Eje","Serrezuela","ADSL","43"
"14028180","CORDOBA","Cruz del Eje","Serrezuela","CELULAR","19"
"14028180","CORDOBA","Cruz del Eje","Serrezuela","SATELITAL","129"
"14028180","CORDOBA","Cruz del Eje","Serrezuela","WIRELESS","2"
"14028190","CORDOBA","Cruz del Eje","Tuclame","SATELITAL","62"
"14028190","CORDOBA","Cruz del Eje","Tuclame","WIRELESS","12"
"14028200","CORDOBA","Cruz del Eje","Villa de Soto","ADSL","40"
"14028200","CORDOBA","Cruz del Eje","Villa de Soto","CELULAR","2"
"14028200","CORDOBA","Cruz del Eje","Villa de Soto","FIBRA OPTICA","1.227"
"14028200","CORDOBA","Cruz del Eje","Villa de Soto","SATELITAL","216"
"14028200","CORDOBA","Cruz del Eje","Villa de Soto","WIRELESS","314"
"14035010","CORDOBA","General Roca","Del Campillo","ADSL","341"
"14035010","CORDOBA","General Roca","Del Campillo","FIBRA OPTICA","1.019"
"14035010","CORDOBA","General Roca","Del Campillo","SATELITAL","125"
"14035020","CORDOBA","General Roca","Estación Lecueder","SATELITAL","14"
"14035030","CORDOBA","General Roca","Hipólito Bouchard","Otros","2"
"14035030","CORDOBA","General Roca","Hipólito Bouchard","SATELITAL","75"
"14035040","CORDOBA","General Roca","Huinca Renancó","ADSL","572"
"14035040","CORDOBA","General Roca","Huinca Renancó","FIBRA OPTICA","1.297"
"14035040","CORDOBA","General Roca","Huinca Renancó","SATELITAL","385"
"14035040","CORDOBA","General Roca","Huinca Renancó","WIRELESS","1.102"
"14035050","CORDOBA","General Roca","Italó","Otros","172"
"14035050","CORDOBA","General Roca","Italó","SATELITAL","69"
"14035060","CORDOBA","General Roca","Mattaldi","SATELITAL","187"
"14035070","CORDOBA","General Roca","Nicolás Bruzzone","SATELITAL","13"
"14035070","CORDOBA","General Roca","Nicolás Bruzzone","WIRELESS","91"
"14035080","CORDOBA","General Roca","Onagoity","SATELITAL","8"
"0","CORDOBA","General Roca","Otros","SATELITAL","186"
"14035090","CORDOBA","General Roca","PINCÉN","Otros","9"
"14035090","CORDOBA","General Roca","Pincén","SATELITAL","49"
"14035100","CORDOBA","General Roca","Ranqueles","SATELITAL","9"
"14035110","CORDOBA","General Roca","Santa Magdalena (Est. Jovita)","CABLEMODEM","1.666"
"14035110","CORDOBA","General Roca","Santa Magdalena (Est. Jovita)","CELULAR","1"
"14035110","CORDOBA","General Roca","Santa Magdalena (Est. Jovita)","FIBRA OPTICA","37"
"14035110","CORDOBA","General Roca","Santa Magdalena (Est. Jovita)","SATELITAL","155"
"14035110","CORDOBA","General Roca","Santa Magdalena (Est. Jovita)","WIRELESS","82"
"14035120","CORDOBA","General Roca","Villa Huidobro","CABLEMODEM","789"
"14035120","CORDOBA","General Roca","Villa Huidobro","CELULAR","1"
"14035120","CORDOBA","General Roca","Villa Huidobro","DIAL UP","4"
"14035120","CORDOBA","General Roca","Villa Huidobro","SATELITAL","225"
"14035120","CORDOBA","General Roca","Villa Huidobro","WIRELESS","1.114"
"14035130","CORDOBA","General Roca","Villa Sarmiento","SATELITAL","11"
"14035140","CORDOBA","General Roca","Villa Valeria","ADSL","97"
"14035140","CORDOBA","General Roca","Villa Valeria","FIBRA OPTICA","872"
"14035140","CORDOBA","General Roca","Villa Valeria","Otros","1"
"14035140","CORDOBA","General Roca","Villa Valeria","SATELITAL","114"
"14035140","CORDOBA","General Roca","Villa Valeria","WIRELESS","58"
"14042010","CORDOBA","General San Martín","Arroyo Algodón","ADSL","159"
"14042010","CORDOBA","General San Martín","Arroyo Algodón","FIBRA OPTICA","1"
"14042010","CORDOBA","General San Martín","Arroyo Algodón","SATELITAL","24"
"14042010","CORDOBA","General San Martín","Arroyo Algodón","WIRELESS","226"
"14042020","CORDOBA","General San Martín","Arroyo Cabral","ADSL","2"
"14042020","CORDOBA","General San Martín","Arroyo Cabral","CABLEMODEM","393"
"14042020","CORDOBA","General San Martín","Arroyo Cabral","FIBRA OPTICA","2"
"14042020","CORDOBA","General San Martín","Arroyo Cabral","SATELITAL","33"
"14042020","CORDOBA","General San Martín","Arroyo Cabral","WIRELESS","276"
"14042030","CORDOBA","General San Martín","Ausonia","CELULAR","1"
"14042030","CORDOBA","General San Martín","Ausonia","FIBRA OPTICA","1"
"14042030","CORDOBA","General San Martín","Ausonia","SATELITAL","12"
"14042040","CORDOBA","General San Martín","Chazón","CABLEMODEM","445"
"14042040","CORDOBA","General San Martín","Chazón","Otros","12"
"14042040","CORDOBA","General San Martín","Chazón","SATELITAL","24"
"14042050","CORDOBA","General San Martín","Etruria","ADSL","5"
"14042050","CORDOBA","General San Martín","Etruria","CABLEMODEM","1"
"14042050","CORDOBA","General San Martín","Etruria","CELULAR","2"
"14042050","CORDOBA","General San Martín","Etruria","Otros","2"
"14042050","CORDOBA","General San Martín","Etruria","SATELITAL","106"
"14042060","CORDOBA","General San Martín","La Laguna","ADSL","524"
"14042060","CORDOBA","General San Martín","La Laguna","SATELITAL","29"
"14042060","CORDOBA","General San Martín","La Laguna","WIRELESS","1"
"14042070","CORDOBA","General San Martín","La Palestina","SATELITAL","18"
"14042070","CORDOBA","General San Martín","La Palestina","WIRELESS","1"
"14042080","CORDOBA","General San Martín","La Playosa","ADSL","245"
"14042080","CORDOBA","General San Martín","La Playosa","CABLEMODEM","521"
"14042080","CORDOBA","General San Martín","La Playosa","SATELITAL","47"
"14042080","CORDOBA","General San Martín","La Playosa","WIRELESS","71"
"14042090","CORDOBA","General San Martín","Las Mojarras","SATELITAL","23"
"14042100","CORDOBA","General San Martín","Luca","SATELITAL","4"
"0","CORDOBA","General San Martín","Otros","SATELITAL","66"
"14042110","CORDOBA","General San Martín","Pasco","CELULAR","3"
"14042110","CORDOBA","General San Martín","Pasco","FIBRA OPTICA","1"
"14042110","CORDOBA","General San Martín","Pasco","SATELITAL","16"
"14042120","CORDOBA","General San Martín","Sanabria","SATELITAL","25"
"14042130","CORDOBA","General San Martín","Silvio Pellico","FIBRA OPTICA","191"
"14042130","CORDOBA","General San Martín","Silvio Pellico","SATELITAL","6"
"14042130","CORDOBA","General San Martín","Silvio Pellico","WIRELESS","73"
"14042140","CORDOBA","General San Martín","Ticino","FIBRA OPTICA","847"
"14042140","CORDOBA","General San Martín","Ticino","SATELITAL","49"
"14042150","CORDOBA","General San Martín","Tío Pujio","ADSL","543"
"14042150","CORDOBA","General San Martín","Tío Pujio","FIBRA OPTICA","2"
"14042150","CORDOBA","General San Martín","Tío Pujio","SATELITAL","47"
"14042150","CORDOBA","General San Martín","Tío Pujio","WIRELESS","53"
"14042160","CORDOBA","General San Martín","Villa Albertina","SATELITAL","63"
"14042170","CORDOBA","General San Martín","Villa María","ADSL","896"
"14042170","CORDOBA","General San Martín","Villa María","CABLEMODEM","18.801"
"14042170","CORDOBA","General San Martín","Villa María","CELULAR","9"
"14042170","CORDOBA","General San Martín","Villa María","FIBRA OPTICA","17.785"
"14042170","CORDOBA","General San Martín","Villa María","SATELITAL","494"
"14042170","CORDOBA","General San Martín","Villa María","WIRELESS","883"
"14042180","CORDOBA","General San Martín","Villa Nueva","ADSL","195"
"14042180","CORDOBA","General San Martín","Villa Nueva","CABLEMODEM","2.134"
"14042180","CORDOBA","General San Martín","Villa Nueva","CELULAR","2"
"14042180","CORDOBA","General San Martín","Villa Nueva","FIBRA OPTICA","4.579"
"14042180","CORDOBA","General San Martín","Villa Nueva","SATELITAL","206"
"14042180","CORDOBA","General San Martín","Villa Nueva","WIRELESS","283"
"14042190","CORDOBA","General San Martín","Villa Oeste","SATELITAL","32"
"14049010","CORDOBA","Ischilín","Avellaneda","Otros","1"
"14049010","CORDOBA","Ischilín","Avellaneda","SATELITAL","15"
"14049020","CORDOBA","Ischilín","Cañada de Río Pinto","SATELITAL","30"
"14049030","CORDOBA","Ischilín","Chuña","SATELITAL","13"
"14049040","CORDOBA","Ischilín","Copacabana","SATELITAL","44"
"14049050","CORDOBA","Ischilín","Deán Funes","ADSL","5"
"14049050","CORDOBA","Ischilín","Deán Funes","CABLEMODEM","273"
"14049050","CORDOBA","Ischilín","Deán Funes","FIBRA OPTICA","6.457"
"14049050","CORDOBA","Ischilín","Deán Funes","SATELITAL","107"
"14049060","CORDOBA","Ischilín","Esquina del Alambre","SATELITAL","2"
"14049120","CORDOBA","Ischilín","Los Chañaritos","SATELITAL","3"
"14049080","CORDOBA","Ischilín","Los Pozos","SATELITAL","8"
"14049090","CORDOBA","Ischilín","Olivares de San Nicolás","SATELITAL","5"
"0","CORDOBA","Ischilín","Otros","SATELITAL","86"
"14049100","CORDOBA","Ischilín","Quilino","ADSL","58"
"14049100","CORDOBA","Ischilín","Quilino","CELULAR","52"
"14049100","CORDOBA","Ischilín","Quilino","FIBRA OPTICA","188"
"14049100","CORDOBA","Ischilín","Quilino","SATELITAL","61"
"14049110","CORDOBA","Ischilín","San Pedro de Toyos","SATELITAL","15"
"14049120","CORDOBA","Ischilín","Villa Gutiérrez","SATELITAL","17"
"14049130","CORDOBA","Ischilín","Villa Quilino","FIBRA OPTICA","77"
"14049130","CORDOBA","Ischilín","Villa Quilino","SATELITAL","38"
"14056010","CORDOBA","Juárez Celman","Alejandro Roca (Est. Alejandro)","ADSL","158"
"14056010","CORDOBA","Juárez Celman","Alejandro Roca (Est. Alejandro)","CELULAR","50"
"14056010","CORDOBA","Juárez Celman","Alejandro Roca (Est. Alejandro)","SATELITAL","336"
"14056010","CORDOBA","Juárez Celman","Alejandro Roca (Est. Alejandro)","WIRELESS","305"
"14056020","CORDOBA","Juárez Celman","Assunta","SATELITAL","6"
"14056030","CORDOBA","Juárez Celman","Bengolea","FIBRA OPTICA","269"
"14056030","CORDOBA","Juárez Celman","Bengolea","SATELITAL","24"
"14056040","CORDOBA","Juárez Celman","Carnerillo","ADSL","66"
"14056040","CORDOBA","Juárez Celman","Carnerillo","FIBRA OPTICA","725"
"14056040","CORDOBA","Juárez Celman","Carnerillo","Otros","1"
"14056040","CORDOBA","Juárez Celman","Carnerillo","SATELITAL","56"
"14056040","CORDOBA","Juárez Celman","Carnerillo","WIRELESS","195"
"14056050","CORDOBA","Juárez Celman","Charras","SATELITAL","41"
"14056050","CORDOBA","Juárez Celman","Charras","WIRELESS","12"
"14056060","CORDOBA","Juárez Celman","El Rastreador","SATELITAL","8"
"14056070","CORDOBA","Juárez Celman","General Cabrera","ADSL","142"
"14056070","CORDOBA","Juárez Celman","General Cabrera","CELULAR","5"
"14056070","CORDOBA","Juárez Celman","General Cabrera","FIBRA OPTICA","2.099"
"14056070","CORDOBA","Juárez Celman","General Cabrera","SATELITAL","201"
"14056070","CORDOBA","Juárez Celman","General Cabrera","WIRELESS","293"
"14056080","CORDOBA","Juárez Celman","General Deheza","CABLEMODEM","1.354"
"14056080","CORDOBA","Juárez Celman","General Deheza","FIBRA OPTICA","3.447"
"14056080","CORDOBA","Juárez Celman","General Deheza","SATELITAL","149"
"14056090","CORDOBA","Juárez Celman","Huanchillas","FIBRA OPTICA","1"
"14056090","CORDOBA","Juárez Celman","Huanchillas","SATELITAL","40"
"14056100","CORDOBA","Juárez Celman","La Carlota","ADSL","298"
"14056100","CORDOBA","Juárez Celman","La Carlota","CELULAR","13"
"14056100","CORDOBA","Juárez Celman","La Carlota","SATELITAL","240"
"14056110","CORDOBA","Juárez Celman","Los Cisnes","FIBRA OPTICA","222"
"14056110","CORDOBA","Juárez Celman","Los Cisnes","SATELITAL","20"
"14056110","CORDOBA","Juárez Celman","Los Cisnes","WIRELESS","41"
"14056120","CORDOBA","Juárez Celman","Olaeta","CABLEMODEM","65"
"14056120","CORDOBA","Juárez Celman","Olaeta","SATELITAL","39"
"0","CORDOBA","Juárez Celman","Otros","SATELITAL","124"
"14056130","CORDOBA","Juárez Celman","Pacheco de Melo","SATELITAL","13"
"14056140","CORDOBA","Juárez Celman","Paso del Durazno","SATELITAL","7"
"14056150","CORDOBA","Juárez Celman","Santa Eufemia","CABLEMODEM","750"
"14056150","CORDOBA","Juárez Celman","Santa Eufemia","SATELITAL","38"
"14056160","CORDOBA","Juárez Celman","Ucacha","ADSL","3"
"14056160","CORDOBA","Juárez Celman","Ucacha","CABLEMODEM","2.127"
"14056160","CORDOBA","Juárez Celman","Ucacha","CELULAR","9"
"14056160","CORDOBA","Juárez Celman","Ucacha","FIBRA OPTICA","2"
"14056160","CORDOBA","Juárez Celman","Ucacha","SATELITAL","89"
"14056160","CORDOBA","Juárez Celman","Ucacha","WIRELESS","84"
"14056170","CORDOBA","Juárez Celman","Villa Reducción","SATELITAL","35"
"14056170","CORDOBA","Juárez Celman","Villa Reducción","WIRELESS","232"
"14063010","CORDOBA","Marcos Juárez","Alejo Ledesma","CABLEMODEM","798"
"14063010","CORDOBA","Marcos Juárez","Alejo Ledesma","FIBRA OPTICA","271"
"14063010","CORDOBA","Marcos Juárez","Alejo Ledesma","SATELITAL","42"
"14063010","CORDOBA","Marcos Juárez","Alejo Ledesma","WIRELESS","44"
"14063020","CORDOBA","Marcos Juárez","Arias","ADSL","138"
"14063020","CORDOBA","Marcos Juárez","Arias","CABLEMODEM","1.010"
"14063020","CORDOBA","Marcos Juárez","Arias","CELULAR","23"
"14063020","CORDOBA","Marcos Juárez","Arias","FIBRA OPTICA","722"
"14063020","CORDOBA","Marcos Juárez","Arias","SATELITAL","212"
"14063020","CORDOBA","Marcos Juárez","Arias","WIRELESS","53"
"14063030","CORDOBA","Marcos Juárez","Camilo Aldao","ADSL","675"
"14063030","CORDOBA","Marcos Juárez","Camilo Aldao","CELULAR","5"
"14063030","CORDOBA","Marcos Juárez","Camilo Aldao","FIBRA OPTICA","1.095"
"14063030","CORDOBA","Marcos Juárez","Camilo Aldao","SATELITAL","96"
"14063040","CORDOBA","Marcos Juárez","Capitán General Bernardo O'Higgins","ADSL","15"
"14063040","CORDOBA","Marcos Juárez","Capitán General Bernardo O'Higgins","SATELITAL","10"
"14063040","CORDOBA","Marcos Juárez","Capitán General Bernardo O'Higgins","WIRELESS","30"
"14063050","CORDOBA","Marcos Juárez","Cavanagh","SATELITAL","18"
"14063050","CORDOBA","Marcos Juárez","Cavanagh","WIRELESS","322"
"14063060","CORDOBA","Marcos Juárez","Colonia Barge","SATELITAL","10"
"14063070","CORDOBA","Marcos Juárez","Colonia Italiana","CABLEMODEM","158"
"14063070","CORDOBA","Marcos Juárez","Colonia Italiana","Otros","31"
"14063070","CORDOBA","Marcos Juárez","Colonia Italiana","SATELITAL","19"
"14063070","CORDOBA","Marcos Juárez","Colonia Italiana","WIRELESS","10"
"14063080","CORDOBA","Marcos Juárez","Colonia Veinticinco","SATELITAL","16"
"14063090","CORDOBA","Marcos Juárez","Corral de Bustos","ADSL","647"
"14063090","CORDOBA","Marcos Juárez","Corral de Bustos","CABLEMODEM","2.185"
"14063090","CORDOBA","Marcos Juárez","Corral de Bustos","CELULAR","4"
"14063090","CORDOBA","Marcos Juárez","Corral de Bustos","FIBRA OPTICA","3.205"
"14063090","CORDOBA","Marcos Juárez","Corral de Bustos","Otros","1.790"
"14063090","CORDOBA","Marcos Juárez","Corral de Bustos","SATELITAL","108"
"14063090","CORDOBA","Marcos Juárez","Corral de Bustos","WIRELESS","40"
"14063100","CORDOBA","Marcos Juárez","Cruz Alta","ADSL","302"
"14063100","CORDOBA","Marcos Juárez","Cruz Alta","CELULAR","106"
"14063100","CORDOBA","Marcos Juárez","Cruz Alta","FIBRA OPTICA","806"
"14063100","CORDOBA","Marcos Juárez","Cruz Alta","SATELITAL","223"
"14063100","CORDOBA","Marcos Juárez","Cruz Alta","WIRELESS","3"
"14063110","CORDOBA","Marcos Juárez","General Baldissera","ADSL","451"
"14063110","CORDOBA","Marcos Juárez","General Baldissera","SATELITAL","46"
"14063120","CORDOBA","Marcos Juárez","General Roca","ADSL","1.260"
"14063120","CORDOBA","Marcos Juárez","General Roca","CELULAR","11"
"14063120","CORDOBA","Marcos Juárez","General Roca","SATELITAL","57"
"14063130","CORDOBA","Marcos Juárez","Guatimozín","ADSL","31"
"14063130","CORDOBA","Marcos Juárez","Guatimozín","FIBRA OPTICA","880"
"14063130","CORDOBA","Marcos Juárez","Guatimozín","Otros","593"
"14063130","CORDOBA","Marcos Juárez","Guatimozín","SATELITAL","27"
"14063130","CORDOBA","Marcos Juárez","Guatimozín","WIRELESS","5"
"14063140","CORDOBA","Marcos Juárez","Inriville","ADSL","200"
"14063140","CORDOBA","Marcos Juárez","Inriville","CELULAR","23"
"14063140","CORDOBA","Marcos Juárez","Inriville","SATELITAL","139"
"14063140","CORDOBA","Marcos Juárez","Inriville","WIRELESS","89"
"14063150","CORDOBA","Marcos Juárez","Isla Verde","ADSL","254"
"14063150","CORDOBA","Marcos Juárez","Isla Verde","CABLEMODEM","262"
"14063150","CORDOBA","Marcos Juárez","Isla Verde","CELULAR","2"
"14063150","CORDOBA","Marcos Juárez","Isla Verde","FIBRA OPTICA","1.229"
"14063150","CORDOBA","Marcos Juárez","Isla Verde","SATELITAL","59"
"14063160","CORDOBA","Marcos Juárez","Leones","ADSL","112"
"14063160","CORDOBA","Marcos Juárez","Leones","CABLEMODEM","3.012"
"14063160","CORDOBA","Marcos Juárez","Leones","CELULAR","2"
"14063160","CORDOBA","Marcos Juárez","Leones","FIBRA OPTICA","1"
"14063160","CORDOBA","Marcos Juárez","Leones","SATELITAL","136"
"14063160","CORDOBA","Marcos Juárez","Leones","WIRELESS","23"
"14063170","CORDOBA","Marcos Juárez","Los Surgentes","ADSL","599"
"14063170","CORDOBA","Marcos Juárez","Los Surgentes","FIBRA OPTICA","300"
"14063170","CORDOBA","Marcos Juárez","Los Surgentes","SATELITAL","52"
"14063180","CORDOBA","Marcos Juárez","Marcos Juárez","ADSL","28"
"14063180","CORDOBA","Marcos Juárez","Marcos Juárez","CABLEMODEM","11.744"
"14063180","CORDOBA","Marcos Juárez","Marcos Juárez","FIBRA OPTICA","2"
"14063180","CORDOBA","Marcos Juárez","Marcos Juárez","Otros","10"
"14063180","CORDOBA","Marcos Juárez","Marcos Juárez","SATELITAL","370"
"14063180","CORDOBA","Marcos Juárez","Marcos Juárez","WIRELESS","239"
"14063190","CORDOBA","Marcos Juárez","Monte Buey","ADSL","1.563"
"14063190","CORDOBA","Marcos Juárez","Monte Buey","CELULAR","1"
"14063190","CORDOBA","Marcos Juárez","Monte Buey","SATELITAL","119"
"14063020","CORDOBA","Marcos Juárez","Noetinger","SATELITAL","5"
"0","CORDOBA","Marcos Juárez","Otros","SATELITAL","97"
"14063210","CORDOBA","Marcos Juárez","Saira","ADSL","264"
"14063210","CORDOBA","Marcos Juárez","Saira","CELULAR","1"
"14063210","CORDOBA","Marcos Juárez","Saira","SATELITAL","25"
"14063220","CORDOBA","Marcos Juárez","Saladillo","SATELITAL","17"
"14063230","CORDOBA","Marcos Juárez","Villa Elisa","ADSL","1"
"14063230","CORDOBA","Marcos Juárez","Villa Elisa","DIAL UP","12"
"14063230","CORDOBA","Marcos Juárez","Villa Elisa","FIBRA OPTICA","2.574"
"14063230","CORDOBA","Marcos Juárez","Villa Elisa","SATELITAL","10"
"14070010","CORDOBA","Minas","Ciénaga del Coro","SATELITAL","37"
"14070020","CORDOBA","Minas","El Chacho","SATELITAL","2"
"14070020","CORDOBA","Minas","El Chacho","WIRELESS","25"
"14070030","CORDOBA","Minas","Estancia de Guadalupe","SATELITAL","13"
"14070030","CORDOBA","Minas","Estancia de Guadalupe","WIRELESS","3"
"14070040","CORDOBA","Minas","Guasapampa","SATELITAL","22"
"14070040","CORDOBA","Minas","Guasapampa","WIRELESS","2"
"14070050","CORDOBA","Minas","La Playa","SATELITAL","12"
"14070050","CORDOBA","Minas","La Playa","WIRELESS","12"
"0","CORDOBA","Minas","Otros","SATELITAL","67"
"14070060","CORDOBA","Minas","San Carlos Minas","ADSL","95"
"14070060","CORDOBA","Minas","San Carlos Minas","CELULAR","18"
"14070060","CORDOBA","Minas","San Carlos Minas","Otros","1"
"14070060","CORDOBA","Minas","San Carlos Minas","SATELITAL","100"
"14070060","CORDOBA","Minas","San Carlos Minas","WIRELESS","1"
"14070070","CORDOBA","Minas","Talaini","SATELITAL","28"
"14070080","CORDOBA","Minas","Tosno","SATELITAL","19"
"14070080","CORDOBA","Minas","Tosno","WIRELESS","6"
"0","CORDOBA","Otros","Otros","Otros","480"
"0","CORDOBA","OTROS","OTROS","WIRELESS","268"
"14077010","CORDOBA","Pocho","Chancani","SATELITAL","36"
"14077010","CORDOBA","Pocho","Chancani","WIRELESS","12"
"14077020","CORDOBA","Pocho","Las Palmas","SATELITAL","40"
"14077030","CORDOBA","Pocho","Los Talares","SATELITAL","14"
"0","CORDOBA","Pocho","Otros","SATELITAL","30"
"14077040","CORDOBA","Pocho","Salsacate","ADSL","37"
"14077040","CORDOBA","Pocho","Salsacate","CELULAR","2"
"14077040","CORDOBA","Pocho","Salsacate","Otros","3"
"14077040","CORDOBA","Pocho","Salsacate","SATELITAL","45"
"14077050","CORDOBA","Pocho","San Gerónimo","SATELITAL","6"
"14077060","CORDOBA","Pocho","Tala Cañada","SATELITAL","19"
"14077070","CORDOBA","Pocho","Taninga","SATELITAL","13"
"14077080","CORDOBA","Pocho","Villa de Pocho","SATELITAL","15"
"14084010","CORDOBA","Presidente Roque Sáenz Peña","General Levalle","CABLEMODEM","2.298"
"14084010","CORDOBA","Presidente Roque Sáenz Peña","General Levalle","FIBRA OPTICA","276"
"14084010","CORDOBA","Presidente Roque Sáenz Peña","General Levalle","SATELITAL","142"
"14084010","CORDOBA","Presidente Roque Sáenz Peña","General Levalle","WIRELESS","140"
"14084030","CORDOBA","Presidente Roque Sáenz Peña","Laboulaye","ADSL","274"
"14084030","CORDOBA","Presidente Roque Sáenz Peña","Laboulaye","CABLEMODEM","7.761"
"14084030","CORDOBA","Presidente Roque Sáenz Peña","Laboulaye","FIBRA OPTICA","1"
"14084030","CORDOBA","Presidente Roque Sáenz Peña","Laboulaye","SATELITAL","487"
"14084030","CORDOBA","Presidente Roque Sáenz Peña","Laboulaye","WIRELESS","1.126"
"14084020","CORDOBA","Presidente Roque Sáenz Peña","La Cesira","ADSL","395"
"14084020","CORDOBA","Presidente Roque Sáenz Peña","La Cesira","FIBRA OPTICA","2"
"14084020","CORDOBA","Presidente Roque Sáenz Peña","La Cesira","Otros","17"
"14084020","CORDOBA","Presidente Roque Sáenz Peña","La Cesira","SATELITAL","33"
"14084020","CORDOBA","Presidente Roque Sáenz Peña","La Cesira","WIRELESS","38"
"14084040","CORDOBA","Presidente Roque Sáenz Peña","Leguizamón","SATELITAL","8"
"14084050","CORDOBA","Presidente Roque Sáenz Peña","Melo","Otros","21"
"14084050","CORDOBA","Presidente Roque Sáenz Peña","Melo","SATELITAL","27"
"14084050","CORDOBA","Presidente Roque Sáenz Peña","Melo","WIRELESS","389"
"0","CORDOBA","Presidente Roque Sáenz Peña","Otros","SATELITAL","135"
"14084060","CORDOBA","Presidente Roque Sáenz Peña","Río Bamba","SATELITAL","25"
"14084060","CORDOBA","Presidente Roque Sáenz Peña","Río Bamba","WIRELESS","29"
"14084070","CORDOBA","Presidente Roque Sáenz Peña","Rosales","SATELITAL","24"
"14084070","CORDOBA","Presidente Roque Sáenz Peña","Rosales","WIRELESS","132"
"14084080","CORDOBA","Presidente Roque Sáenz Peña","San Joaquín","SATELITAL","9"
"14084080","CORDOBA","Presidente Roque Sáenz Peña","San Joaquín","WIRELESS","42"
"14084090","CORDOBA","Presidente Roque Sáenz Peña","Serrano","CABLEMODEM","1.033"
"14084090","CORDOBA","Presidente Roque Sáenz Peña","Serrano","CELULAR","1"
"14084090","CORDOBA","Presidente Roque Sáenz Peña","Serrano","Otros","2"
"14084090","CORDOBA","Presidente Roque Sáenz Peña","Serrano","SATELITAL","55"
"14084090","CORDOBA","Presidente Roque Sáenz Peña","Serrano","WIRELESS","81"
"14084100","CORDOBA","Presidente Roque Sáenz Peña","Villa Rossi","SATELITAL","63"
"14091010","CORDOBA","Punilla","Barrio Santa Isabel","SATELITAL","6"
"14091020","CORDOBA","Punilla","Bialet Massé","ADSL","41"
"14091020","CORDOBA","Punilla","Bialet Massé","CELULAR","2"
"14091020","CORDOBA","Punilla","Bialet Massé","FIBRA OPTICA","2.099"
"14091020","CORDOBA","Punilla","Bialet Massé","SATELITAL","138"
"14091020","CORDOBA","Punilla","Bialet Massé","WIRELESS","268"
"14091030","CORDOBA","Punilla","Cabalango","SATELITAL","66"
"14091030","CORDOBA","Punilla","Cabalango","WIRELESS","207"
"14091040","CORDOBA","Punilla","Capilla del Monte","ADSL","39"
"14091040","CORDOBA","Punilla","Capilla del Monte","CABLEMODEM","457"
"14091040","CORDOBA","Punilla","Capilla del Monte","CELULAR","16"
"14091040","CORDOBA","Punilla","Capilla del Monte","FIBRA OPTICA","1.424"
"14091040","CORDOBA","Punilla","Capilla del Monte","SATELITAL","386"
"14091040","CORDOBA","Punilla","Capilla del Monte","WIRELESS","282"
"14091050","CORDOBA","Punilla","Casa Grande","FIBRA OPTICA","385"
"14091050","CORDOBA","Punilla","Casa Grande","SATELITAL","162"
"14091060","CORDOBA","Punilla","Charbonier","SATELITAL","45"
"14091060","CORDOBA","Punilla","Charbonier","WIRELESS","102"
"14091070","CORDOBA","Punilla","Cosquín","ADSL","490"
"14091070","CORDOBA","Punilla","Cosquín","CABLEMODEM","7.021"
"14091070","CORDOBA","Punilla","Cosquín","CELULAR","9"
"14091070","CORDOBA","Punilla","Cosquín","FIBRA OPTICA","212"
"14091070","CORDOBA","Punilla","Cosquín","SATELITAL","182"
"14091070","CORDOBA","Punilla","Cosquín","WIRELESS","155"
"14091080","CORDOBA","Punilla","Cuesta Blanca","SATELITAL","38"
"14091080","CORDOBA","Punilla","Cuesta Blanca","WIRELESS","40"
"14091090","CORDOBA","Punilla","Estancia Vieja","CABLEMODEM","57"
"14091090","CORDOBA","Punilla","Estancia Vieja","CELULAR","3"
"14091090","CORDOBA","Punilla","Estancia Vieja","SATELITAL","168"
"14091090","CORDOBA","Punilla","Estancia Vieja","WIRELESS","216"
"14091100","CORDOBA","Punilla","Huerta Grande","CABLEMODEM","32"
"14091100","CORDOBA","Punilla","Huerta Grande","CELULAR","1"
"14091100","CORDOBA","Punilla","Huerta Grande","FIBRA OPTICA","2.412"
"14091100","CORDOBA","Punilla","Huerta Grande","SATELITAL","75"
"14091100","CORDOBA","Punilla","Huerta Grande","WIRELESS","70"
"14091110","CORDOBA","Punilla","La Cumbre","ADSL","19"
"14091110","CORDOBA","Punilla","La Cumbre","CELULAR","7"
"14091110","CORDOBA","Punilla","La Cumbre","FIBRA OPTICA","2.247"
"14091110","CORDOBA","Punilla","La Cumbre","SATELITAL","236"
"14091110","CORDOBA","Punilla","La Cumbre","WIRELESS","165"
"14091120","CORDOBA","Punilla","La Falda","ADSL","502"
"14091120","CORDOBA","Punilla","La Falda","CABLEMODEM","6.529"
"14091120","CORDOBA","Punilla","La Falda","CELULAR","2"
"14091120","CORDOBA","Punilla","La Falda","FIBRA OPTICA","21"
"14091120","CORDOBA","Punilla","La Falda","SATELITAL","162"
"14091120","CORDOBA","Punilla","La Falda","WIRELESS","79"
"14091130","CORDOBA","Punilla","Las Jarillas","SATELITAL","32"
"14091130","CORDOBA","Punilla","Las Jarillas","WIRELESS","4"
"14091140","CORDOBA","Punilla","Los Cocos","CELULAR","1"
"14091140","CORDOBA","Punilla","Los Cocos","FIBRA OPTICA","361"
"14091140","CORDOBA","Punilla","Los Cocos","Otros","1"
"14091140","CORDOBA","Punilla","Los Cocos","SATELITAL","71"
"14091140","CORDOBA","Punilla","Los Cocos","WIRELESS","51"
"14091150","CORDOBA","Punilla","Mallín","SATELITAL","27"
"14091160","CORDOBA","Punilla","Mayu Sumaj","CABLEMODEM","178"
"14091160","CORDOBA","Punilla","Mayu Sumaj","CELULAR","2"
"14091160","CORDOBA","Punilla","Mayu Sumaj","SATELITAL","51"
"14091160","CORDOBA","Punilla","Mayu Sumaj","WIRELESS","49"
"0","CORDOBA","Punilla","Otros","SATELITAL","42"
"14091170","CORDOBA","Punilla","Quebrada de Luna","SATELITAL","21"
"14091180","CORDOBA","Punilla","San Antonio de Arredondo","CABLEMODEM","1.823"
"14091180","CORDOBA","Punilla","San Antonio de Arredondo","CELULAR","1"
"14091180","CORDOBA","Punilla","San Antonio de Arredondo","FIBRA OPTICA","1"
"14091180","CORDOBA","Punilla","San Antonio de Arredondo","SATELITAL","89"
"14091180","CORDOBA","Punilla","San Antonio de Arredondo","WIRELESS","112"
"14091190","CORDOBA","Punilla","San Esteban","ADSL","5"
"14091190","CORDOBA","Punilla","San Esteban","SATELITAL","42"
"14091190","CORDOBA","Punilla","San Esteban","WIRELESS","42"
"14091200","CORDOBA","Punilla","San Roque","CELULAR","15"
"14091200","CORDOBA","Punilla","San Roque","SATELITAL","201"
"14091200","CORDOBA","Punilla","San Roque","WIRELESS","301"
"14091060","CORDOBA","Punilla","San Roque Del Lago","SATELITAL","113"
"14091210","CORDOBA","Punilla","Santa María de Punilla","ADSL","208"
"14091210","CORDOBA","Punilla","Santa María de Punilla","CABLEMODEM","1"
"14091210","CORDOBA","Punilla","Santa María de Punilla","CELULAR","5"
"14091210","CORDOBA","Punilla","Santa María de Punilla","FIBRA OPTICA","1.420"
"14091210","CORDOBA","Punilla","Santa María de Punilla","SATELITAL","89"
"14091210","CORDOBA","Punilla","Santa María de Punilla","WIRELESS","169"
"14091220","CORDOBA","Punilla","Tala Huasi","SATELITAL","23"
"14091220","CORDOBA","Punilla","Tala Huasi","WIRELESS","15"
"14091230","CORDOBA","Punilla","Tanti","CELULAR","5"
"14091230","CORDOBA","Punilla","Tanti","Otros","225"
"14091230","CORDOBA","Punilla","Tanti","SATELITAL","314"
"14091230","CORDOBA","Punilla","Tanti","WIRELESS","373"
"14091240","CORDOBA","Punilla","Valle Hermoso","ADSL","32"
"14091240","CORDOBA","Punilla","Valle Hermoso","CABLEMODEM","8"
"14091240","CORDOBA","Punilla","Valle Hermoso","CELULAR","2"
"14091240","CORDOBA","Punilla","Valle Hermoso","FIBRA OPTICA","2.333"
"14091240","CORDOBA","Punilla","Valle Hermoso","SATELITAL","163"
"14091240","CORDOBA","Punilla","Valle Hermoso","WIRELESS","77"
"14091250","CORDOBA","Punilla","Villa Carlos Paz","ADSL","940"
"14091250","CORDOBA","Punilla","Villa Carlos Paz","CABLEMODEM","27.292"
"14091250","CORDOBA","Punilla","Villa Carlos Paz","CELULAR","1"
"14091250","CORDOBA","Punilla","Villa Carlos Paz","FIBRA OPTICA","2.512"
"14091250","CORDOBA","Punilla","Villa Carlos Paz","SATELITAL","354"
"14091250","CORDOBA","Punilla","Villa Carlos Paz","WIRELESS","642"
"14091260","CORDOBA","Punilla","Villa Flor Serrana","SATELITAL","39"
"14091270","CORDOBA","Punilla","Villa Giardino","ADSL","161"
"14091270","CORDOBA","Punilla","Villa Giardino","FIBRA OPTICA","2.955"
"14091270","CORDOBA","Punilla","Villa Giardino","SATELITAL","86"
"14091270","CORDOBA","Punilla","Villa Giardino","WIRELESS","159"
"14091280","CORDOBA","Punilla","Villa Lago Azul","SATELITAL","132"
"14091290","CORDOBA","Punilla","Villa Parque Siquimán","FIBRA OPTICA","150"
"14091290","CORDOBA","Punilla","Villa Parque Siquimán","SATELITAL","299"
"14091290","CORDOBA","Punilla","Villa Parque Siquimán","WIRELESS","276"
"14091300","CORDOBA","Punilla","Villa Río Icho Cruz","SATELITAL","19"
"14091300","CORDOBA","Punilla","Villa Río Icho Cruz","WIRELESS","147"
"14091310","CORDOBA","Punilla","Villa San José","SATELITAL","17"
"14091320","CORDOBA","Punilla","Villa Santa Cruz del Lago","ADSL","83"
"14091320","CORDOBA","Punilla","Villa Santa Cruz del Lago","CELULAR","14"
"14091320","CORDOBA","Punilla","Villa Santa Cruz del Lago","SATELITAL","300"
"14091320","CORDOBA","Punilla","Villa Santa Cruz del Lago","WIRELESS","279"
"14098010","CORDOBA","Río Cuarto","Achiras","CELULAR","1"
"14098010","CORDOBA","Río Cuarto","Achiras","FIBRA OPTICA","50"
"14098010","CORDOBA","Río Cuarto","Achiras","SATELITAL","155"
"14098010","CORDOBA","Río Cuarto","Achiras","WIRELESS","258"
"14098020","CORDOBA","Río Cuarto","Adelia María","ADSL","1"
"14098020","CORDOBA","Río Cuarto","Adelia María","CABLEMODEM","2.404"
"14098020","CORDOBA","Río Cuarto","Adelia María","FIBRA OPTICA","901"
"14098020","CORDOBA","Río Cuarto","Adelia María","SATELITAL","122"
"14098020","CORDOBA","Río Cuarto","Adelia María","WIRELESS","152"
"14098030","CORDOBA","Río Cuarto","Alcira (Est. Gigena)","ADSL","155"
"14098030","CORDOBA","Río Cuarto","Alcira (Est. Gigena)","CELULAR","20"
"14098030","CORDOBA","Río Cuarto","Alcira (Est. Gigena)","FIBRA OPTICA","884"
"14098030","CORDOBA","Río Cuarto","Alcira (Est. Gigena)","SATELITAL","159"
"14098040","CORDOBA","Río Cuarto","Alpa Corral","FIBRA OPTICA","1"
"14098040","CORDOBA","Río Cuarto","ALPA CORRAL","Otros","160"
"14098040","CORDOBA","Río Cuarto","Alpa Corral","SATELITAL","256"
"14098050","CORDOBA","Río Cuarto","Berrotarán","ADSL","129"
"14098050","CORDOBA","Río Cuarto","Berrotarán","CABLEMODEM","1.989"
"14098050","CORDOBA","Río Cuarto","Berrotarán","CELULAR","6"
"14098050","CORDOBA","Río Cuarto","Berrotarán","FIBRA OPTICA","4"
"14098050","CORDOBA","Río Cuarto","Berrotarán","SATELITAL","86"
"14098050","CORDOBA","Río Cuarto","Berrotarán","WIRELESS","89"
"14098060","CORDOBA","Río Cuarto","Bulnes","ADSL","50"
"14098060","CORDOBA","Río Cuarto","Bulnes","SATELITAL","46"
"14098070","CORDOBA","Río Cuarto","Chaján","FIBRA OPTICA","78"
"14098070","CORDOBA","Río Cuarto","Chaján","SATELITAL","36"
"14098080","CORDOBA","Río Cuarto","Chucul","ADSL","20"
"14098080","CORDOBA","Río Cuarto","Chucul","CELULAR","1"
"14098080","CORDOBA","Río Cuarto","Chucul","FIBRA OPTICA","3"
"14098080","CORDOBA","Río Cuarto","Chucul","SATELITAL","31"
"14098080","CORDOBA","Río Cuarto","Chucul","WIRELESS","74"
"14098090","CORDOBA","Río Cuarto","Coronel Baigorria","FIBRA OPTICA","1"
"14098090","CORDOBA","Río Cuarto","Coronel Baigorria","SATELITAL","68"
"14098100","CORDOBA","Río Cuarto","Coronel Moldes","ADSL","407"
"14098100","CORDOBA","Río Cuarto","Coronel Moldes","CELULAR","49"
"14098100","CORDOBA","Río Cuarto","Coronel Moldes","FIBRA OPTICA","2.126"
"14098100","CORDOBA","Río Cuarto","Coronel Moldes","SATELITAL","175"
"14098100","CORDOBA","Río Cuarto","Coronel Moldes","WIRELESS","47"
"14098110","CORDOBA","Río Cuarto","Elena","ADSL","73"
"14098110","CORDOBA","Río Cuarto","Elena","CELULAR","4"
"14098110","CORDOBA","Río Cuarto","Elena","FIBRA OPTICA","1.164"
"14098110","CORDOBA","Río Cuarto","Elena","SATELITAL","53"
"14098110","CORDOBA","Río Cuarto","Elena","WIRELESS","86"
"14098120","CORDOBA","Río Cuarto","La Carolina","SATELITAL","29"
"14098120","CORDOBA","Río Cuarto","La Carolina","WIRELESS","66"
"14098130","CORDOBA","Río Cuarto","La Cautiva","SATELITAL","43"
"14098140","CORDOBA","Río Cuarto","La Gilda","SATELITAL","35"
"14098150","CORDOBA","Río Cuarto","Las Acequias","ADSL","422"
"14098150","CORDOBA","Río Cuarto","Las Acequias","SATELITAL","69"
"14098160","CORDOBA","Río Cuarto","Las Albahacas","ADSL","2"
"14098160","CORDOBA","Río Cuarto","LAS ALBAHACAS","Otros","14"
"14098160","CORDOBA","Río Cuarto","Las Albahacas","SATELITAL","78"
"14098170","CORDOBA","Río Cuarto","Las Higueras","ADSL","12"
"14098170","CORDOBA","Río Cuarto","Las Higueras","FIBRA OPTICA","1.747"
"14098170","CORDOBA","Río Cuarto","Las Higueras","SATELITAL","511"
"14098180","CORDOBA","Río Cuarto","Las Peñas","ADSL","4"
"14098180","CORDOBA","Río Cuarto","Las Peñas","SATELITAL","53"
"14098180","CORDOBA","Río Cuarto","Las Peñas","WIRELESS","25"
"14098190","CORDOBA","Río Cuarto","Las Vertientes","ADSL","11"
"14098190","CORDOBA","Río Cuarto","Las Vertientes","CELULAR","13"
"14098190","CORDOBA","Río Cuarto","Las Vertientes","FIBRA OPTICA","25"
"14098190","CORDOBA","Río Cuarto","Las Vertientes","SATELITAL","46"
"14098200","CORDOBA","Río Cuarto","Malena","SATELITAL","38"
"14098210","CORDOBA","Río Cuarto","Monte de los Gauchos","SATELITAL","27"
"0","CORDOBA","Río Cuarto","OTROS","Otros","30"
"0","CORDOBA","Río Cuarto","Otros","SATELITAL","549"
"14098220","CORDOBA","Río Cuarto","Paso del Durazno","SATELITAL","17"
"14098230","CORDOBA","Río Cuarto","Río Cuarto","ADSL","1.838"
"14098230","CORDOBA","Río Cuarto","Río Cuarto","CABLEMODEM","33.716"
"14098230","CORDOBA","Río Cuarto","Río Cuarto","CELULAR","49"
"14098230","CORDOBA","Río Cuarto","Río Cuarto","DIAL UP","1"
"14098230","CORDOBA","Río Cuarto","Río Cuarto","FIBRA OPTICA","42.631"
"14098230","CORDOBA","Río Cuarto","Río Cuarto","SATELITAL","1.564"
"14098230","CORDOBA","Río Cuarto","Río Cuarto","WIRELESS","1.387"
"14098240","CORDOBA","Río Cuarto","Sampacho","ADSL","187"
"14098240","CORDOBA","Río Cuarto","Sampacho","CELULAR","29"
"14098240","CORDOBA","Río Cuarto","Sampacho","FIBRA OPTICA","29"
"14098240","CORDOBA","Río Cuarto","SAMPACHO","Otros","1.070"
"14098240","CORDOBA","Río Cuarto","Sampacho","SATELITAL","161"
"14098240","CORDOBA","Río Cuarto","Sampacho","WIRELESS","273"
"14098250","CORDOBA","Río Cuarto","San Basilio","ADSL","37"
"14098250","CORDOBA","Río Cuarto","San Basilio","FIBRA OPTICA","1.149"
"14098250","CORDOBA","Río Cuarto","San Basilio","SATELITAL","81"
"14098260","CORDOBA","Río Cuarto","Santa Catalina (Est. Holmberg)","ADSL","190"
"14098260","CORDOBA","Río Cuarto","Santa Catalina (Est. Holmberg)","SATELITAL","227"
"14098270","CORDOBA","Río Cuarto","Suco","SATELITAL","34"
"14098280","CORDOBA","Río Cuarto","Tosquitas","CELULAR","3"
"14098280","CORDOBA","Río Cuarto","Tosquitas","FIBRA OPTICA","1"
"14098280","CORDOBA","Río Cuarto","Tosquitas","SATELITAL","84"
"14098290","CORDOBA","Río Cuarto","Vicuña Mackenna","ADSL","1.978"
"14098290","CORDOBA","Río Cuarto","Vicuña Mackenna","CABLEMODEM","1.346"
"14098290","CORDOBA","Río Cuarto","Vicuña Mackenna","CELULAR","19"
"14098290","CORDOBA","Río Cuarto","Vicuña Mackenna","FIBRA OPTICA","216"
"14098290","CORDOBA","Río Cuarto","Vicuña Mackenna","SATELITAL","658"
"14098300","CORDOBA","Río Cuarto","VILLA EL CHACAY","Otros","4"
"14098300","CORDOBA","Río Cuarto","Villa El Chacay","SATELITAL","30"
"14098310","CORDOBA","Río Cuarto","Villa Santa Eugenia","SATELITAL","60"
"14098320","CORDOBA","Río Cuarto","Washington","SATELITAL","38"
"14098320","CORDOBA","Río Cuarto","Washington","WIRELESS","38"
"14105010","CORDOBA","Río Primero","Atahona","SATELITAL","6"
"14105020","CORDOBA","Río Primero","Cañada de Machado","SATELITAL","7"
"14105020","CORDOBA","Río Primero","Cañada de Machado","WIRELESS","11"
"14105030","CORDOBA","Río Primero","Capilla de los Remedios","CELULAR","1"
"14105030","CORDOBA","Río Primero","Capilla de los Remedios","SATELITAL","24"
"14105040","CORDOBA","Río Primero","Chalacea","SATELITAL","27"
"14105050","CORDOBA","Río Primero","Colonia Las Cuatro Esquinas","SATELITAL","4"
"14105060","CORDOBA","Río Primero","Diego de Rojas","SATELITAL","23"
"14105070","CORDOBA","Río Primero","El Alcalde (Est. Tala Norte)","SATELITAL","4"
"14105080","CORDOBA","Río Primero","El Crispín","SATELITAL","10"
"14105090","CORDOBA","Río Primero","Esquina","FIBRA OPTICA","57"
"14105090","CORDOBA","Río Primero","Esquina","SATELITAL","17"
"14105100","CORDOBA","Río Primero","Kilómetro 658","SATELITAL","6"
"14105110","CORDOBA","Río Primero","La Para","CABLEMODEM","1.167"
"14105110","CORDOBA","Río Primero","La Para","SATELITAL","52"
"14105110","CORDOBA","Río Primero","La Para","WIRELESS","154"
"14105120","CORDOBA","Río Primero","La Posta","SATELITAL","30"
"14105130","CORDOBA","Río Primero","La Puerta","SATELITAL","39"
"14105130","CORDOBA","Río Primero","La Puerta","WIRELESS","100"
"14105140","CORDOBA","Río Primero","La Quinta","SATELITAL","12"
"14105140","CORDOBA","Río Primero","La Quinta","WIRELESS","20"
"14105150","CORDOBA","Río Primero","Las Gramillas","SATELITAL","11"
"14105160","CORDOBA","Río Primero","Las Saladas","SATELITAL","11"
"14105170","CORDOBA","Río Primero","Maquinista Gallini","SATELITAL","7"
"14105190","CORDOBA","Río Primero","Montecristo","ADSL","217"
"14105190","CORDOBA","Río Primero","Montecristo","FIBRA OPTICA","1.331"
"14105190","CORDOBA","Río Primero","Montecristo","SATELITAL","114"
"14105190","CORDOBA","Río Primero","Montecristo","WIRELESS","185"
"14105180","CORDOBA","Río Primero","Monte del Rosario","SATELITAL","13"
"14105200","CORDOBA","Río Primero","Obispo Trejo","Otros","1"
"14105200","CORDOBA","Río Primero","Obispo Trejo","SATELITAL","29"
"14105200","CORDOBA","Río Primero","Obispo Trejo","WIRELESS","1"
"0","CORDOBA","Río Primero","Otros","SATELITAL","59"
"0","CORDOBA","Río Primero","OTROS","WIRELESS","20"
"14105210","CORDOBA","Río Primero","Piquillín","ADSL","42"
"14105210","CORDOBA","Río Primero","Piquillín","CELULAR","11"
"14105210","CORDOBA","Río Primero","Piquillín","FIBRA OPTICA","1"
"14105210","CORDOBA","Río Primero","Piquillín","SATELITAL","40"
"14105220","CORDOBA","Río Primero","Plaza de Mercedes","SATELITAL","14"
"14105230","CORDOBA","Río Primero","Pueblo Comechingones","SATELITAL","9"
"14105240","CORDOBA","Río Primero","Río Primero","ADSL","1.016"
"14105240","CORDOBA","Río Primero","Río Primero","CELULAR","4"
"14105240","CORDOBA","Río Primero","Río Primero","FIBRA OPTICA","686"
"14105240","CORDOBA","Río Primero","Río Primero","SATELITAL","64"
"14105240","CORDOBA","Río Primero","Río Primero","WIRELESS","187"
"14105250","CORDOBA","Río Primero","Sagrada Familia","SATELITAL","20"
"14105260","CORDOBA","Río Primero","Santa Rosa de Río Primero","ADSL","258"
"14105260","CORDOBA","Río Primero","Santa Rosa de Río Primero","CELULAR","1"
"14105260","CORDOBA","Río Primero","Santa Rosa de Río Primero","FIBRA OPTICA","1.521"
"14105260","CORDOBA","Río Primero","Santa Rosa de Río Primero","Otros","164"
"14105260","CORDOBA","Río Primero","Santa Rosa de Río Primero","SATELITAL","78"
"14105260","CORDOBA","Río Primero","Santa Rosa de Río Primero","WIRELESS","897"
"14105270","CORDOBA","Río Primero","Villa Fontana","FIBRA OPTICA","379"
"14105270","CORDOBA","Río Primero","Villa Fontana","SATELITAL","9"
"14105270","CORDOBA","Río Primero","Villa Fontana","WIRELESS","109"
"14112010","CORDOBA","Río Seco","Cerro Colorado","SATELITAL","41"
"14112010","CORDOBA","Río Seco","Cerro Colorado","WIRELESS","60"
"14112020","CORDOBA","Río Seco","Chañar Viejo","SATELITAL","22"
"14112030","CORDOBA","Río Seco","Eufrasio Loza","SATELITAL","19"
"14112040","CORDOBA","Río Seco","Gütemberg","SATELITAL","69"
"14112060","CORDOBA","Río Seco","Los Hoyos","SATELITAL","14"
"0","CORDOBA","Río Seco","Otros","SATELITAL","129"
"14112070","CORDOBA","Río Seco","Puesto de Castro","SATELITAL","28"
"14112080","CORDOBA","Río Seco","Rayo Cortado","Otros","2"
"14112080","CORDOBA","Río Seco","Rayo Cortado","SATELITAL","29"
"14112080","CORDOBA","Río Seco","Rayo Cortado","WIRELESS","57"
"14112090","CORDOBA","Río Seco","San Pedro de Gütemberg","SATELITAL","19"
"14112100","CORDOBA","Río Seco","Santa Elena","SATELITAL","10"
"14112110","CORDOBA","Río Seco","Sebastián Elcano","CELULAR","1"
"14112110","CORDOBA","Río Seco","Sebastián Elcano","SATELITAL","175"
"14112120","CORDOBA","Río Seco","Villa Candelaria","SATELITAL","87"
"14112130","CORDOBA","Río Seco","Villa de María","CABLEMODEM","806"
"14112130","CORDOBA","Río Seco","Villa de María","Otros","5"
"14112130","CORDOBA","Río Seco","Villa de María","SATELITAL","323"
"14112130","CORDOBA","Río Seco","Villa de María","WIRELESS","242"
"14119010","CORDOBA","Río Segundo","Calchín","CABLEMODEM","356"
"14119010","CORDOBA","Río Segundo","Calchín","Otros","668"
"14119010","CORDOBA","Río Segundo","Calchín","SATELITAL","53"
"14119020","CORDOBA","Río Segundo","Calchín Oeste","SATELITAL","32"
"14119030","CORDOBA","Río Segundo","Capilla del Carmen","FIBRA OPTICA","184"
"14119030","CORDOBA","Río Segundo","Capilla del Carmen","SATELITAL","18"
"14119030","CORDOBA","Río Segundo","Capilla del Carmen","WIRELESS","16"
"14119040","CORDOBA","Río Segundo","Carrilobo","CABLEMODEM","435"
"14119040","CORDOBA","Río Segundo","Carrilobo","CELULAR","1"
"14119040","CORDOBA","Río Segundo","Carrilobo","FIBRA OPTICA","250"
"14119040","CORDOBA","Río Segundo","Carrilobo","SATELITAL","50"
"14119040","CORDOBA","Río Segundo","Carrilobo","WIRELESS","64"
"14119050","CORDOBA","Río Segundo","Colazo","CELULAR","1"
"14119050","CORDOBA","Río Segundo","Colazo","FIBRA OPTICA","3"
"14119050","CORDOBA","Río Segundo","Colazo","SATELITAL","14"
"14119060","CORDOBA","Río Segundo","Colonia Videla","SATELITAL","8"
"14119070","CORDOBA","Río Segundo","Costasacate","ADSL","126"
"14119070","CORDOBA","Río Segundo","Costasacate","FIBRA OPTICA","153"
"14119070","CORDOBA","Río Segundo","Costasacate","SATELITAL","25"
"14119070","CORDOBA","Río Segundo","Costasacate","WIRELESS","12"
"14119080","CORDOBA","Río Segundo","Impira","SATELITAL","8"
"14119090","CORDOBA","Río Segundo","Laguna Larga","ADSL","274"
"14119090","CORDOBA","Río Segundo","Laguna Larga","CELULAR","47"
"14119090","CORDOBA","Río Segundo","Laguna Larga","FIBRA OPTICA","1"
"14119090","CORDOBA","Río Segundo","Laguna Larga","SATELITAL","75"
"14119090","CORDOBA","Río Segundo","Laguna Larga","WIRELESS","704"
"14119100","CORDOBA","Río Segundo","Las Junturas","FIBRA OPTICA","670"
"14119100","CORDOBA","Río Segundo","Las Junturas","SATELITAL","15"
"14119100","CORDOBA","Río Segundo","Las Junturas","WIRELESS","30"
"14119110","CORDOBA","Río Segundo","Los Chañaritos","ADSL","4"
"14119110","CORDOBA","Río Segundo","Los Chañaritos","FIBRA OPTICA","40"
"14119110","CORDOBA","Río Segundo","Los Chañaritos","Otros","1"
"14119110","CORDOBA","Río Segundo","Los Chañaritos","SATELITAL","13"
"14119110","CORDOBA","Río Segundo","Los Chañaritos","WIRELESS","32"
"14119120","CORDOBA","Río Segundo","Luque","ADSL","3"
"14119120","CORDOBA","Río Segundo","Luque","FIBRA OPTICA","1.406"
"14119120","CORDOBA","Río Segundo","Luque","SATELITAL","47"
"14119130","CORDOBA","Río Segundo","Manfredi","ADSL","6"
"14119130","CORDOBA","Río Segundo","Manfredi","CELULAR","4"
"14119130","CORDOBA","Río Segundo","Manfredi","FIBRA OPTICA","4"
"14119130","CORDOBA","Río Segundo","Manfredi","SATELITAL","14"
"14119140","CORDOBA","Río Segundo","Matorrales","SATELITAL","12"
"14119150","CORDOBA","Río Segundo","Oncativo","ADSL","2.241"
"14119150","CORDOBA","Río Segundo","Oncativo","CELULAR","7"
"14119150","CORDOBA","Río Segundo","Oncativo","FIBRA OPTICA","153"
"14119150","CORDOBA","Río Segundo","Oncativo","SATELITAL","133"
"14119150","CORDOBA","Río Segundo","Oncativo","WIRELESS","436"
"0","CORDOBA","Río Segundo","Otros","SATELITAL","36"
"14119160","CORDOBA","Río Segundo","Pilar","ADSL","100"
"14119160","CORDOBA","Río Segundo","Pilar","FIBRA OPTICA","2.007"
"14119160","CORDOBA","Río Segundo","Pilar","SATELITAL","85"
"14119160","CORDOBA","Río Segundo","Pilar","WIRELESS","1.215"
"14119170","CORDOBA","Río Segundo","Pozo del Molle","CELULAR","1"
"14119170","CORDOBA","Río Segundo","Pozo del Molle","FIBRA OPTICA","2.510"
"14119170","CORDOBA","Río Segundo","Pozo del Molle","SATELITAL","54"
"14119180","CORDOBA","Río Segundo","Rincón","FIBRA OPTICA","160"
"14119180","CORDOBA","Río Segundo","Rincón","SATELITAL","5"
"14119180","CORDOBA","Río Segundo","Rincón","WIRELESS","35"
"14119190","CORDOBA","Río Segundo","Río Segundo","ADSL","37"
"14119190","CORDOBA","Río Segundo","Río Segundo","CELULAR","1"
"14119190","CORDOBA","Río Segundo","Río Segundo","FIBRA OPTICA","4.715"
"14119190","CORDOBA","Río Segundo","Río Segundo","SATELITAL","99"
"14119190","CORDOBA","Río Segundo","Río Segundo","WIRELESS","1.405"
"14119200","CORDOBA","Río Segundo","Santiago Temple","ADSL","18"
"14119200","CORDOBA","Río Segundo","Santiago Temple","CABLEMODEM","769"
"14119200","CORDOBA","Río Segundo","Santiago Temple","FIBRA OPTICA","16"
"14119200","CORDOBA","Río Segundo","Santiago Temple","Otros","2"
"14119200","CORDOBA","Río Segundo","Santiago Temple","SATELITAL","57"
"14119200","CORDOBA","Río Segundo","Santiago Temple","WIRELESS","89"
"14119210","CORDOBA","Río Segundo","Villa del Rosario","ADSL","29"
"14119210","CORDOBA","Río Segundo","Villa del Rosario","CELULAR","2"
"14119210","CORDOBA","Río Segundo","Villa del Rosario","FIBRA OPTICA","7.240"
"14119210","CORDOBA","Río Segundo","Villa del Rosario","SATELITAL","59"
"14119210","CORDOBA","Río Segundo","Villa del Rosario","WIRELESS","32"
"14126010","CORDOBA","San Alberto","Ambul","SATELITAL","28"
"14126020","CORDOBA","San Alberto","Arroyo Los Patos","CABLEMODEM","40"
"14126020","CORDOBA","San Alberto","Arroyo Los Patos","FIBRA OPTICA","20"
"14126020","CORDOBA","San Alberto","Arroyo Los Patos","SATELITAL","97"
"14126020","CORDOBA","San Alberto","Arroyo Los Patos","WIRELESS","5"
"14126030","CORDOBA","San Alberto","El Huayco","ADSL","22"
"14126030","CORDOBA","San Alberto","El Huayco","SATELITAL","23"
"14126030","CORDOBA","San Alberto","El Huayco","WIRELESS","6"
"14126040","CORDOBA","San Alberto","La Cortadera","SATELITAL","5"
"14126050","CORDOBA","San Alberto","Las Calles","FIBRA OPTICA","21"
"14126050","CORDOBA","San Alberto","Las Calles","SATELITAL","75"
"14126050","CORDOBA","San Alberto","Las Calles","WIRELESS","60"
"14126060","CORDOBA","San Alberto","Las Oscuras","SATELITAL","2"
"14126070","CORDOBA","San Alberto","Las Rabonas","FIBRA OPTICA","20"
"14126070","CORDOBA","San Alberto","Las Rabonas","SATELITAL","46"
"14126070","CORDOBA","San Alberto","Las Rabonas","WIRELESS","50"
"14126080","CORDOBA","San Alberto","Los Callejones","SATELITAL","17"
"14126090","CORDOBA","San Alberto","Mina Clavero","ADSL","102"
"14126090","CORDOBA","San Alberto","Mina Clavero","CABLEMODEM","302"
"14126090","CORDOBA","San Alberto","Mina Clavero","CELULAR","4"
"14126090","CORDOBA","San Alberto","Mina Clavero","FIBRA OPTICA","1.684"
"14126090","CORDOBA","San Alberto","Mina Clavero","Otros","1"
"14126090","CORDOBA","San Alberto","Mina Clavero","SATELITAL","244"
"14126100","CORDOBA","San Alberto","Mussi","SATELITAL","12"
"14126110","CORDOBA","San Alberto","Nono","ADSL","37"
"14126110","CORDOBA","San Alberto","Nono","CABLEMODEM","30"
"14126110","CORDOBA","San Alberto","Nono","CELULAR","4"
"14126110","CORDOBA","San Alberto","Nono","FIBRA OPTICA","247"
"14126110","CORDOBA","San Alberto","Nono","SATELITAL","131"
"14126110","CORDOBA","San Alberto","Nono","WIRELESS","50"
"0","CORDOBA","San Alberto","Otros","SATELITAL","64"
"14126120","CORDOBA","San Alberto","Panaholma","SATELITAL","49"
"14126130","CORDOBA","San Alberto","San Huberto","FIBRA OPTICA","15"
"14126130","CORDOBA","San Alberto","San Huberto","SATELITAL","32"
"14126130","CORDOBA","San Alberto","San Huberto","WIRELESS","41"
"14126140","CORDOBA","San Alberto","San Lorenzo","SATELITAL","69"
"14126140","CORDOBA","San Alberto","San Lorenzo","WIRELESS","20"
"14126150","CORDOBA","San Alberto","San Martín","SATELITAL","14"
"14126160","CORDOBA","San Alberto","San Pedro","FIBRA OPTICA","6"
"14126160","CORDOBA","San Alberto","San Pedro","SATELITAL","17"
"14126160","CORDOBA","San Alberto","San Pedro","WIRELESS","403"
"14126170","CORDOBA","San Alberto","San Vicente","SATELITAL","26"
"14126170","CORDOBA","San Alberto","San Vicente","WIRELESS","33"
"14126180","CORDOBA","San Alberto","Sauce Arriba","SATELITAL","15"
"14126180","CORDOBA","San Alberto","Sauce Arriba","WIRELESS","21"
"14126190","CORDOBA","San Alberto","Tasna","SATELITAL","20"
"14126200","CORDOBA","San Alberto","Villa Cura Brochero","CABLEMODEM","180"
"14126200","CORDOBA","San Alberto","Villa Cura Brochero","CELULAR","2"
"14126200","CORDOBA","San Alberto","Villa Cura Brochero","FIBRA OPTICA","656"
"14126200","CORDOBA","San Alberto","Villa Cura Brochero","Otros","1"
"14126200","CORDOBA","San Alberto","Villa Cura Brochero","SATELITAL","132"
"14126200","CORDOBA","San Alberto","Villa Cura Brochero","WIRELESS","3"
"14126210","CORDOBA","San Alberto","Villa Sarmiento","ADSL","1"
"14126210","CORDOBA","San Alberto","Villa Sarmiento","SATELITAL","14"
"14126210","CORDOBA","San Alberto","Villa Sarmiento","WIRELESS","423"
"14133010","CORDOBA","San Javier","Conlara","SATELITAL","22"
"14133010","CORDOBA","San Javier","Conlara","WIRELESS","24"
"14133030","CORDOBA","San Javier","Cruz Caña","SATELITAL","53"
"14133030","CORDOBA","San Javier","Cruz Caña","WIRELESS","41"
"14133040","CORDOBA","San Javier","Dos Arroyos","SATELITAL","11"
"14133040","CORDOBA","San Javier","Dos Arroyos","WIRELESS","5"
"14133050","CORDOBA","San Javier","El Pantanillo","SATELITAL","4"
"14133050","CORDOBA","San Javier","El Pantanillo","WIRELESS","4"
"14133080","CORDOBA","San Javier","El Pueblito","SATELITAL","35"
"14133060","CORDOBA","San Javier","La Paz","FIBRA OPTICA","3"
"14133060","CORDOBA","San Javier","La Paz","SATELITAL","130"
"14133060","CORDOBA","San Javier","La Paz","WIRELESS","268"
"14133070","CORDOBA","San Javier","La Población","SATELITAL","46"
"14133070","CORDOBA","San Javier","La Población","WIRELESS","78"
"14133080","CORDOBA","San Javier","La Ramada","SATELITAL","124"
"14133080","CORDOBA","San Javier","La Ramada","WIRELESS","14"
"14133095","CORDOBA","San Javier","Las Chacras","SATELITAL","133"
"14133100","CORDOBA","San Javier","Las Tapias","SATELITAL","73"
"14133100","CORDOBA","San Javier","Las Tapias","WIRELESS","251"
"14133090","CORDOBA","San Javier","La Travesía","SATELITAL","64"
"14133090","CORDOBA","San Javier","La Travesía","WIRELESS","49"
"14133105","CORDOBA","San Javier","Loma Bola","SATELITAL","54"
"14133105","CORDOBA","San Javier","Loma Bola","WIRELESS","20"
"14133110","CORDOBA","San Javier","Los Cerrillos","SATELITAL","8"
"14133110","CORDOBA","San Javier","Los Cerrillos","WIRELESS","64"
"14133120","CORDOBA","San Javier","Los Hornillos","ADSL","76"
"14133120","CORDOBA","San Javier","Los Hornillos","CELULAR","2"
"14133120","CORDOBA","San Javier","Los Hornillos","SATELITAL","44"
"14133120","CORDOBA","San Javier","Los Hornillos","WIRELESS","43"
"14133130","CORDOBA","San Javier","Los Molles","SATELITAL","43"
"14133130","CORDOBA","San Javier","Los Molles","WIRELESS","36"
"14133040","CORDOBA","San Javier","Los Romeros","SATELITAL","13"
"14133040","CORDOBA","San Javier","Los Romeros","WIRELESS","9"
"14133150","CORDOBA","San Javier","Luyaba","SATELITAL","112"
"14133150","CORDOBA","San Javier","Luyaba","WIRELESS","124"
"0","CORDOBA","San Javier","Otros","SATELITAL","8"
"14133155","CORDOBA","San Javier","Quebracho Ladeado","SATELITAL","56"
"14133155","CORDOBA","San Javier","Quebracho Ladeado","WIRELESS","10"
"14133160","CORDOBA","San Javier","Quebrada de los Pozos","SATELITAL","69"
"14133160","CORDOBA","San Javier","Quebrada de los Pozos","WIRELESS","81"
"14133170","CORDOBA","San Javier","San Javier y Yacanto","SATELITAL","238"
"14133170","CORDOBA","San Javier","San Javier y Yacanto","WIRELESS","280"
"14133180","CORDOBA","San Javier","San José","SATELITAL","28"
"14133180","CORDOBA","San Javier","San José","WIRELESS","69"
"14133190","CORDOBA","San Javier","Villa de las Rosas","SATELITAL","167"
"14133190","CORDOBA","San Javier","Villa de las Rosas","WIRELESS","329"
"14133200","CORDOBA","San Javier","Villa Dolores","ADSL","89"
"14133200","CORDOBA","San Javier","Villa Dolores","CABLEMODEM","235"
"14133200","CORDOBA","San Javier","Villa Dolores","FIBRA OPTICA","7.342"
"14133200","CORDOBA","San Javier","Villa Dolores","SATELITAL","182"
"14133200","CORDOBA","San Javier","Villa Dolores","WIRELESS","2.167"
"14133210","CORDOBA","San Javier","Villa La Viña","SATELITAL","6"
"14133210","CORDOBA","San Javier","Villa La Viña","WIRELESS","6"
"14140010","CORDOBA","San Justo","Alicia","CABLEMODEM","301"
"14140010","CORDOBA","San Justo","Alicia","CELULAR","3"
"14140010","CORDOBA","San Justo","Alicia","FIBRA OPTICA","1.036"
"14140010","CORDOBA","San Justo","Alicia","SATELITAL","32"
"14140010","CORDOBA","San Justo","Alicia","WIRELESS","61"
"14140020","CORDOBA","San Justo","Altos de Chipión","FIBRA OPTICA","634"
"14140020","CORDOBA","San Justo","Altos de Chipión","Otros","1"
"14140020","CORDOBA","San Justo","Altos de Chipión","SATELITAL","29"
"14140030","CORDOBA","San Justo","Arroyito","ADSL","137"
"14140030","CORDOBA","San Justo","Arroyito","CABLEMODEM","647"
"14140030","CORDOBA","San Justo","Arroyito","CELULAR","31"
"14140030","CORDOBA","San Justo","Arroyito","FIBRA OPTICA","9.824"
"14140030","CORDOBA","San Justo","Arroyito","SATELITAL","161"
"14140030","CORDOBA","San Justo","Arroyito","WIMAX","68"
"14140030","CORDOBA","San Justo","Arroyito","WIRELESS","103"
"14140040","CORDOBA","San Justo","Balnearia","CELULAR","1"
"14140040","CORDOBA","San Justo","Balnearia","SATELITAL","88"
"14140050","CORDOBA","San Justo","Brinkmann","ADSL","82"
"14140050","CORDOBA","San Justo","Brinkmann","CELULAR","7"
"14140050","CORDOBA","San Justo","Brinkmann","FIBRA OPTICA","2.547"
"14140050","CORDOBA","San Justo","Brinkmann","SATELITAL","84"
"14140070","CORDOBA","San Justo","Colonia 10 de Julio","SATELITAL","20"
"14140060","CORDOBA","San Justo","Colonia Anita","SATELITAL","6"
"14140060","CORDOBA","San Justo","Colonia Anita","WIRELESS","4"
"14140215","CORDOBA","San Justo","Colonia Iturraspe","SATELITAL","2"
"14140080","CORDOBA","San Justo","Colonia Las Pichanas","SATELITAL","8"
"14140080","CORDOBA","San Justo","Colonia Las Pichanas","WIRELESS","4"
"14140090","CORDOBA","San Justo","Colonia Marina","FIBRA OPTICA","448"
"14140090","CORDOBA","San Justo","Colonia Marina","Otros","1"
"14140090","CORDOBA","San Justo","Colonia Marina","SATELITAL","21"
"14140090","CORDOBA","San Justo","Colonia Marina","WIRELESS","136"
"14140100","CORDOBA","San Justo","Colonia Prosperidad","SATELITAL","12"
"14140110","CORDOBA","San Justo","Colonia San Bartolomé","FIBRA OPTICA","224"
"14140110","CORDOBA","San Justo","Colonia San Bartolomé","SATELITAL","24"
"14140110","CORDOBA","San Justo","Colonia San Bartolomé","WIRELESS","243"
"14140120","CORDOBA","San Justo","Colonia San Pedro","SATELITAL","15"
"14140130","CORDOBA","San Justo","Colonia Santa María","SATELITAL","7"
"14140140","CORDOBA","San Justo","Colonia Valtelina","Otros","1"
"14140140","CORDOBA","San Justo","Colonia Valtelina","SATELITAL","11"
"14140150","CORDOBA","San Justo","Colonia Vignaud","ADSL","50"
"14140150","CORDOBA","San Justo","Colonia Vignaud","FIBRA OPTICA","102"
"14140150","CORDOBA","San Justo","Colonia Vignaud","SATELITAL","14"
"14140160","CORDOBA","San Justo","Devoto","ADSL","206"
"14140160","CORDOBA","San Justo","Devoto","CELULAR","78"
"14140160","CORDOBA","San Justo","Devoto","FIBRA OPTICA","1"
"14140160","CORDOBA","San Justo","Devoto","SATELITAL","71"
"14140170","CORDOBA","San Justo","El Arañado","CABLEMODEM","479"
"14140170","CORDOBA","San Justo","El Arañado","SATELITAL","17"
"14140170","CORDOBA","San Justo","El Arañado","WIRELESS","66"
"14140180","CORDOBA","San Justo","El Fortín","CABLEMODEM","348"
"14140180","CORDOBA","San Justo","El Fortín","FIBRA OPTICA","99"
"14140180","CORDOBA","San Justo","El Fortín","SATELITAL","13"
"14140180","CORDOBA","San Justo","El Fortín","WIRELESS","69"
"14140190","CORDOBA","San Justo","El Fuertecito","SATELITAL","22"
"14140190","CORDOBA","San Justo","El Fuertecito","WIRELESS","9"
"14140200","CORDOBA","San Justo","El Tío","ADSL","3"
"14140200","CORDOBA","San Justo","El Tío","CABLEMODEM","397"
"14140200","CORDOBA","San Justo","El Tío","FIBRA OPTICA","434"
"14140200","CORDOBA","San Justo","El Tío","SATELITAL","26"
"14140200","CORDOBA","San Justo","El Tío","WIRELESS","18"
"14140210","CORDOBA","San Justo","Estación Luxardo","SATELITAL","13"
"14140210","CORDOBA","San Justo","Estación Luxardo","WIRELESS","36"
"14140220","CORDOBA","San Justo","Freyre","ADSL","102"
"14140220","CORDOBA","San Justo","Freyre","CABLEMODEM","823"
"14140220","CORDOBA","San Justo","Freyre","CELULAR","7"
"14140220","CORDOBA","San Justo","Freyre","FIBRA OPTICA","1.780"
"14140220","CORDOBA","San Justo","Freyre","Otros","3"
"14140220","CORDOBA","San Justo","Freyre","SATELITAL","49"
"14140220","CORDOBA","San Justo","Freyre","WIRELESS","82"
"14140230","CORDOBA","San Justo","La Francia","ADSL","6"
"14140230","CORDOBA","San Justo","La Francia","FIBRA OPTICA","1.480"
"14140230","CORDOBA","San Justo","La Francia","SATELITAL","20"
"14140230","CORDOBA","San Justo","La Francia","WIRELESS","179"
"14140240","CORDOBA","San Justo","La Paquita","ADSL","220"
"14140240","CORDOBA","San Justo","La Paquita","Otros","5"
"14140240","CORDOBA","San Justo","La Paquita","SATELITAL","23"
"14140240","CORDOBA","San Justo","La Paquita","WIRELESS","126"
"14140260","CORDOBA","San Justo","Las Varas","CELULAR","1"
"14140260","CORDOBA","San Justo","Las Varas","FIBRA OPTICA","389"
"14140260","CORDOBA","San Justo","Las Varas","SATELITAL","13"
"14140270","CORDOBA","San Justo","Las Varillas","ADSL","49"
"14140270","CORDOBA","San Justo","Las Varillas","CELULAR","11"
"14140270","CORDOBA","San Justo","Las Varillas","FIBRA OPTICA","8.165"
"14140270","CORDOBA","San Justo","Las Varillas","SATELITAL","112"
"14140250","CORDOBA","San Justo","La Tordilla","ADSL","435"
"14140250","CORDOBA","San Justo","La Tordilla","SATELITAL","26"
"14140250","CORDOBA","San Justo","La Tordilla","WIRELESS","45"
"14140280","CORDOBA","San Justo","Marull","CELULAR","1"
"14140280","CORDOBA","San Justo","Marull","FIBRA OPTICA","747"
"14140280","CORDOBA","San Justo","Marull","SATELITAL","14"
"14140280","CORDOBA","San Justo","Marull","WIRELESS","147"
"14140290","CORDOBA","San Justo","Miramar","CABLEMODEM","1.298"
"14140290","CORDOBA","San Justo","Miramar","SATELITAL","116"
"14140290","CORDOBA","San Justo","Miramar","WIRELESS","122"
"14140300","CORDOBA","San Justo","Morteros","ADSL","61"
"14140300","CORDOBA","San Justo","Morteros","CELULAR","3"
"14140300","CORDOBA","San Justo","Morteros","FIBRA OPTICA","8.480"
"14140300","CORDOBA","San Justo","Morteros","SATELITAL","143"
"0","CORDOBA","San Justo","Otros","SATELITAL","115"
"14140310","CORDOBA","San Justo","Plaza Luxardo","SATELITAL","9"
"14140310","CORDOBA","San Justo","Plaza Luxardo","WIRELESS","6"
"14140320","CORDOBA","San Justo","Plaza San Francisco","CABLEMODEM","5"
"14140320","CORDOBA","San Justo","Plaza San Francisco","SATELITAL","70"
"14140320","CORDOBA","San Justo","Plaza San Francisco","WIRELESS","9"
"14140330","CORDOBA","San Justo","Porteña","ADSL","287"
"14140330","CORDOBA","San Justo","Porteña","FIBRA OPTICA","2.002"
"14140330","CORDOBA","San Justo","Porteña","Otros","2"
"14140330","CORDOBA","San Justo","Porteña","SATELITAL","28"
"14140330","CORDOBA","San Justo","Porteña","WIRELESS","69"
"14140340","CORDOBA","San Justo","Quebracho Herrado","SATELITAL","23"
"14140340","CORDOBA","San Justo","Quebracho Herrado","WIRELESS","39"
"14140350","CORDOBA","San Justo","Sacanta","CABLEMODEM","823"
"14140350","CORDOBA","San Justo","Sacanta","CELULAR","2"
"14140350","CORDOBA","San Justo","Sacanta","FIBRA OPTICA","452"
"14140350","CORDOBA","San Justo","Sacanta","Otros","5"
"14140350","CORDOBA","San Justo","Sacanta","SATELITAL","51"
"14140350","CORDOBA","San Justo","Sacanta","WIRELESS","125"
"14140360","CORDOBA","San Justo","San Francisco","ADSL","1.175"
"14140360","CORDOBA","San Justo","San Francisco","CABLEMODEM","14.658"
"14140360","CORDOBA","San Justo","San Francisco","CELULAR","35"
"14140360","CORDOBA","San Justo","San Francisco","FIBRA OPTICA","445"
"14140360","CORDOBA","San Justo","San Francisco","SATELITAL","313"
"14140360","CORDOBA","San Justo","San Francisco","WIRELESS","521"
"14140370","CORDOBA","San Justo","Saturnino María Laspiur","CABLEMODEM","758"
"14140370","CORDOBA","San Justo","Saturnino María Laspiur","CELULAR","2"
"14140370","CORDOBA","San Justo","Saturnino María Laspiur","SATELITAL","60"
"14140370","CORDOBA","San Justo","Saturnino María Laspiur","WIRELESS","21"
"14140380","CORDOBA","San Justo","Seeber","ADSL","58"
"14140380","CORDOBA","San Justo","Seeber","Otros","1"
"14140380","CORDOBA","San Justo","Seeber","SATELITAL","4"
"14140390","CORDOBA","San Justo","Toro Pujio","ADSL","77"
"14140390","CORDOBA","San Justo","Toro Pujio","SATELITAL","7"
"0","CORDOBA","San Justo","Transito","CABLEMODEM","804"
"0","CORDOBA","San Justo","Transito","FIBRA OPTICA","320"
"14140400","CORDOBA","San Justo","Tránsito","ADSL","28"
"14140400","CORDOBA","San Justo","Tránsito","SATELITAL","43"
"14140400","CORDOBA","San Justo","Tránsito","WIRELESS","44"
"14140070","CORDOBA","San Justo","Trinchera","SATELITAL","13"
"14140420","CORDOBA","San Justo","Villa Concepción del Tío","CABLEMODEM","265"
"14140420","CORDOBA","San Justo","Villa Concepción del Tío","FIBRA OPTICA","252"
"14140420","CORDOBA","San Justo","Villa Concepción del Tío","SATELITAL","17"
"14140420","CORDOBA","San Justo","Villa Concepción del Tío","WIRELESS","157"
"14140430","CORDOBA","San Justo","Villa del Tránsito","SATELITAL","8"
"14140430","CORDOBA","San Justo","Villa del Tránsito","WIRELESS","145"
"14140440","CORDOBA","San Justo","Villa San Esteban","SATELITAL","34"
"14140440","CORDOBA","San Justo","Villa San Esteban","WIRELESS","31"
"14147010","CORDOBA","Santa María","Alta Gracia","ADSL","257"
"14147010","CORDOBA","Santa María","Alta Gracia","CABLEMODEM","1.325"
"14147010","CORDOBA","Santa María","Alta Gracia","CELULAR","10"
"14147010","CORDOBA","Santa María","Alta Gracia","FIBRA OPTICA","16.683"
"14147010","CORDOBA","Santa María","Alta Gracia","Otros","2"
"14147010","CORDOBA","Santa María","Alta Gracia","SATELITAL","391"
"14147010","CORDOBA","Santa María","Alta Gracia","WIRELESS","358"
"14147020","CORDOBA","Santa María","Anisacate","ADSL","47"
"14147020","CORDOBA","Santa María","Anisacate","SATELITAL","164"
"14147020","CORDOBA","Santa María","Anisacate","WIRELESS","137"
"14147030","CORDOBA","Santa María","Barrio Gilbert","SATELITAL","134"
"14147220","CORDOBA","Santa María","Barrio Las Quintas","SATELITAL","3"
"14147280","CORDOBA","Santa María","Barrio Villa del Parque","SATELITAL","114"
"14147050","CORDOBA","Santa María","Bouwer","SATELITAL","21"
"14147055","CORDOBA","Santa María","Campos Del Virrey","FIBRA OPTICA","35"
"14147055","CORDOBA","Santa María","Campos del Virrey","SATELITAL","32"
"14147060","CORDOBA","Santa María","Caseros Centro","SATELITAL","15"
"14147065","CORDOBA","Santa María","Causana","SATELITAL","293"
"14147070","CORDOBA","Santa María","Costa Azul","SATELITAL","76"
"14147080","CORDOBA","Santa María","Despeñaderos","ADSL","923"
"14147080","CORDOBA","Santa María","Despeñaderos","FIBRA OPTICA","1.065"
"14147080","CORDOBA","Santa María","Despeñaderos","SATELITAL","88"
"14147080","CORDOBA","Santa María","Despeñaderos","WIRELESS","124"
"14147090","CORDOBA","Santa María","Dique Chico","SATELITAL","15"
"14147095","CORDOBA","Santa María","El Potrerillo","SATELITAL","61"
"14147100","CORDOBA","Santa María","Falda del Cañete","SATELITAL","21"
"14147110","CORDOBA","Santa María","Falda del Carmen","SATELITAL","74"
"14147110","CORDOBA","Santa María","Falda del Carmen","WIRELESS","10"
"14147115","CORDOBA","Santa María","José de la Quintana","SATELITAL","33"
"14147115","CORDOBA","Santa María","José de la Quintana","WIRELESS","11"
"14147120","CORDOBA","Santa María","La Boca del Río","SATELITAL","2"
"14147130","CORDOBA","Santa María","La Carbonada","SATELITAL","14"
"14147280","CORDOBA","Santa María","La Cumbrecita","SATELITAL","16"
"14147280","CORDOBA","Santa María","La Cumbrecita","WIRELESS","5"
"14147280","CORDOBA","Santa María","La Donosa","SATELITAL","6"
"14147280","CORDOBA","Santa María","La Donosa","WIRELESS","74"
"14147150","CORDOBA","Santa María","La Paisanita","ADSL","15"
"14147150","CORDOBA","Santa María","La Paisanita","CELULAR","18"
"14147150","CORDOBA","Santa María","La Paisanita","SATELITAL","39"
"14147160","CORDOBA","Santa María","La Perla","SATELITAL","30"
"14147170","CORDOBA","Santa María","La Rancherita","SATELITAL","5"
"14147180","CORDOBA","Santa María","La Serranita","SATELITAL","32"
"14147190","CORDOBA","Santa María","Los Cedros - Las Quintas","SATELITAL","26"
"14147200","CORDOBA","Santa María","Lozada","SATELITAL","24"
"14147210","CORDOBA","Santa María","Malagueño","ADSL","2"
"14147210","CORDOBA","Santa María","Malagueño","CELULAR","12"
"14147210","CORDOBA","Santa María","Malagueño","FIBRA OPTICA","1.004"
"14147210","CORDOBA","Santa María","Malagueño","SATELITAL","156"
"14147210","CORDOBA","Santa María","Malagueño","WIRELESS","382"
"14147217","CORDOBA","Santa María","Milenica","SATELITAL","46"
"14147220","CORDOBA","Santa María","Mi Valle","SATELITAL","10"
"14147220","CORDOBA","Santa María","Monte Ralo","SATELITAL","14"
"0","CORDOBA","Santa María","Otros","SATELITAL","37"
"0","CORDOBA","Santa María","OTROS","WIRELESS","602"
"14147230","CORDOBA","Santa María","Potrero de Garay","FIBRA OPTICA","270"
"14147230","CORDOBA","Santa María","Potrero de Garay","SATELITAL","401"
"14147230","CORDOBA","Santa María","Potrero de Garay","WIRELESS","1.128"
"14147240","CORDOBA","Santa María","Rafael García","SATELITAL","36"
"14147250","CORDOBA","Santa María","San Clemente","SATELITAL","196"
"14147260","CORDOBA","Santa María","San Nicolás","ADSL","1"
"14147260","CORDOBA","Santa María","San Nicolás","SATELITAL","285"
"14147270","CORDOBA","Santa María","Socavones","SATELITAL","31"
"14147220","CORDOBA","Santa María","Tejas Tres","SATELITAL","3"
"14147220","CORDOBA","Santa María","Tierra Alta","SATELITAL","32"
"14147280","CORDOBA","Santa María","Toledo","ADSL","517"
"14147280","CORDOBA","Santa María","Toledo","FIBRA OPTICA","162"
"14147280","CORDOBA","Santa María","Toledo","SATELITAL","51"
"14147280","CORDOBA","Santa María","Toledo","WIRELESS","4"
"14147290","CORDOBA","Santa María","Valle Alegre","SATELITAL","153"
"14147300","CORDOBA","Santa María","Valle de Anisacate","SATELITAL","30"
"14147300","CORDOBA","Santa María","Valle de Anisacate","WIRELESS","70"
"14147310","CORDOBA","Santa María","Villa Ciudad de América (Loteo Diego de Rojas)","SATELITAL","141"
"14147310","CORDOBA","Santa María","Villa Ciudad de América (Loteo Diego de Rojas)","WIRELESS","545"
"14147320","CORDOBA","Santa María","Villa del Prado","CELULAR","1"
"14147320","CORDOBA","Santa María","Villa del Prado","SATELITAL","37"
"14147320","CORDOBA","Santa María","Villa del Prado","WIRELESS","49"
"14147330","CORDOBA","Santa María","Villa La Bolsa","CELULAR","4"
"14147330","CORDOBA","Santa María","Villa La Bolsa","SATELITAL","105"
"14147330","CORDOBA","Santa María","Villa La Bolsa","WIRELESS","53"
"14147340","CORDOBA","Santa María","Villa Los Aromos","ADSL","40"
"14147340","CORDOBA","Santa María","Villa Los Aromos","CELULAR","7"
"14147340","CORDOBA","Santa María","Villa Los Aromos","SATELITAL","48"
"14147340","CORDOBA","Santa María","Villa Los Aromos","WIRELESS","61"
"14147350","CORDOBA","Santa María","Villa Parque Santa Ana","ADSL","89"
"14147350","CORDOBA","Santa María","Villa Parque Santa Ana","CELULAR","29"
"14147350","CORDOBA","Santa María","Villa Parque Santa Ana","SATELITAL","56"
"14147360","CORDOBA","Santa María","Villa San Isidro - José de la Quintana","SATELITAL","11"
"14147360","CORDOBA","Santa María","Villa San Isidro - José de la Quintana","WIRELESS","51"
"14147370","CORDOBA","Santa María","Villa Sierras de Oro","SATELITAL","225"
"14147380","CORDOBA","Santa María","Yocsina","FIBRA OPTICA","1"
"14147380","CORDOBA","Santa María","Yocsina","SATELITAL","25"
"14154010","CORDOBA","Sobremonte","Caminiaga","SATELITAL","25"
"14154040","CORDOBA","Sobremonte","Cerro Colorado","SATELITAL","1"
"14154030","CORDOBA","Sobremonte","Chuña Huasi","SATELITAL","44"
"0","CORDOBA","Sobremonte","Otros","SATELITAL","36"
"14154040","CORDOBA","Sobremonte","Pozo Nuevo","SATELITAL","56"
"14154050","CORDOBA","Sobremonte","San Francisco del Chañar","CELULAR","1"
"14154050","CORDOBA","Sobremonte","San Francisco del Chañar","Otros","1"
"14154050","CORDOBA","Sobremonte","San Francisco del Chañar","SATELITAL","80"
"14161010","CORDOBA","Tercero Arriba","Almafuerte","ADSL","220"
"14161010","CORDOBA","Tercero Arriba","Almafuerte","CABLEMODEM","1.418"
"14161010","CORDOBA","Tercero Arriba","Almafuerte","CELULAR","2"
"14161010","CORDOBA","Tercero Arriba","Almafuerte","FIBRA OPTICA","2.600"
"14161010","CORDOBA","Tercero Arriba","Almafuerte","SATELITAL","187"
"14161010","CORDOBA","Tercero Arriba","Almafuerte","WIRELESS","500"
"14161020","CORDOBA","Tercero Arriba","Colonia Almada","SATELITAL","22"
"14161020","CORDOBA","Tercero Arriba","Colonia Almada","WIRELESS","1"
"14161030","CORDOBA","Tercero Arriba","Corralito","FIBRA OPTICA","140"
"14161030","CORDOBA","Tercero Arriba","Corralito","Otros","265"
"14161030","CORDOBA","Tercero Arriba","Corralito","SATELITAL","14"
"14161030","CORDOBA","Tercero Arriba","Corralito","WIRELESS","40"
"14161040","CORDOBA","Tercero Arriba","Dalmacio Vélez","FIBRA OPTICA","462"
"14161040","CORDOBA","Tercero Arriba","Dalmacio Vélez","SATELITAL","19"
"14161050","CORDOBA","Tercero Arriba","General Fotheringham","ADSL","13"
"14161050","CORDOBA","Tercero Arriba","General Fotheringham","SATELITAL","25"
"14161050","CORDOBA","Tercero Arriba","General Fotheringham","WIRELESS","40"
"14161060","CORDOBA","Tercero Arriba","Hernando","ADSL","110"
"14161060","CORDOBA","Tercero Arriba","Hernando","CABLEMODEM","3.031"
"14161060","CORDOBA","Tercero Arriba","Hernando","CELULAR","31"
"14161060","CORDOBA","Tercero Arriba","Hernando","FIBRA OPTICA","2"
"14161060","CORDOBA","Tercero Arriba","Hernando","SATELITAL","215"
"14161070","CORDOBA","Tercero Arriba","James Craik","ADSL","58"
"14161070","CORDOBA","Tercero Arriba","James Craik","CABLEMODEM","791"
"14161070","CORDOBA","Tercero Arriba","James Craik","CELULAR","8"
"14161070","CORDOBA","Tercero Arriba","James Craik","FIBRA OPTICA","3"
"14161070","CORDOBA","Tercero Arriba","James Craik","SATELITAL","72"
"14161070","CORDOBA","Tercero Arriba","James Craik","WIRELESS","637"
"14161080","CORDOBA","Tercero Arriba","Las Isletillas","SATELITAL","25"
"14161080","CORDOBA","Tercero Arriba","Las Isletillas","WIRELESS","8"
"14161090","CORDOBA","Tercero Arriba","Las Perdices","ADSL","665"
"14161090","CORDOBA","Tercero Arriba","Las Perdices","CABLEMODEM","1"
"14161090","CORDOBA","Tercero Arriba","Las Perdices","CELULAR","38"
"14161090","CORDOBA","Tercero Arriba","Las Perdices","FIBRA OPTICA","140"
"14161090","CORDOBA","Tercero Arriba","Las Perdices","SATELITAL","100"
"14161090","CORDOBA","Tercero Arriba","Las Perdices","WIRELESS","43"
"14161100","CORDOBA","Tercero Arriba","Los Zorros","SATELITAL","27"
"14161110","CORDOBA","Tercero Arriba","Oliva","ADSL","1.001"
"14161110","CORDOBA","Tercero Arriba","Oliva","CELULAR","5"
"14161110","CORDOBA","Tercero Arriba","Oliva","FIBRA OPTICA","2.305"
"14161110","CORDOBA","Tercero Arriba","Oliva","SATELITAL","85"
"14161110","CORDOBA","Tercero Arriba","Oliva","WIRELESS","194"
"0","CORDOBA","Tercero Arriba","Otros","SATELITAL","57"
"14161120","CORDOBA","Tercero Arriba","Pampayasta Norte","SATELITAL","30"
"14161120","CORDOBA","Tercero Arriba","Pampayasta Norte","WIRELESS","1"
"14161130","CORDOBA","Tercero Arriba","Pampayasta Sur","FIBRA OPTICA","3"
"14161130","CORDOBA","Tercero Arriba","Pampayasta Sur","SATELITAL","247"
"14161140","CORDOBA","Tercero Arriba","Punta del Agua","CELULAR","3"
"14161140","CORDOBA","Tercero Arriba","Punta del Agua","SATELITAL","18"
"14161140","CORDOBA","Tercero Arriba","Punta del Agua","WIRELESS","1"
"14161150","CORDOBA","Tercero Arriba","Río Tercero","ADSL","26"
"14161150","CORDOBA","Tercero Arriba","Río Tercero","CABLEMODEM","9.974"
"14161150","CORDOBA","Tercero Arriba","Río Tercero","CELULAR","2"
"14161150","CORDOBA","Tercero Arriba","Río Tercero","FIBRA OPTICA","11.200"
"14161150","CORDOBA","Tercero Arriba","Río Tercero","SATELITAL","388"
"14161150","CORDOBA","Tercero Arriba","Río Tercero","WIRELESS","967"
"14161160","CORDOBA","Tercero Arriba","Tancacha","ADSL","1.305"
"14161160","CORDOBA","Tercero Arriba","Tancacha","SATELITAL","51"
"14161160","CORDOBA","Tercero Arriba","Tancacha","WIRELESS","176"
"14161170","CORDOBA","Tercero Arriba","Villa Ascasubi","FIBRA OPTICA","622"
"14161170","CORDOBA","Tercero Arriba","Villa Ascasubi","SATELITAL","76"
"14161170","CORDOBA","Tercero Arriba","Villa Ascasubi","WIRELESS","391"
"14168010","CORDOBA","Totoral","Candelaria Sur","SATELITAL","56"
"14168010","CORDOBA","Totoral","Candelaria Sur","WIRELESS","2"
"14168020","CORDOBA","Totoral","Cañada de Luque","FIBRA OPTICA","201"
"14168020","CORDOBA","Totoral","Cañada de Luque","SATELITAL","35"
"14168030","CORDOBA","Totoral","Capilla de Sitón","SATELITAL","17"
"14168040","CORDOBA","Totoral","La Pampa","SATELITAL","128"
"14168040","CORDOBA","Totoral","La Pampa","WIRELESS","2"
"14168030","CORDOBA","Totoral","La Paz","SATELITAL","13"
"14168060","CORDOBA","Totoral","Las Peñas","ADSL","11"
"14168060","CORDOBA","Totoral","Las Peñas","SATELITAL","38"
"14168060","CORDOBA","Totoral","Las Peñas","WIRELESS","231"
"14168070","CORDOBA","Totoral","Los Mistoles","SATELITAL","18"
"0","CORDOBA","Totoral","Otros","SATELITAL","62"
"14168080","CORDOBA","Totoral","Santa Catalina","SATELITAL","72"
"14168080","CORDOBA","Totoral","Santa Catalina","WIRELESS","1"
"14168090","CORDOBA","Totoral","Sarmiento","ADSL","30"
"14168090","CORDOBA","Totoral","Sarmiento","CELULAR","12"
"14168090","CORDOBA","Totoral","Sarmiento","Otros","1"
"14168090","CORDOBA","Totoral","Sarmiento","SATELITAL","21"
"14168100","CORDOBA","Totoral","Simbolar","SATELITAL","16"
"14168110","CORDOBA","Totoral","Sinsacate","ADSL","14"
"14168110","CORDOBA","Totoral","Sinsacate","FIBRA OPTICA","1.064"
"14168110","CORDOBA","Totoral","Sinsacate","SATELITAL","95"
"14168110","CORDOBA","Totoral","Sinsacate","WIRELESS","14"
"14168120","CORDOBA","Totoral","Villa del Totoral","ADSL","15"
"14168120","CORDOBA","Totoral","Villa del Totoral","FIBRA OPTICA","1.815"
"14168120","CORDOBA","Totoral","Villa del Totoral","Otros","2"
"14168120","CORDOBA","Totoral","Villa del Totoral","SATELITAL","174"
"14168120","CORDOBA","Totoral","Villa del Totoral","WIRELESS","195"
"14175060","CORDOBA","Tulumba","Cerro Colorado","SATELITAL","5"
"14175020","CORDOBA","Tulumba","Churqui Cañada","SATELITAL","19"
"14175030","CORDOBA","Tulumba","El Rodeo","SATELITAL","22"
"14175040","CORDOBA","Tulumba","El Tuscal","SATELITAL","2"
"14175050","CORDOBA","Tulumba","Las Arrias","ADSL","3"
"14175050","CORDOBA","Tulumba","Las Arrias","CELULAR","2"
"14175050","CORDOBA","Tulumba","Las Arrias","Otros","1"
"14175050","CORDOBA","Tulumba","Las Arrias","SATELITAL","46"
"14175060","CORDOBA","Tulumba","Lucio V. Mansilla","SATELITAL","11"
"0","CORDOBA","Tulumba","Otros","SATELITAL","171"
"14175070","CORDOBA","Tulumba","Rosario del Saladillo","SATELITAL","37"
"14175080","CORDOBA","Tulumba","San José de la Dormida","ADSL","41"
"14175080","CORDOBA","Tulumba","San José de la Dormida","CELULAR","10"
"14175080","CORDOBA","Tulumba","San José de la Dormida","SATELITAL","105"
"14175080","CORDOBA","Tulumba","San José de la Dormida","WIRELESS","264"
"14175090","CORDOBA","Tulumba","San José de las Salinas","SATELITAL","11"
"14175100","CORDOBA","Tulumba","San Pedro Norte","SATELITAL","26"
"14175100","CORDOBA","Tulumba","San Pedro Norte","WIRELESS","62"
"14175110","CORDOBA","Tulumba","Villa Tulumba","CELULAR","1"
"14175110","CORDOBA","Tulumba","Villa Tulumba","SATELITAL","67"
"14175110","CORDOBA","Tulumba","Villa Tulumba","WIRELESS","169"
"14182010","CORDOBA","Unión","Aldea Santa María","SATELITAL","12"
"14182020","CORDOBA","Unión","Alto Alegre","ADSL","140"
"14182020","CORDOBA","Unión","Alto Alegre","CABLEMODEM","155"
"14182020","CORDOBA","Unión","Alto Alegre","CELULAR","1"
"14182020","CORDOBA","Unión","Alto Alegre","SATELITAL","8"
"14182030","CORDOBA","Unión","Ana Zumarán","SATELITAL","8"
"14182040","CORDOBA","Unión","Ballesteros","ADSL","537"
"14182040","CORDOBA","Unión","Ballesteros","CELULAR","2"
"14182040","CORDOBA","Unión","Ballesteros","FIBRA OPTICA","76"
"14182040","CORDOBA","Unión","Ballesteros","SATELITAL","29"
"14182040","CORDOBA","Unión","Ballesteros","WIRELESS","65"
"14182050","CORDOBA","Unión","Ballesteros Sur","SATELITAL","9"
"14182050","CORDOBA","Unión","Ballesteros Sur","WIRELESS","70"
"14182060","CORDOBA","Unión","Bell Ville","ADSL","420"
"14182060","CORDOBA","Unión","Bell Ville","CABLEMODEM","10.031"
"14182060","CORDOBA","Unión","Bell Ville","CELULAR","2"
"14182060","CORDOBA","Unión","Bell Ville","FIBRA OPTICA","3.369"
"14182060","CORDOBA","Unión","Bell Ville","SATELITAL","454"
"14182070","CORDOBA","Unión","Benjamín Gould","CELULAR","1"
"14182070","CORDOBA","Unión","Benjamín Gould","SATELITAL","18"
"14182070","CORDOBA","Unión","Benjamín Gould","WIRELESS","72"
"14182080","CORDOBA","Unión","Canals","ADSL","51"
"14182080","CORDOBA","Unión","Canals","CELULAR","8"
"14182080","CORDOBA","Unión","Canals","FIBRA OPTICA","914"
"14182080","CORDOBA","Unión","Canals","SATELITAL","144"
"14182080","CORDOBA","Unión","Canals","WIRELESS","188"
"14182090","CORDOBA","Unión","Chilibroste","ADSL","89"
"14182090","CORDOBA","Unión","Chilibroste","CELULAR","1"
"14182090","CORDOBA","Unión","Chilibroste","FIBRA OPTICA","161"
"14182090","CORDOBA","Unión","Chilibroste","Otros","2"
"14182090","CORDOBA","Unión","Chilibroste","SATELITAL","13"
"14182090","CORDOBA","Unión","Chilibroste","WIRELESS","5"
"14182100","CORDOBA","Unión","Cintra","ADSL","145"
"14182100","CORDOBA","Unión","Cintra","FIBRA OPTICA","397"
"14182100","CORDOBA","Unión","Cintra","SATELITAL","25"
"14182100","CORDOBA","Unión","Cintra","WIRELESS","53"
"14182110","CORDOBA","Unión","Colonia Bismarck","CABLEMODEM","7"
"14182110","CORDOBA","Unión","Colonia Bismarck","SATELITAL","24"
"14182110","CORDOBA","Unión","Colonia Bismarck","WIRELESS","15"
"14182120","CORDOBA","Unión","Colonia Bremen","SATELITAL","25"
"14182130","CORDOBA","Unión","Idiazabal","FIBRA OPTICA","459"
"14182130","CORDOBA","Unión","Idiazabal","SATELITAL","24"
"14182140","CORDOBA","Unión","Justiniano Posse","FIBRA OPTICA","3.232"
"14182140","CORDOBA","Unión","Justiniano Posse","SATELITAL","99"
"14182140","CORDOBA","Unión","Justiniano Posse","WIRELESS","1"
"14182150","CORDOBA","Unión","Laborde","ADSL","15"
"14182150","CORDOBA","Unión","Laborde","CELULAR","15"
"14182150","CORDOBA","Unión","Laborde","FIBRA OPTICA","1"
"14182150","CORDOBA","Unión","Laborde","SATELITAL","35"
"14182160","CORDOBA","Unión","Monte Leña","SATELITAL","24"
"14182170","CORDOBA","Unión","Monte Maíz","ADSL","632"
"14182170","CORDOBA","Unión","Monte Maíz","CABLEMODEM","1.802"
"14182170","CORDOBA","Unión","Monte Maíz","CELULAR","7"
"14182170","CORDOBA","Unión","Monte Maíz","FIBRA OPTICA","339"
"14182170","CORDOBA","Unión","Monte Maíz","SATELITAL","130"
"14182180","CORDOBA","Unión","Morrison","ADSL","626"
"14182180","CORDOBA","Unión","Morrison","CELULAR","2"
"14182180","CORDOBA","Unión","Morrison","FIBRA OPTICA","909"
"14182180","CORDOBA","Unión","Morrison","SATELITAL","29"
"14182190","CORDOBA","Unión","Noetinger","FIBRA OPTICA","921"
"14182190","CORDOBA","Unión","Noetinger","Otros","2"
"14182190","CORDOBA","Unión","Noetinger","SATELITAL","52"
"14182190","CORDOBA","Unión","Noetinger","WIRELESS","218"
"14182200","CORDOBA","Unión","Ordóñez","ADSL","229"
"14182200","CORDOBA","Unión","Ordóñez","FIBRA OPTICA","740"
"14182200","CORDOBA","Unión","Ordóñez","SATELITAL","40"
"0","CORDOBA","Unión","Otros","SATELITAL","125"
"14182210","CORDOBA","Unión","Pascanas","FIBRA OPTICA","364"
"14182210","CORDOBA","Unión","Pascanas","Otros","1"
"14182210","CORDOBA","Unión","Pascanas","SATELITAL","21"
"14182210","CORDOBA","Unión","Pascanas","WIRELESS","35"
"14182220","CORDOBA","Unión","Pueblo Italiano","CABLEMODEM","287"
"14182220","CORDOBA","Unión","Pueblo Italiano","CELULAR","1"
"14182220","CORDOBA","Unión","Pueblo Italiano","FIBRA OPTICA","10"
"14182220","CORDOBA","Unión","Pueblo Italiano","SATELITAL","29"
"14182230","CORDOBA","Unión","Ramón J. Cárcano","SATELITAL","8"
"14182230","CORDOBA","Unión","Ramón J. Cárcano","WIRELESS","20"
"14182240","CORDOBA","Unión","San Antonio de Litín","ADSL","335"
"14182240","CORDOBA","Unión","San Antonio de Litín","CELULAR","1"
"14182240","CORDOBA","Unión","San Antonio de Litín","FIBRA OPTICA","66"
"14182240","CORDOBA","Unión","San Antonio de Litín","SATELITAL","52"
"14182240","CORDOBA","Unión","San Antonio de Litín","WIRELESS","35"
"14182250","CORDOBA","Unión","San Marcos","ADSL","47"
"14182250","CORDOBA","Unión","San Marcos","CELULAR","10"
"14182250","CORDOBA","Unión","San Marcos","FIBRA OPTICA","3"
"14182250","CORDOBA","Unión","San Marcos","SATELITAL","91"
"14182260","CORDOBA","Unión","San Severo","SATELITAL","9"
"14182270","CORDOBA","Unión","Viamonte","ADSL","9"
"14182270","CORDOBA","Unión","Viamonte","CELULAR","1"
"14182270","CORDOBA","Unión","Viamonte","SATELITAL","26"
"14182280","CORDOBA","Unión","Villa Los Patos","SATELITAL","11"
"14182290","CORDOBA","Unión","Wenceslao Escalante","ADSL","5"
"14182290","CORDOBA","Unión","Wenceslao Escalante","CABLEMODEM","85"
"14182290","CORDOBA","Unión","Wenceslao Escalante","FIBRA OPTICA","65"
"14182290","CORDOBA","Unión","Wenceslao Escalante","SATELITAL","19"
"14182290","CORDOBA","Unión","Wenceslao Escalante","WIRELESS","10"
"18007010","CORRIENTES","Bella Vista","Bella Vista","ADSL","245"
"18007010","CORRIENTES","Bella Vista","Bella Vista","CABLEMODEM","601"
"18007010","CORRIENTES","Bella Vista","Bella Vista","CELULAR","22"
"18007010","CORRIENTES","Bella Vista","Bella Vista","FIBRA OPTICA","6.192"
"18007010","CORRIENTES","Bella Vista","Bella Vista","Otros","100"
"18007010","CORRIENTES","Bella Vista","Bella Vista","SATELITAL","371"
"0","CORRIENTES","Bella Vista","Otros","SATELITAL","208"
"18014010","CORRIENTES","Berón de Astrada","Berón de Astrada","SATELITAL","42"
"0","CORRIENTES","Berón de Astrada","Otros","SATELITAL","9"
"18014020","CORRIENTES","Berón de Astrada","Yahapé","SATELITAL","16"
"18021020","CORRIENTES","Capital","Barrio Esperanza","SATELITAL","960"
"18021020","CORRIENTES","Capital","Corrientes","ADSL","450"
"18021020","CORRIENTES","Capital","Corrientes","CABLEMODEM","53.390"
"18021020","CORRIENTES","Capital","Corrientes","CELULAR","145"
"18021020","CORRIENTES","Capital","Corrientes","DIAL UP","3"
"18021020","CORRIENTES","Capital","Corrientes","FIBRA OPTICA","56.614"
"18021020","CORRIENTES","Capital","Corrientes","SATELITAL","2.644"
"18021020","CORRIENTES","Capital","Corrientes","WIRELESS","1.312"
"18021030","CORRIENTES","Capital","Laguna Brava","SATELITAL","1.240"
"0","CORRIENTES","Capital","Otros","SATELITAL","8"
"18021040","CORRIENTES","Capital","Riachuelo","SATELITAL","531"
"18021040","CORRIENTES","Capital","Riachuelo","WIRELESS","171"
"18021050","CORRIENTES","Capital","San Cayetano","SATELITAL","162"
"18028010","CORRIENTES","Concepción","Concepción","FIBRA OPTICA","3"
"18028010","CORRIENTES","Concepción","Concepción","SATELITAL","52"
"18028010","CORRIENTES","Concepción","Concepción","WIRELESS","23"
"0","CORRIENTES","Concepción","Otros","SATELITAL","79"
"18028020","CORRIENTES","Concepción","Santa Rosa","CELULAR","1"
"18028020","CORRIENTES","Concepción","Santa Rosa","FIBRA OPTICA","2"
"18028020","CORRIENTES","Concepción","Santa Rosa","Otros","3"
"18028020","CORRIENTES","Concepción","Santa Rosa","SATELITAL","206"
"18028020","CORRIENTES","Concepción","Santa Rosa","WIRELESS","20"
"18028030","CORRIENTES","Concepción","Tabay","FIBRA OPTICA","2"
"18028030","CORRIENTES","Concepción","Tabay","SATELITAL","46"
"18028030","CORRIENTES","Concepción","Tabay","WIRELESS","19"
"18028040","CORRIENTES","Concepción","Tatacua","FIBRA OPTICA","1"
"18028040","CORRIENTES","Concepción","Tatacua","SATELITAL","98"
"18035010","CORRIENTES","Curuzú Cuatiá","Cazadores Correntinos","SATELITAL","51"
"18035010","CORRIENTES","Curuzú Cuatiá","Cazadores Correntinos","WIRELESS","1"
"18035020","CORRIENTES","Curuzú Cuatiá","Curuzú Cuatiá","ADSL","55"
"18035020","CORRIENTES","Curuzú Cuatiá","Curuzú Cuatiá","CELULAR","18"
"18035020","CORRIENTES","Curuzú Cuatiá","Curuzú Cuatiá","FIBRA OPTICA","6.450"
"18035020","CORRIENTES","Curuzú Cuatiá","Curuzú Cuatiá","Otros","3.030"
"18035020","CORRIENTES","Curuzú Cuatiá","Curuzú Cuatiá","SATELITAL","440"
"18035020","CORRIENTES","Curuzú Cuatiá","Curuzú Cuatiá","WIRELESS","515"
"0","CORRIENTES","Curuzú Cuatiá","Otros","SATELITAL","230"
"18035030","CORRIENTES","Curuzú Cuatiá","Perugorría","SATELITAL","193"
"18035030","CORRIENTES","Curuzú Cuatiá","Perugorría","WIRELESS","20"
"18042010","CORRIENTES","Empedrado","El Sombrero","CELULAR","1"
"18042010","CORRIENTES","Empedrado","El Sombrero","SATELITAL","83"
"18042010","CORRIENTES","Empedrado","El Sombrero","WIRELESS","2"
"18042020","CORRIENTES","Empedrado","Empedrado","ADSL","378"
"18042020","CORRIENTES","Empedrado","Empedrado","CABLEMODEM","300"
"18042020","CORRIENTES","Empedrado","Empedrado","CELULAR","34"
"18042020","CORRIENTES","Empedrado","Empedrado","FIBRA OPTICA","600"
"18042020","CORRIENTES","Empedrado","Empedrado","SATELITAL","762"
"18042020","CORRIENTES","Empedrado","Empedrado","WIRELESS","3"
"0","CORRIENTES","Empedrado","Otros","SATELITAL","247"
"18049010","CORRIENTES","Esquina","Esquina","ADSL","92"
"18049010","CORRIENTES","Esquina","Esquina","CABLEMODEM","762"
"18049010","CORRIENTES","Esquina","Esquina","CELULAR","12"
"18049010","CORRIENTES","Esquina","Esquina","FIBRA OPTICA","2.233"
"18049010","CORRIENTES","Esquina","Esquina","Otros","1.500"
"18049010","CORRIENTES","Esquina","Esquina","SATELITAL","171"
"18049010","CORRIENTES","Esquina","Esquina","WIRELESS","649"
"0","CORRIENTES","Esquina","Otros","SATELITAL","205"
"18049020","CORRIENTES","Esquina","Pueblo Libertador","SATELITAL","84"
"18049020","CORRIENTES","Esquina","Pueblo Libertador","WIRELESS","432"
"18056010","CORRIENTES","General Alvear","Alvear","ADSL","400"
"18056010","CORRIENTES","General Alvear","Alvear","CELULAR","12"
"18056010","CORRIENTES","General Alvear","Alvear","FIBRA OPTICA","2"
"18056010","CORRIENTES","General Alvear","Alvear","SATELITAL","305"
"18056010","CORRIENTES","General Alvear","Alvear","WIRELESS","4"
"18056020","CORRIENTES","General Alvear","Estación Torrent","SATELITAL","24"
"0","CORRIENTES","General Alvear","Otros","SATELITAL","36"
"18063010","CORRIENTES","General Paz","Itá Ibaté","ADSL","37"
"18063010","CORRIENTES","General Paz","Itá Ibaté","CABLEMODEM","1"
"18063010","CORRIENTES","General Paz","Itá Ibaté","CELULAR","1"
"18063010","CORRIENTES","General Paz","Itá Ibaté","SATELITAL","95"
"18063010","CORRIENTES","General Paz","Itá Ibaté","WIRELESS","6"
"18063020","CORRIENTES","General Paz","Lomas de Vallejos","SATELITAL","110"
"18063030","CORRIENTES","General Paz","Nuestra Señora del Rosario de Caá Catí","FIBRA OPTICA","182"
"18063030","CORRIENTES","General Paz","Nuestra Señora del Rosario de Caá Catí","SATELITAL","95"
"18063030","CORRIENTES","General Paz","Nuestra Señora del Rosario de Caá Catí","WIRELESS","98"
"0","CORRIENTES","General Paz","Otros","SATELITAL","187"
"18063040","CORRIENTES","General Paz","Palmar Grande","SATELITAL","61"
"18063040","CORRIENTES","General Paz","Palmar Grande","WIRELESS","10"
"18070010","CORRIENTES","Goya","Colonia Carolina","SATELITAL","274"
"18070010","CORRIENTES","Goya","Colonia Carolina","WIRELESS","2"
"18070020","CORRIENTES","Goya","Goya","ADSL","385"
"18070020","CORRIENTES","Goya","Goya","CABLEMODEM","7.422"
"18070020","CORRIENTES","Goya","Goya","CELULAR","45"
"18070020","CORRIENTES","Goya","Goya","FIBRA OPTICA","23.717"
"18070020","CORRIENTES","Goya","Goya","Otros","2"
"18070020","CORRIENTES","Goya","Goya","SATELITAL","457"
"18070020","CORRIENTES","Goya","Goya","WIRELESS","7"
"0","CORRIENTES","Goya","Otros","SATELITAL","430"
"18077010","CORRIENTES","ItatÍ","Itatí","ADSL","108"
"18077010","CORRIENTES","ItatÍ","Itatí","CELULAR","1"
"18077010","CORRIENTES","Itatí","Itatí","SATELITAL","99"
"18077010","CORRIENTES","ItatÍ","Itatí","WIRELESS","26"
"0","CORRIENTES","Itatí","Otros","SATELITAL","23"
"18077020","CORRIENTES","Itatí","Ramada Paso","SATELITAL","26"
"18077020","CORRIENTES","ItatÍ","Ramada Paso","WIRELESS","3"
"18084010","CORRIENTES","Ituzaingó","Colonia Liebig's","CABLEMODEM","276"
"18084010","CORRIENTES","Ituzaingó","Colonia Liebig's","CELULAR","1"
"18084010","CORRIENTES","Ituzaingó","Colonia Liebig's","Otros","0"
"18084010","CORRIENTES","Ituzaingó","Colonia Liebig's","SATELITAL","92"
"18084010","CORRIENTES","Ituzaingó","Colonia Liebig's","WIRELESS","32"
"18084020","CORRIENTES","Ituzaingó","Ituzaingó","ADSL","115"
"18084020","CORRIENTES","Ituzaingó","Ituzaingó","CELULAR","10"
"18084020","CORRIENTES","Ituzaingó","Ituzaingó","FIBRA OPTICA","1.022"
"18084020","CORRIENTES","Ituzaingó","Ituzaingó","SATELITAL","1.577"
"0","CORRIENTES","Ituzaingó","Otros","SATELITAL","226"
"18084030","CORRIENTES","Ituzaingó","San Antonio","SATELITAL","69"
"18084040","CORRIENTES","Ituzaingó","San Carlos","SATELITAL","38"
"18084040","CORRIENTES","Ituzaingó","San Carlos","WIRELESS","1"
"18084050","CORRIENTES","Ituzaingó","Villa Olivari","FIBRA OPTICA","1"
"18084050","CORRIENTES","Ituzaingó","Villa Olivari","SATELITAL","36"
"18084050","CORRIENTES","Ituzaingó","Villa Olivari","WIRELESS","16"
"18091010","CORRIENTES","Lavalle","Cruz de los Milagros","SATELITAL","96"
"18091020","CORRIENTES","Lavalle","Gobernador Juan E. Martínez","FIBRA OPTICA","111"
"18091020","CORRIENTES","Lavalle","Gobernador Juan E. Martínez","SATELITAL","133"
"18091020","CORRIENTES","Lavalle","Gobernador Juan E. Martínez","WIRELESS","2"
"18091030","CORRIENTES","Lavalle","Lavalle","SATELITAL","196"
"18091030","CORRIENTES","Lavalle","Lavalle","WIRELESS","1"
"0","CORRIENTES","Lavalle","Otros","SATELITAL","34"
"18091040","CORRIENTES","Lavalle","Santa Lucía","ADSL","4"
"18091040","CORRIENTES","Lavalle","Santa Lucía","FIBRA OPTICA","821"
"18091040","CORRIENTES","Lavalle","Santa Lucía","SATELITAL","350"
"18091040","CORRIENTES","Lavalle","Santa Lucía","WIRELESS","1"
"18091050","CORRIENTES","Lavalle","Villa Córdoba","SATELITAL","74"
"18091060","CORRIENTES","Lavalle","Yatayti Calle","SATELITAL","120"
"18098010","CORRIENTES","Mburucuyá","Mburucuyá","CELULAR","1"
"18098010","CORRIENTES","Mburucuyá","Mburucuyá","FIBRA OPTICA","3"
"18098010","CORRIENTES","Mburucuyá","Mburucuyá","SATELITAL","330"
"18098010","CORRIENTES","Mburucuyá","Mburucuyá","WIRELESS","49"
"0","CORRIENTES","Mburucuyá","Otros","SATELITAL","36"
"18105010","CORRIENTES","Mercedes","Felipe Yofré","SATELITAL","30"
"18105020","CORRIENTES","Mercedes","Mariano I. Loza  (Est. Justino Solari)","FIBRA OPTICA","1"
"18105020","CORRIENTES","Mercedes","Mariano I. Loza  (Est. Justino Solari)","SATELITAL","18"
"18105020","CORRIENTES","Mercedes","Mariano I. Loza  (Est. Justino Solari)","WIRELESS","1"
"18105030","CORRIENTES","Mercedes","Mercedes","ADSL","83"
"18105030","CORRIENTES","Mercedes","Mercedes","CABLEMODEM","1.797"
"18105030","CORRIENTES","Mercedes","Mercedes","CELULAR","6"
"18105030","CORRIENTES","Mercedes","Mercedes","FIBRA OPTICA","2.316"
"18105030","CORRIENTES","Mercedes","Mercedes","SATELITAL","551"
"18105030","CORRIENTES","Mercedes","Mercedes","WIRELESS","2.002"
"0","CORRIENTES","Mercedes","Otros","SATELITAL","306"
"18112010","CORRIENTES","Monte Caseros","Colonia Libertad","FIBRA OPTICA","28"
"18112010","CORRIENTES","Monte Caseros","Colonia Libertad","Otros","2"
"18112010","CORRIENTES","Monte Caseros","Colonia Libertad","SATELITAL","29"
"18112010","CORRIENTES","Monte Caseros","Colonia Libertad","WIRELESS","86"
"18112020","CORRIENTES","Monte Caseros","Estación Libertad","SATELITAL","4"
"18112030","CORRIENTES","Monte Caseros","Juan Pujol","FIBRA OPTICA","354"
"18112030","CORRIENTES","Monte Caseros","Juan Pujol","SATELITAL","58"
"18112030","CORRIENTES","Monte Caseros","Juan Pujol","WIRELESS","61"
"18112040","CORRIENTES","Monte Caseros","Mocoretá","ADSL","5"
"18112040","CORRIENTES","Monte Caseros","Mocoretá","FIBRA OPTICA","244"
"18112040","CORRIENTES","Monte Caseros","Mocoretá","SATELITAL","166"
"18112040","CORRIENTES","Monte Caseros","Mocoretá","WIRELESS","43"
"18112050","CORRIENTES","Monte Caseros","Monte Caseros","ADSL","33"
"18112050","CORRIENTES","Monte Caseros","Monte Caseros","CELULAR","12"
"18112050","CORRIENTES","Monte Caseros","Monte Caseros","FIBRA OPTICA","5.086"
"18112050","CORRIENTES","Monte Caseros","Monte Caseros","SATELITAL","234"
"18112050","CORRIENTES","Monte Caseros","Monte Caseros","WIRELESS","1.609"
"0","CORRIENTES","Monte Caseros","Otros","SATELITAL","109"
"18112060","CORRIENTES","Monte Caseros","Parada Acuña","SATELITAL","10"
"18112060","CORRIENTES","Monte Caseros","Parada Acuña","WIRELESS","1"
"18112070","CORRIENTES","Monte Caseros","Parada Labougle","FIBRA OPTICA","58"
"18112070","CORRIENTES","Monte Caseros","Parada Labougle","SATELITAL","57"
"18112070","CORRIENTES","Monte Caseros","Parada Labougle","WIRELESS","55"
"0","CORRIENTES","Otros","Otros","Otros","30"
"18119010","CORRIENTES","Paso de los Libres","Bonpland","SATELITAL","38"
"18119010","CORRIENTES","Paso de los Libres","Bonpland","WIRELESS","14"
"0","CORRIENTES","Paso de los Libres","Otros","SATELITAL","91"
"18119020","CORRIENTES","Paso de los Libres","Parada Pucheta","SATELITAL","64"
"18119020","CORRIENTES","Paso de los Libres","Parada Pucheta","WIRELESS","4"
"18119030","CORRIENTES","Paso de los Libres","Paso de los Libres","ADSL","177"
"18119030","CORRIENTES","Paso de los Libres","Paso de los Libres","CELULAR","23"
"18119030","CORRIENTES","Paso de los Libres","Paso de los Libres","FIBRA OPTICA","6.791"
"18119030","CORRIENTES","Paso de los Libres","Paso de los Libres","SATELITAL","607"
"18119030","CORRIENTES","Paso de los Libres","Paso de los Libres","WIMAX","59"
"18119030","CORRIENTES","Paso de los Libres","Paso de los Libres","WIRELESS","1"
"18119040","CORRIENTES","Paso de los Libres","Tapebicuá","SATELITAL","35"
"0","CORRIENTES","Saladas","Otros","SATELITAL","204"
"18126010","CORRIENTES","Saladas","Saladas","ADSL","156"
"18126010","CORRIENTES","Saladas","Saladas","CABLEMODEM","1"
"18126010","CORRIENTES","Saladas","Saladas","CELULAR","5"
"18126010","CORRIENTES","Saladas","Saladas","FIBRA OPTICA","884"
"18126010","CORRIENTES","Saladas","Saladas","SATELITAL","420"
"18126020","CORRIENTES","Saladas","San Lorenzo","FIBRA OPTICA","75"
"18126020","CORRIENTES","Saladas","San Lorenzo","Otros","50"
"18126020","CORRIENTES","Saladas","San Lorenzo","SATELITAL","144"
"18126020","CORRIENTES","Saladas","San Lorenzo","WIRELESS","18"
"18133010","CORRIENTES","San Cosme","Ingenio Primer Correntino","SATELITAL","87"
"0","CORRIENTES","San Cosme","Otros","SATELITAL","18"
"18133020","CORRIENTES","San Cosme","Paso de la Patria","FIBRA OPTICA","4"
"18133020","CORRIENTES","San Cosme","Paso de la Patria","Otros","130"
"18133020","CORRIENTES","San Cosme","Paso de la Patria","SATELITAL","479"
"18133020","CORRIENTES","San Cosme","Paso de la Patria","WIRELESS","60"
"18133030","CORRIENTES","San Cosme","San Cosme","ADSL","33"
"18133030","CORRIENTES","San Cosme","San Cosme","CELULAR","8"
"18133030","CORRIENTES","San Cosme","San Cosme","Otros","150"
"18133030","CORRIENTES","San Cosme","San Cosme","SATELITAL","238"
"18133030","CORRIENTES","San Cosme","San Cosme","WIRELESS","9"
"18133040","CORRIENTES","San Cosme","Santa Ana","CABLEMODEM","1"
"18133040","CORRIENTES","San Cosme","Santa Ana","FIBRA OPTICA","1"
"18133040","CORRIENTES","San Cosme","Santa Ana","Otros","88"
"18133040","CORRIENTES","San Cosme","Santa Ana","SATELITAL","426"
"18133040","CORRIENTES","San Cosme","Santa Ana","WIRELESS","30"
"0","CORRIENTES","San Luis del Palmar","Otros","SATELITAL","412"
"18140010","CORRIENTES","San Luis del Palmar","San Luis del Palmar","CELULAR","1"
"18140010","CORRIENTES","San Luis del Palmar","San Luis del Palmar","SATELITAL","405"
"18147010","CORRIENTES","San Martín","Colonia Carlos Pellegrini","SATELITAL","171"
"18147020","CORRIENTES","San Martín","Guaviraví","SATELITAL","39"
"18147030","CORRIENTES","San Martín","La Cruz","ADSL","136"
"18147030","CORRIENTES","San Martín","La Cruz","CELULAR","5"
"18147030","CORRIENTES","San Martín","La Cruz","FIBRA OPTICA","1"
"18147030","CORRIENTES","San Martín","La Cruz","SATELITAL","239"
"0","CORRIENTES","San Martín","Otros","SATELITAL","110"
"18147040","CORRIENTES","San Martín","Yapeyú","CELULAR","1"
"18147040","CORRIENTES","San Martín","Yapeyú","FIBRA OPTICA","1"
"18147040","CORRIENTES","San Martín","Yapeyú","SATELITAL","52"
"18154010","CORRIENTES","San Miguel","Loreto","SATELITAL","86"
"18154010","CORRIENTES","San Miguel","Loreto","WIRELESS","36"
"0","CORRIENTES","San Miguel","Otros","SATELITAL","76"
"18154020","CORRIENTES","San Miguel","San Miguel","FIBRA OPTICA","2"
"18154020","CORRIENTES","San Miguel","San Miguel","SATELITAL","172"
"18154020","CORRIENTES","San Miguel","San Miguel","WIRELESS","118"
"18161030","CORRIENTES","San Roque","9 de Julio  (Est. Pueblo 9 de Julio)","SATELITAL","49"
"18161010","CORRIENTES","San Roque","Chavarría","SATELITAL","69"
"18161020","CORRIENTES","San Roque","Colonia Pando","SATELITAL","76"
"0","CORRIENTES","San Roque","Otros","SATELITAL","58"
"18161040","CORRIENTES","San Roque","Pedro R. Fernández (Est. Manuel F. Mantilla)","SATELITAL","81"
"18161050","CORRIENTES","San Roque","San Roque","FIBRA OPTICA","1"
"18161050","CORRIENTES","San Roque","San Roque","SATELITAL","172"
"18168020","CORRIENTES","Santo Tomé","Garruchos","SATELITAL","65"
"18168030","CORRIENTES","Santo Tomé","Gobernador Igr. Valentín Virasoro","ADSL","234"
"18168030","CORRIENTES","Santo Tomé","Gobernador Igr. Valentín Virasoro","CELULAR","21"
"18168030","CORRIENTES","Santo Tomé","Gobernador Igr. Valentín Virasoro","FIBRA OPTICA","55"
"18168030","CORRIENTES","Santo Tomé","Gobernador Igr. Valentín Virasoro","SATELITAL","318"
"18168010","CORRIENTES","Santo Tomé","José Rafael Gómez","SATELITAL","71"
"18168010","CORRIENTES","Santo Tomé","José Rafael Gómez","WIRELESS","25"
"0","CORRIENTES","Santo Tomé","Otros","SATELITAL","192"
"18168040","CORRIENTES","Santo Tomé","Santo Tomé","ADSL","122"
"18168040","CORRIENTES","Santo Tomé","Santo Tomé","CELULAR","53"
"18168040","CORRIENTES","Santo Tomé","Santo Tomé","FIBRA OPTICA","3.353"
"18168040","CORRIENTES","Santo Tomé","Santo Tomé","SATELITAL","494"
"18168040","CORRIENTES","Santo Tomé","Santo Tomé","WIRELESS","527"
"0","CORRIENTES","Sauce","Otros","SATELITAL","42"
"18175010","CORRIENTES","Sauce","Sauce","CABLEMODEM","998"
"18175010","CORRIENTES","Sauce","Sauce","Otros","0"
"18175010","CORRIENTES","Sauce","Sauce","SATELITAL","97"
"30008010","ENTRE RIOS","Colón","Arroyo Barú","FIBRA OPTICA","80"
"30008010","ENTRE RIOS","Colón","Arroyo Barú","SATELITAL","29"
"30008010","ENTRE RIOS","Colón","Arroyo Barú","WIRELESS","89"
"30008020","ENTRE RIOS","Colón","Colón","ADSL","202"
"30008020","ENTRE RIOS","Colón","Colón","CABLEMODEM","3.027"
"30008020","ENTRE RIOS","Colón","Colón","CELULAR","76"
"30008020","ENTRE RIOS","Colón","Colón","FIBRA OPTICA","4.308"
"30008020","ENTRE RIOS","Colón","Colón","Otros","160"
"30008020","ENTRE RIOS","Colón","Colón","SATELITAL","402"
"30008020","ENTRE RIOS","Colón","Colón","WIRELESS","536"
"30008030","ENTRE RIOS","Colón","Colonia Hugues","SATELITAL","110"
"30008030","ENTRE RIOS","Colón","Colonia Hugues","WIRELESS","66"
"30008100","ENTRE RIOS","Colón","El Brillante","SATELITAL","86"
"30008100","ENTRE RIOS","Colón","El Brillante","WIRELESS","37"
"30008100","ENTRE RIOS","Colón","El Colorado","SATELITAL","70"
"30008040","ENTRE RIOS","Colón","Hambis","Otros","29"
"30008040","ENTRE RIOS","Colón","Hambis","SATELITAL","17"
"30008050","ENTRE RIOS","Colón","Hocker","SATELITAL","54"
"30008050","ENTRE RIOS","Colón","Hocker","WIRELESS","2"
"30008060","ENTRE RIOS","Colón","La Clarita","FIBRA OPTICA","53"
"30008060","ENTRE RIOS","Colón","La Clarita","SATELITAL","27"
"30008060","ENTRE RIOS","Colón","La Clarita","WIRELESS","47"
"0","ENTRE RIOS","Colón","Otros","SATELITAL","52"
"30008070","ENTRE RIOS","Colón","Pueblo Cazes","Otros","5"
"30008070","ENTRE RIOS","Colón","Pueblo Cazes","SATELITAL","26"
"30008070","ENTRE RIOS","Colón","Pueblo Cazes","WIRELESS","6"
"30008080","ENTRE RIOS","Colón","Pueblo Liebig's","FIBRA OPTICA","9"
"30008080","ENTRE RIOS","Colón","Pueblo Liebig's","SATELITAL","7"
"30008080","ENTRE RIOS","Colón","Pueblo Liebig's","WIRELESS","103"
"30008090","ENTRE RIOS","Colón","San José","ADSL","320"
"30008090","ENTRE RIOS","Colón","San José","CELULAR","19"
"30008090","ENTRE RIOS","Colón","San José","Otros","700"
"30008090","ENTRE RIOS","Colón","San José","SATELITAL","467"
"30008090","ENTRE RIOS","Colón","San José","WIRELESS","476"
"30008100","ENTRE RIOS","Colón","Ubajay","CELULAR","1"
"30008100","ENTRE RIOS","Colón","Ubajay","FIBRA OPTICA","129"
"30008100","ENTRE RIOS","Colón","Ubajay","SATELITAL","51"
"30008100","ENTRE RIOS","Colón","Ubajay","WIRELESS","137"
"30008110","ENTRE RIOS","Colón","Villa  Elisa","ADSL","214"
"30008110","ENTRE RIOS","Colón","Villa  Elisa","CABLEMODEM","1"
"30008110","ENTRE RIOS","Colón","Villa  Elisa","CELULAR","41"
"30008110","ENTRE RIOS","Colón","Villa  Elisa","FIBRA OPTICA","1.104"
"30008110","ENTRE RIOS","Colón","Villa  Elisa","SATELITAL","226"
"30008110","ENTRE RIOS","Colón","Villa  Elisa","WIRELESS","706"
"30015130","ENTRE RIOS","Concordia","Benito Legeren","SATELITAL","28"
"30015010","ENTRE RIOS","Concordia","Calabacilla","SATELITAL","98"
"30015020","ENTRE RIOS","Concordia","Clodomiro Ledesma","Otros","30"
"30015020","ENTRE RIOS","Concordia","Clodomiro Ledesma","SATELITAL","23"
"30015030","ENTRE RIOS","Concordia","Colonia Ayuí","CELULAR","1"
"30015030","ENTRE RIOS","Concordia","Colonia Ayuí","SATELITAL","135"
"30015040","ENTRE RIOS","Concordia","Colonia General Roca","SATELITAL","20"
"30015087","ENTRE RIOS","Concordia","Colonia Yeruá","SATELITAL","42"
"30015060","ENTRE RIOS","Concordia","Concordia","ADSL","640"
"30015060","ENTRE RIOS","Concordia","Concordia","CABLEMODEM","5.690"
"30015060","ENTRE RIOS","Concordia","Concordia","CELULAR","101"
"30015060","ENTRE RIOS","Concordia","Concordia","FIBRA OPTICA","36.347"
"30015060","ENTRE RIOS","Concordia","Concordia","SATELITAL","249"
"30015060","ENTRE RIOS","Concordia","Concordia","WIRELESS","631"
"30015110","ENTRE RIOS","Concordia","El Redomón","SATELITAL","10"
"30015080","ENTRE RIOS","Concordia","Estación Yeruá","SATELITAL","45"
"30015083","ENTRE RIOS","Concordia","Estación Yuquerí","SATELITAL","60"
"30015087","ENTRE RIOS","Concordia","Estancia Grande","SATELITAL","91"
"30015090","ENTRE RIOS","Concordia","La Criolla","FIBRA OPTICA","6"
"30015090","ENTRE RIOS","Concordia","La Criolla","SATELITAL","62"
"30015090","ENTRE RIOS","Concordia","La Criolla","WIRELESS","6"
"30015130","ENTRE RIOS","Concordia","Las Tejas","SATELITAL","110"
"30015100","ENTRE RIOS","Concordia","Los Charrúas","SATELITAL","93"
"30015100","ENTRE RIOS","Concordia","Los Charrúas","WIRELESS","44"
"30015110","ENTRE RIOS","Concordia","Nueva Escocia","SATELITAL","60"
"30015120","ENTRE RIOS","Concordia","Osvaldo Magnasco","SATELITAL","32"
"0","ENTRE RIOS","Concordia","Otros","SATELITAL","43"
"30015130","ENTRE RIOS","Concordia","Pedernal","Otros","3"
"30015130","ENTRE RIOS","Concordia","Pedernal","SATELITAL","14"
"30015130","ENTRE RIOS","Concordia","Pedernal","WIRELESS","59"
"30015140","ENTRE RIOS","Concordia","Puerto Yeruá","SATELITAL","62"
"30015130","ENTRE RIOS","Concordia","Villa Adela","SATELITAL","354"
"30015130","ENTRE RIOS","Concordia","Villa Zorraquin","FIBRA OPTICA","1"
"30015130","ENTRE RIOS","Concordia","VILLA ZORRAQUIN","SATELITAL","258"
"30021010","ENTRE RIOS","Diamante","Aldea Brasilera","SATELITAL","72"
"30021010","ENTRE RIOS","Diamante","Aldea Brasilera","WIRELESS","46"
"30021015","ENTRE RIOS","Diamante","Aldea Grapschental","SATELITAL","10"
"30021020","ENTRE RIOS","Diamante","Aldea Protestante","ADSL","3"
"30021020","ENTRE RIOS","Diamante","Aldea Protestante","FIBRA OPTICA","130"
"30021020","ENTRE RIOS","Diamante","Aldea Protestante","SATELITAL","20"
"30021020","ENTRE RIOS","Diamante","Aldea Protestante","WIRELESS","54"
"30021030","ENTRE RIOS","Diamante","Aldea Salto","SATELITAL","8"
"30021040","ENTRE RIOS","Diamante","Aldea San Francisco","SATELITAL","8"
"30021050","ENTRE RIOS","Diamante","Aldea Spatzenkutter","SATELITAL","33"
"30021050","ENTRE RIOS","Diamante","Aldea Spatzenkutter","WIRELESS","45"
"30021060","ENTRE RIOS","Diamante","Aldea Valle María","CELULAR","1"
"30021060","ENTRE RIOS","Diamante","Aldea Valle María","FIBRA OPTICA","85"
"30021060","ENTRE RIOS","Diamante","Aldea Valle María","SATELITAL","54"
"30021060","ENTRE RIOS","Diamante","Aldea Valle María","WIMAX","224"
"30021060","ENTRE RIOS","Diamante","Aldea Valle María","WIRELESS","26"
"30021070","ENTRE RIOS","Diamante","Colonia Ensayo","SATELITAL","79"
"30021070","ENTRE RIOS","Diamante","Colonia Ensayo","WIRELESS","10"
"30021127","ENTRE RIOS","Diamante","Costa Grande","SATELITAL","47"
"30021080","ENTRE RIOS","Diamante","Diamante","ADSL","1.016"
"30021080","ENTRE RIOS","Diamante","Diamante","CABLEMODEM","1.130"
"30021080","ENTRE RIOS","Diamante","Diamante","CELULAR","46"
"30021080","ENTRE RIOS","Diamante","Diamante","FIBRA OPTICA","5"
"30021080","ENTRE RIOS","Diamante","Diamante","SATELITAL","460"
"30021080","ENTRE RIOS","Diamante","Diamante","WIRELESS","390"
"30021090","ENTRE RIOS","Diamante","Estación Camps","SATELITAL","43"
"30021090","ENTRE RIOS","Diamante","Estación Camps","WIRELESS","31"
"30021140","ENTRE RIOS","Diamante","Estacion Puiggari","SATELITAL","84"
"30021100","ENTRE RIOS","Diamante","General Alvear","SATELITAL","60"
"30021100","ENTRE RIOS","Diamante","General Alvear","WIRELESS","17"
"30021110","ENTRE RIOS","Diamante","General Racedo","SATELITAL","21"
"30021110","ENTRE RIOS","Diamante","General Racedo","WIRELESS","15"
"30021120","ENTRE RIOS","Diamante","General Ramírez","ADSL","190"
"30021120","ENTRE RIOS","Diamante","General Ramírez","CABLEMODEM","2.996"
"30021120","ENTRE RIOS","Diamante","General Ramírez","CELULAR","16"
"30021120","ENTRE RIOS","Diamante","General Ramírez","FIBRA OPTICA","1"
"30021120","ENTRE RIOS","Diamante","General Ramírez","SATELITAL","112"
"30021120","ENTRE RIOS","Diamante","General Ramírez","WIRELESS","92"
"30021123","ENTRE RIOS","Diamante","La Juanita","SATELITAL","25"
"30021127","ENTRE RIOS","Diamante","Las Jaulas","SATELITAL","14"
"0","ENTRE RIOS","Diamante","Otros","SATELITAL","31"
"0","ENTRE RIOS","Diamante","OTROS","WIRELESS","124"
"30021130","ENTRE RIOS","Diamante","Paraje La Virgen","SATELITAL","29"
"30021140","ENTRE RIOS","Diamante","Puerto Las Cuevas","SATELITAL","92"
"30021120","ENTRE RIOS","Diamante","Strobel","CABLEMODEM","100"
"30021120","ENTRE RIOS","Diamante","Strobel","SATELITAL","85"
"30021150","ENTRE RIOS","Diamante","Villa Libertador San Martín","ADSL","198"
"30021150","ENTRE RIOS","Diamante","Villa Libertador San Martín","CELULAR","1"
"30021150","ENTRE RIOS","Diamante","Villa Libertador San Martín","SATELITAL","267"
"30021150","ENTRE RIOS","Diamante","Villa Libertador San Martín","WIRELESS","442"
"30028010","ENTRE RIOS","Federación","Chajarí","ADSL","251"
"30028010","ENTRE RIOS","Federación","Chajarí","CABLEMODEM","5.927"
"30028010","ENTRE RIOS","Federación","Chajarí","CELULAR","20"
"30028010","ENTRE RIOS","Federación","Chajarí","FIBRA OPTICA","5.299"
"30028010","ENTRE RIOS","Federación","Chajarí","SATELITAL","463"
"30028010","ENTRE RIOS","Federación","Chajarí","WIRELESS","431"
"30028020","ENTRE RIOS","Federación","Colonia Alemana","SATELITAL","53"
"30028090","ENTRE RIOS","Federación","Colonia Ensanche Sauce","SATELITAL","16"
"30028040","ENTRE RIOS","Federación","Colonia La Argentina","SATELITAL","75"
"30028040","ENTRE RIOS","Federación","Colonia La Argentina","WIRELESS","26"
"30028050","ENTRE RIOS","Federación","Colonia Peña","SATELITAL","10"
"30028050","ENTRE RIOS","Federación","Colonia Peña","WIRELESS","6"
"30028040","ENTRE RIOS","Federación","Colonia Santa María","SATELITAL","36"
"30028070","ENTRE RIOS","Federación","Federación","ADSL","424"
"30028070","ENTRE RIOS","Federación","Federación","CELULAR","279"
"30028070","ENTRE RIOS","Federación","Federación","FIBRA OPTICA","14"
"30028070","ENTRE RIOS","Federación","Federación","SATELITAL","1.288"
"30028070","ENTRE RIOS","Federación","Federación","WIRELESS","2.098"
"30028080","ENTRE RIOS","Federación","Los Conquistadores","CABLEMODEM","131"
"30028080","ENTRE RIOS","Federación","Los Conquistadores","SATELITAL","17"
"30028080","ENTRE RIOS","Federación","Los Conquistadores","WIRELESS","212"
"0","ENTRE RIOS","Federación","Otros","SATELITAL","71"
"30028090","ENTRE RIOS","Federación","San Jaime de la Frontera","CABLEMODEM","6"
"30028090","ENTRE RIOS","Federación","San Jaime de la Frontera","SATELITAL","62"
"30028100","ENTRE RIOS","Federación","San Pedro","FIBRA OPTICA","255"
"30028100","ENTRE RIOS","Federación","San Pedro","SATELITAL","24"
"30028100","ENTRE RIOS","Federación","San Pedro","WIRELESS","5"
"30028105","ENTRE RIOS","Federación","San Ramón","SATELITAL","17"
"30028105","ENTRE RIOS","Federación","San Ramón","WIRELESS","3"
"30028110","ENTRE RIOS","Federación","Santa Ana","CABLEMODEM","1"
"30028110","ENTRE RIOS","Federación","Santa Ana","FIBRA OPTICA","401"
"30028110","ENTRE RIOS","Federación","Santa Ana","SATELITAL","58"
"30028110","ENTRE RIOS","Federación","Santa Ana","WIRELESS","61"
"30028120","ENTRE RIOS","Federación","Villa del Rosario","CABLEMODEM","4"
"30028120","ENTRE RIOS","Federación","Villa del Rosario","FIBRA OPTICA","660"
"30028120","ENTRE RIOS","Federación","Villa del Rosario","SATELITAL","59"
"30028120","ENTRE RIOS","Federación","Villa del Rosario","WIRELESS","115"
"30035010","ENTRE RIOS","Federal","Conscripto Bernardi","SATELITAL","53"
"30035010","ENTRE RIOS","Federal","Conscripto Bernardi","WIRELESS","47"
"30035020","ENTRE RIOS","Federal","El Cimarrón","SATELITAL","32"
"30035030","ENTRE RIOS","Federal","Federal","ADSL","193"
"30035030","ENTRE RIOS","Federal","Federal","CELULAR","3"
"30035030","ENTRE RIOS","Federal","Federal","FIBRA OPTICA","91"
"30035030","ENTRE RIOS","Federal","Federal","Otros","1.100"
"30035030","ENTRE RIOS","Federal","Federal","SATELITAL","312"
"30035030","ENTRE RIOS","Federal","Federal","WIRELESS","180"
"30035040","ENTRE RIOS","Federal","Nueva Vizcaya","SATELITAL","10"
"0","ENTRE RIOS","Federal","Otros","SATELITAL","222"
"30035050","ENTRE RIOS","Federal","Sauce de Luna","SATELITAL","65"
"30035050","ENTRE RIOS","Federal","Sauce de Luna","WIRELESS","513"
"0","ENTRE RIOS","Feliciano","Otros","SATELITAL","76"
"30042010","ENTRE RIOS","Feliciano","San José de Feliciano","CELULAR","1"
"30042010","ENTRE RIOS","Feliciano","San José de Feliciano","FIBRA OPTICA","470"
"30042010","ENTRE RIOS","Feliciano","San José de Feliciano","SATELITAL","108"
"30042010","ENTRE RIOS","Feliciano","San José de Feliciano","WIRELESS","297"
"30042020","ENTRE RIOS","Feliciano","San Víctor","SATELITAL","4"
"30049010","ENTRE RIOS","Gualeguay","Aldea Asunción","SATELITAL","35"
"30049010","ENTRE RIOS","Gualeguay","Aldea Asunción","WIRELESS","55"
"30049020","ENTRE RIOS","Gualeguay","Estación Lazo","SATELITAL","20"
"30049020","ENTRE RIOS","Gualeguay","Estación Lazo","WIRELESS","24"
"30049030","ENTRE RIOS","Gualeguay","General Galarza","ADSL","2"
"30049030","ENTRE RIOS","Gualeguay","General Galarza","CELULAR","3"
"30049030","ENTRE RIOS","Gualeguay","General Galarza","FIBRA OPTICA","1"
"30049030","ENTRE RIOS","Gualeguay","General Galarza","Otros","45"
"30049030","ENTRE RIOS","Gualeguay","General Galarza","SATELITAL","174"
"30049030","ENTRE RIOS","Gualeguay","General Galarza","WIRELESS","606"
"30049040","ENTRE RIOS","Gualeguay","Gualeguay","ADSL","1.116"
"30049040","ENTRE RIOS","Gualeguay","Gualeguay","CABLEMODEM","4.562"
"30049040","ENTRE RIOS","Gualeguay","Gualeguay","CELULAR","34"
"30049040","ENTRE RIOS","Gualeguay","Gualeguay","FIBRA OPTICA","2.722"
"30049040","ENTRE RIOS","Gualeguay","Gualeguay","Otros","753"
"30049040","ENTRE RIOS","Gualeguay","Gualeguay","SATELITAL","2.859"
"30049040","ENTRE RIOS","Gualeguay","Gualeguay","WIRELESS","1.602"
"0","ENTRE RIOS","Gualeguay","Otros","SATELITAL","192"
"30049050","ENTRE RIOS","Gualeguay","Puerto Ruiz","SATELITAL","16"
"30056010","ENTRE RIOS","Gualeguaychú","Aldea San Antonio","CELULAR","1"
"30056010","ENTRE RIOS","Gualeguaychú","Aldea San Antonio","FIBRA OPTICA","1"
"30056010","ENTRE RIOS","Gualeguaychú","Aldea San Antonio","SATELITAL","41"
"30056020","ENTRE RIOS","Gualeguaychú","Aldea San Juan","SATELITAL","23"
"30056030","ENTRE RIOS","Gualeguaychú","Enrique Carbó","SATELITAL","54"
"30056030","ENTRE RIOS","Gualeguaychú","Enrique Carbó","WIRELESS","73"
"30056035","ENTRE RIOS","Gualeguaychú","Estación Escriña","SATELITAL","7"
"30056040","ENTRE RIOS","Gualeguaychú","Faustino M. Parera","ADSL","2"
"30056040","ENTRE RIOS","Gualeguaychú","Faustino M. Parera","SATELITAL","7"
"30056050","ENTRE RIOS","Gualeguaychú","General Almada","SATELITAL","25"
"30056060","ENTRE RIOS","Gualeguaychú","Gilbert","SATELITAL","21"
"30056070","ENTRE RIOS","Gualeguaychú","Gualeguaychú","ADSL","1.372"
"30056070","ENTRE RIOS","Gualeguaychú","Gualeguaychú","CABLEMODEM","13.767"
"30056070","ENTRE RIOS","Gualeguaychú","Gualeguaychú","CELULAR","65"
"30056070","ENTRE RIOS","Gualeguaychú","Gualeguaychú","DIAL UP","1"
"30056070","ENTRE RIOS","Gualeguaychú","Gualeguaychú","FIBRA OPTICA","11.585"
"30056070","ENTRE RIOS","Gualeguaychú","Gualeguaychú","Otros","1"
"30056070","ENTRE RIOS","Gualeguaychú","Gualeguaychú","SATELITAL","1.515"
"30056070","ENTRE RIOS","Gualeguaychú","Gualeguaychú","WIRELESS","3.266"
"30056080","ENTRE RIOS","Gualeguaychú","Irazusta","SATELITAL","22"
"30056090","ENTRE RIOS","Gualeguaychú","Larroque","ADSL","85"
"30056090","ENTRE RIOS","Gualeguaychú","Larroque","CELULAR","22"
"30056090","ENTRE RIOS","Gualeguaychú","Larroque","FIBRA OPTICA","423"
"30056090","ENTRE RIOS","Gualeguaychú","Larroque","SATELITAL","121"
"30056090","ENTRE RIOS","Gualeguaychú","Larroque","WIRELESS","522"
"0","ENTRE RIOS","Gualeguaychú","Otros","SATELITAL","329"
"30056095","ENTRE RIOS","Gualeguaychú","Pastor Britos","SATELITAL","6"
"30056100","ENTRE RIOS","Gualeguaychú","Pueblo General Belgrano","CABLEMODEM","1.419"
"30056100","ENTRE RIOS","Gualeguaychú","Pueblo General Belgrano","SATELITAL","240"
"30056100","ENTRE RIOS","Gualeguaychú","Pueblo General Belgrano","WIRELESS","62"
"30056110","ENTRE RIOS","Gualeguaychú","Urdinarrain","ADSL","446"
"30056110","ENTRE RIOS","Gualeguaychú","Urdinarrain","CELULAR","52"
"30056110","ENTRE RIOS","Gualeguaychú","Urdinarrain","SATELITAL","313"
"30063030","ENTRE RIOS","Islas del Ibicuy","Arroyo Martínez","SATELITAL","50"
"30063020","ENTRE RIOS","Islas del Ibicuy","Ceibas","CELULAR","1"
"30063020","ENTRE RIOS","Islas del Ibicuy","Ceibas","FIBRA OPTICA","1"
"30063020","ENTRE RIOS","Islas del Ibicuy","Ceibas","SATELITAL","224"
"30063020","ENTRE RIOS","Islas del Ibicuy","Ceibas","WIRELESS","48"
"30063030","ENTRE RIOS","Islas del Ibicuy","Ibicuy","CABLEMODEM","742"
"30063030","ENTRE RIOS","Islas del Ibicuy","Ibicuy","FIBRA OPTICA","136"
"30063030","ENTRE RIOS","Islas del Ibicuy","Ibicuy","SATELITAL","516"
"30063030","ENTRE RIOS","Islas del Ibicuy","Ibicuy","WIRELESS","25"
"30063040","ENTRE RIOS","Islas del Ibicuy","Médanos","SATELITAL","40"
"30063040","ENTRE RIOS","Islas del Ibicuy","Médanos","WIRELESS","38"
"30063030","ENTRE RIOS","Islas del Ibicuy","Ñancay","SATELITAL","30"
"0","ENTRE RIOS","Islas del Ibicuy","Otros","SATELITAL","346"
"30063060","ENTRE RIOS","Islas del Ibicuy","Villa Paranacito","CABLEMODEM","43"
"30063060","ENTRE RIOS","Islas del Ibicuy","Villa Paranacito","FIBRA OPTICA","1"
"30063060","ENTRE RIOS","Islas del Ibicuy","Villa Paranacito","SATELITAL","803"
"30070010","ENTRE RIOS","La Paz","Bovril","CELULAR","2"
"30070010","ENTRE RIOS","La Paz","Bovril","FIBRA OPTICA","1.603"
"30070010","ENTRE RIOS","La Paz","Bovril","SATELITAL","68"
"30070010","ENTRE RIOS","La Paz","Bovril","WIRELESS","5"
"30070020","ENTRE RIOS","La Paz","Colonia Avigdor","SATELITAL","27"
"30070020","ENTRE RIOS","La Paz","Colonia Avigdor","WIRELESS","68"
"30070030","ENTRE RIOS","La Paz","El Solar","SATELITAL","38"
"30070030","ENTRE RIOS","La Paz","El Solar","WIRELESS","22"
"30070040","ENTRE RIOS","La Paz","La Paz","ADSL","37"
"30070040","ENTRE RIOS","La Paz","La Paz","CABLEMODEM","2.304"
"30070040","ENTRE RIOS","La Paz","La Paz","CELULAR","5"
"30070040","ENTRE RIOS","La Paz","La Paz","FIBRA OPTICA","5.122"
"30070040","ENTRE RIOS","La Paz","La Paz","SATELITAL","326"
"30070040","ENTRE RIOS","La Paz","La Paz","WIRELESS","706"
"0","ENTRE RIOS","La Paz","Otros","SATELITAL","298"
"30070050","ENTRE RIOS","La Paz","Piedras Blancas","CABLEMODEM","60"
"30070050","ENTRE RIOS","La Paz","Piedras Blancas","FIBRA OPTICA","1"
"30070050","ENTRE RIOS","La Paz","Piedras Blancas","SATELITAL","57"
"30070050","ENTRE RIOS","La Paz","Piedras Blancas","WIRELESS","110"
"30070005","ENTRE RIOS","La Paz","Pueblo Arrúa (Est. Alcaraz)","FIBRA OPTICA","350"
"30070005","ENTRE RIOS","La Paz","Pueblo Arrúa (Est. Alcaraz)","SATELITAL","29"
"30070005","ENTRE RIOS","La Paz","Pueblo Arrúa (Est. Alcaraz)","WIRELESS","145"
"30070070","ENTRE RIOS","La Paz","San Gustavo","FIBRA OPTICA","66"
"30070070","ENTRE RIOS","La Paz","San Gustavo","SATELITAL","52"
"30070070","ENTRE RIOS","La Paz","San Gustavo","WIRELESS","140"
"30070080","ENTRE RIOS","La Paz","Santa Elena","ADSL","1.389"
"30070080","ENTRE RIOS","La Paz","Santa Elena","CABLEMODEM","266"
"30070080","ENTRE RIOS","La Paz","Santa Elena","CELULAR","75"
"30070080","ENTRE RIOS","La Paz","Santa Elena","SATELITAL","143"
"30070080","ENTRE RIOS","La Paz","Santa Elena","WIRELESS","439"
"30070090","ENTRE RIOS","La Paz","Sir Leonard","SATELITAL","11"
"30077010","ENTRE RIOS","Nogoyá","Aranguren","CABLEMODEM","462"
"30077010","ENTRE RIOS","Nogoyá","Aranguren","SATELITAL","35"
"30077010","ENTRE RIOS","Nogoyá","Aranguren","WIRELESS","93"
"30077020","ENTRE RIOS","Nogoyá","Betbeder","SATELITAL","15"
"30077020","ENTRE RIOS","Nogoyá","Betbeder","WIRELESS","26"
"30077030","ENTRE RIOS","Nogoyá","Don Cristóbal","SATELITAL","55"
"30077030","ENTRE RIOS","Nogoyá","Don Cristóbal","WIRELESS","51"
"30077040","ENTRE RIOS","Nogoyá","Febré","SATELITAL","13"
"30077040","ENTRE RIOS","Nogoyá","Febré","WIRELESS","3"
"30077050","ENTRE RIOS","Nogoyá","Hernández","ADSL","29"
"30077050","ENTRE RIOS","Nogoyá","Hernández","CELULAR","6"
"30077050","ENTRE RIOS","Nogoyá","Hernández","SATELITAL","24"
"30077050","ENTRE RIOS","Nogoyá","Hernández","WIRELESS","125"
"30077060","ENTRE RIOS","Nogoyá","Lucas González","ADSL","159"
"30077060","ENTRE RIOS","Nogoyá","Lucas González","CELULAR","7"
"30077060","ENTRE RIOS","Nogoyá","Lucas González","SATELITAL","130"
"30077060","ENTRE RIOS","Nogoyá","Lucas González","WIRELESS","438"
"30077070","ENTRE RIOS","Nogoyá","Nogoyá","ADSL","141"
"30077070","ENTRE RIOS","Nogoyá","Nogoyá","CABLEMODEM","1"
"30077070","ENTRE RIOS","Nogoyá","Nogoyá","CELULAR","25"
"30077070","ENTRE RIOS","Nogoyá","Nogoyá","FIBRA OPTICA","4.094"
"30077070","ENTRE RIOS","Nogoyá","Nogoyá","SATELITAL","180"
"30077070","ENTRE RIOS","Nogoyá","Nogoyá","WIRELESS","809"
"0","ENTRE RIOS","Nogoyá","Otros","SATELITAL","283"
"30077080","ENTRE RIOS","Nogoyá","XX de Setiembre","SATELITAL","34"
"30077080","ENTRE RIOS","Nogoyá","XX de Setiembre","WIRELESS","37"
"0","ENTRE RIOS","Otros","Otros","Otros","6.883"
"30084010","ENTRE RIOS","Paraná","Aldea María Luisa","CELULAR","1"
"30084010","ENTRE RIOS","Paraná","Aldea María Luisa","SATELITAL","21"
"30084010","ENTRE RIOS","Paraná","Aldea María Luisa","WIRELESS","8"
"30084015","ENTRE RIOS","Paraná","Aldea San Juan","SATELITAL","12"
"30084020","ENTRE RIOS","Paraná","Aldea San Rafael","SATELITAL","31"
"30084020","ENTRE RIOS","Paraná","Aldea San Rafael","WIRELESS","9"
"30084030","ENTRE RIOS","Paraná","Aldea Santa María","SATELITAL","16"
"30084040","ENTRE RIOS","Paraná","Aldea Santa Rosa","SATELITAL","24"
"30084050","ENTRE RIOS","Paraná","Cerrito","ADSL","70"
"30084050","ENTRE RIOS","Paraná","Cerrito","CABLEMODEM","1.064"
"30084050","ENTRE RIOS","Paraná","Cerrito","SATELITAL","58"
"30084050","ENTRE RIOS","Paraná","Cerrito","WIRELESS","147"
"30084060","ENTRE RIOS","Paraná","Colonia Avellaneda","ADSL","142"
"30084060","ENTRE RIOS","Paraná","Colonia Avellaneda","CELULAR","34"
"30084060","ENTRE RIOS","Paraná","Colonia Avellaneda","FIBRA OPTICA","1"
"30084060","ENTRE RIOS","Paraná","Colonia Avellaneda","SATELITAL","216"
"30084060","ENTRE RIOS","Paraná","Colonia Avellaneda","WIRELESS","16"
"30084065","ENTRE RIOS","Paraná","Colonia Crespo","SATELITAL","37"
"30084110","ENTRE RIOS","Paraná","Colonia Merou","SATELITAL","24"
"30084070","ENTRE RIOS","Paraná","Crespo","ADSL","96"
"30084070","ENTRE RIOS","Paraná","Crespo","CABLEMODEM","314"
"30084070","ENTRE RIOS","Paraná","Crespo","CELULAR","8"
"30084070","ENTRE RIOS","Paraná","Crespo","FIBRA OPTICA","7.601"
"30084070","ENTRE RIOS","Paraná","Crespo","SATELITAL","313"
"30084070","ENTRE RIOS","Paraná","Crespo","WIRELESS","94"
"30084095","ENTRE RIOS","Paraná","Crucesitas Séptima Sección","SATELITAL","8"
"30084095","ENTRE RIOS","Paraná","Crucesitas Séptima Sección","WIRELESS","118"
"30084080","ENTRE RIOS","Paraná","El Palenque","SATELITAL","11"
"30084080","ENTRE RIOS","Paraná","El Palenque","WIRELESS","5"
"30084090","ENTRE RIOS","Paraná","El Pingo","SATELITAL","16"
"30084090","ENTRE RIOS","Paraná","El Pingo","WIRELESS","50"
"30084095","ENTRE RIOS","Paraná","El Ramblón","SATELITAL","33"
"30084095","ENTRE RIOS","Paraná","El Ramblón","WIRELESS","18"
"30084100","ENTRE RIOS","Paraná","Hasenkamp","CABLEMODEM","521"
"30084100","ENTRE RIOS","Paraná","Hasenkamp","FIBRA OPTICA","1"
"30084100","ENTRE RIOS","Paraná","Hasenkamp","SATELITAL","54"
"30084100","ENTRE RIOS","Paraná","Hasenkamp","WIRELESS","456"
"30084110","ENTRE RIOS","Paraná","Hernandarias","CABLEMODEM","350"
"30084110","ENTRE RIOS","Paraná","Hernandarias","Otros","110"
"30084110","ENTRE RIOS","Paraná","Hernandarias","SATELITAL","101"
"30084110","ENTRE RIOS","Paraná","Hernandarias","WIRELESS","333"
"30084120","ENTRE RIOS","Paraná","La Picada","ADSL","5"
"30084120","ENTRE RIOS","Paraná","La Picada","SATELITAL","36"
"30084130","ENTRE RIOS","Paraná","Las Tunas","SATELITAL","42"
"30084130","ENTRE RIOS","Paraná","Las Tunas","WIRELESS","54"
"30084140","ENTRE RIOS","Paraná","María Grande","CABLEMODEM","996"
"30084140","ENTRE RIOS","Paraná","María Grande","CELULAR","2"
"30084140","ENTRE RIOS","Paraná","María Grande","FIBRA OPTICA","818"
"30084140","ENTRE RIOS","Paraná","María Grande","SATELITAL","148"
"30084140","ENTRE RIOS","Paraná","María Grande","WIRELESS","239"
"30084150","ENTRE RIOS","Paraná","Oro Verde","ADSL","234"
"30084150","ENTRE RIOS","Paraná","Oro Verde","CABLEMODEM","1"
"30084150","ENTRE RIOS","Paraná","Oro Verde","CELULAR","27"
"30084150","ENTRE RIOS","Paraná","Oro Verde","SATELITAL","250"
"30084150","ENTRE RIOS","Paraná","Oro Verde","WIRELESS","60"
"0","ENTRE RIOS","Paraná","Otros","SATELITAL","51"
"0","ENTRE RIOS","Paraná","OTROS","WIRELESS","13"
"30084160","ENTRE RIOS","Paraná","Paraná","ADSL","629"
"30084160","ENTRE RIOS","Paraná","Paraná","CABLEMODEM","78.407"
"30084160","ENTRE RIOS","Paraná","Paraná","CELULAR","147"
"30084160","ENTRE RIOS","Paraná","Paraná","DIAL UP","11"
"30084160","ENTRE RIOS","Paraná","Paraná","FIBRA OPTICA","22.510"
"30084160","ENTRE RIOS","Paraná","Paraná","SATELITAL","1.384"
"30084160","ENTRE RIOS","Paraná","Paraná","WIRELESS","1.205"
"30084170","ENTRE RIOS","Paraná","Pueblo Bellocq (Est. Las Garzas)","SATELITAL","2"
"30084180","ENTRE RIOS","Paraná","Pueblo Brugo","CELULAR","1"
"30084180","ENTRE RIOS","Paraná","Pueblo Brugo","SATELITAL","27"
"30084180","ENTRE RIOS","Paraná","Pueblo Brugo","WIRELESS","36"
"30084190","ENTRE RIOS","Paraná","Pueblo General San Martín","SATELITAL","17"
"30084070","ENTRE RIOS","Paraná","Pueblo Moreno","SATELITAL","7"
"30084200","ENTRE RIOS","Paraná","San Benito","ADSL","46"
"30084200","ENTRE RIOS","Paraná","San Benito","CABLEMODEM","1.367"
"30084200","ENTRE RIOS","Paraná","San Benito","CELULAR","15"
"30084200","ENTRE RIOS","Paraná","San Benito","SATELITAL","430"
"30084200","ENTRE RIOS","Paraná","San Benito","WIRELESS","57"
"30084210","ENTRE RIOS","Paraná","Sauce Montrull","SATELITAL","99"
"30084210","ENTRE RIOS","Paraná","Sauce Montrull","WIRELESS","71"
"30084220","ENTRE RIOS","Paraná","Sauce Pinto","SATELITAL","33"
"30084230","ENTRE RIOS","Paraná","Seguí","CABLEMODEM","501"
"30084230","ENTRE RIOS","Paraná","Seguí","CELULAR","3"
"30084230","ENTRE RIOS","Paraná","Seguí","FIBRA OPTICA","1"
"30084230","ENTRE RIOS","Paraná","Seguí","SATELITAL","90"
"30084230","ENTRE RIOS","Paraná","Seguí","WIRELESS","292"
"30084240","ENTRE RIOS","Paraná","Sosa","SATELITAL","7"
"30084250","ENTRE RIOS","Paraná","Tabossi","CABLEMODEM","189"
"30084250","ENTRE RIOS","Paraná","Tabossi","FIBRA OPTICA","54"
"30084250","ENTRE RIOS","Paraná","Tabossi","Otros","35"
"30084250","ENTRE RIOS","Paraná","Tabossi","SATELITAL","48"
"30084250","ENTRE RIOS","Paraná","Tabossi","WIRELESS","128"
"30084260","ENTRE RIOS","Paraná","Tezanos Pintos","SATELITAL","5"
"30084270","ENTRE RIOS","Paraná","Viale","ADSL","431"
"30084270","ENTRE RIOS","Paraná","Viale","CABLEMODEM","178"
"30084270","ENTRE RIOS","Paraná","Viale","CELULAR","32"
"30084270","ENTRE RIOS","Paraná","Viale","FIBRA OPTICA","136"
"30084270","ENTRE RIOS","Paraná","Viale","Otros","41"
"30084270","ENTRE RIOS","Paraná","Viale","SATELITAL","201"
"30084270","ENTRE RIOS","Paraná","Viale","WIRELESS","801"
"30084280","ENTRE RIOS","Paraná","Villa Fontana","SATELITAL","7"
"30084290","ENTRE RIOS","Paraná","Villa Gobernador Luis F. Etchevehere","SATELITAL","20"
"30084300","ENTRE RIOS","Paraná","Villa Urquiza","SATELITAL","54"
"30088010","ENTRE RIOS","San Salvador","General Campos","CELULAR","2"
"30088010","ENTRE RIOS","San Salvador","General Campos","FIBRA OPTICA","35"
"30088010","ENTRE RIOS","San Salvador","General Campos","Otros","37"
"30088010","ENTRE RIOS","San Salvador","General Campos","SATELITAL","59"
"30088010","ENTRE RIOS","San Salvador","General Campos","WIRELESS","188"
"0","ENTRE RIOS","San Salvador","Otros","SATELITAL","39"
"30088020","ENTRE RIOS","San Salvador","San Salvador","ADSL","161"
"30088020","ENTRE RIOS","San Salvador","San Salvador","CELULAR","23"
"30088020","ENTRE RIOS","San Salvador","San Salvador","FIBRA OPTICA","1.248"
"30088020","ENTRE RIOS","San Salvador","San Salvador","Otros","258"
"30088020","ENTRE RIOS","San Salvador","San Salvador","SATELITAL","271"
"30088020","ENTRE RIOS","San Salvador","San Salvador","WIRELESS","286"
"30091010","ENTRE RIOS","Tala","Altamirano Sur","SATELITAL","10"
"30091020","ENTRE RIOS","Tala","Durazno","ADSL","2"
"30091020","ENTRE RIOS","Tala","Durazno","SATELITAL","13"
"30091020","ENTRE RIOS","Tala","Durazno","WIRELESS","44"
"30091030","ENTRE RIOS","Tala","Estación Arroyo Clé","SATELITAL","10"
"30091030","ENTRE RIOS","Tala","Estación Arroyo Clé","WIRELESS","54"
"30091040","ENTRE RIOS","Tala","Gobernador Echagüe","FIBRA OPTICA","65"
"30091040","ENTRE RIOS","Tala","Gobernador Echagüe","SATELITAL","5"
"30091040","ENTRE RIOS","Tala","Gobernador Echagüe","WIRELESS","44"
"30091050","ENTRE RIOS","Tala","Gobernador Mansilla","CELULAR","1"
"30091050","ENTRE RIOS","Tala","Gobernador Mansilla","FIBRA OPTICA","830"
"30091050","ENTRE RIOS","Tala","Gobernador Mansilla","SATELITAL","63"
"30091050","ENTRE RIOS","Tala","Gobernador Mansilla","WIRELESS","209"
"30091060","ENTRE RIOS","Tala","Gobernador Solá","CELULAR","1"
"30091060","ENTRE RIOS","Tala","Gobernador Solá","SATELITAL","26"
"30091060","ENTRE RIOS","Tala","Gobernador Solá","WIRELESS","11"
"30091070","ENTRE RIOS","Tala","Guardamonte","SATELITAL","14"
"30091080","ENTRE RIOS","Tala","Las Guachas","SATELITAL","11"
"30091080","ENTRE RIOS","Tala","Las Guachas","WIRELESS","31"
"30091090","ENTRE RIOS","Tala","Maciá","CABLEMODEM","210"
"30091090","ENTRE RIOS","Tala","Maciá","SATELITAL","55"
"30091090","ENTRE RIOS","Tala","Maciá","WIRELESS","41"
"0","ENTRE RIOS","Tala","Otros","SATELITAL","19"
"30091100","ENTRE RIOS","Tala","Rosario del Tala","ADSL","439"
"30091100","ENTRE RIOS","Tala","Rosario del Tala","CELULAR","8"
"30091100","ENTRE RIOS","Tala","Rosario del Tala","FIBRA OPTICA","865"
"30091100","ENTRE RIOS","Tala","Rosario del Tala","Otros","0"
"30091100","ENTRE RIOS","Tala","Rosario del Tala","SATELITAL","88"
"30098090","ENTRE RIOS","Uruguay","1º de Mayo","FIBRA OPTICA","280"
"30098090","ENTRE RIOS","Uruguay","1º de Mayo","SATELITAL","26"
"30098090","ENTRE RIOS","Uruguay","1º de Mayo","WIRELESS","100"
"30098010","ENTRE RIOS","Uruguay","Basavilbaso","ADSL","319"
"30098010","ENTRE RIOS","Uruguay","Basavilbaso","CELULAR","8"
"30098010","ENTRE RIOS","Uruguay","Basavilbaso","FIBRA OPTICA","1.419"
"30098010","ENTRE RIOS","Uruguay","Basavilbaso","SATELITAL","66"
"30098010","ENTRE RIOS","Uruguay","Basavilbaso","WIRELESS","298"
"30098020","ENTRE RIOS","Uruguay","Caseros","ADSL","34"
"30098020","ENTRE RIOS","Uruguay","Caseros","CABLEMODEM","1"
"30098020","ENTRE RIOS","Uruguay","Caseros","CELULAR","1"
"30098020","ENTRE RIOS","Uruguay","Caseros","FIBRA OPTICA","884"
"30098020","ENTRE RIOS","Uruguay","Caseros","SATELITAL","48"
"30098020","ENTRE RIOS","Uruguay","Caseros","WIRELESS","743"
"30098030","ENTRE RIOS","Uruguay","Colonia Elía","FIBRA OPTICA","105"
"30098030","ENTRE RIOS","Uruguay","Colonia Elía","SATELITAL","35"
"30098030","ENTRE RIOS","Uruguay","Colonia Elía","WIRELESS","66"
"30098040","ENTRE RIOS","Uruguay","Concepción del Uruguay","ADSL","1.390"
"30098040","ENTRE RIOS","Uruguay","Concepción del Uruguay","CABLEMODEM","9.915"
"30098040","ENTRE RIOS","Uruguay","Concepción del Uruguay","CELULAR","756"
"30098040","ENTRE RIOS","Uruguay","Concepción del Uruguay","DIAL UP","5"
"30098040","ENTRE RIOS","Uruguay","Concepción del Uruguay","FIBRA OPTICA","13.193"
"30098040","ENTRE RIOS","Uruguay","Concepción del Uruguay","SATELITAL","710"
"30098040","ENTRE RIOS","Uruguay","Concepción del Uruguay","WIRELESS","875"
"30098030","ENTRE RIOS","Uruguay","Estancia San Pedro","SATELITAL","8"
"30098030","ENTRE RIOS","Uruguay","Estancia San Pedro","WIRELESS","4"
"30098060","ENTRE RIOS","Uruguay","Herrera","ADSL","53"
"30098060","ENTRE RIOS","Uruguay","Herrera","CELULAR","7"
"30098060","ENTRE RIOS","Uruguay","Herrera","SATELITAL","33"
"30098060","ENTRE RIOS","Uruguay","Herrera","WIRELESS","484"
"30098070","ENTRE RIOS","Uruguay","Las Moscas","FIBRA OPTICA","7"
"30098070","ENTRE RIOS","Uruguay","Las Moscas","SATELITAL","8"
"30098070","ENTRE RIOS","Uruguay","Las Moscas","WIRELESS","91"
"30098080","ENTRE RIOS","Uruguay","Líbaros","SATELITAL","12"
"30098080","ENTRE RIOS","Uruguay","Líbaros","WIRELESS","28"
"0","ENTRE RIOS","Uruguay","Otros","SATELITAL","140"
"30098100","ENTRE RIOS","Uruguay","Pronunciamiento","FIBRA OPTICA","302"
"30098100","ENTRE RIOS","Uruguay","Pronunciamiento","SATELITAL","52"
"30098100","ENTRE RIOS","Uruguay","Pronunciamiento","WIRELESS","67"
"30098110","ENTRE RIOS","Uruguay","Rocamora","SATELITAL","15"
"30098110","ENTRE RIOS","Uruguay","Rocamora","WIRELESS","39"
"30098120","ENTRE RIOS","Uruguay","Santa Anita","CELULAR","1"
"30098120","ENTRE RIOS","Uruguay","Santa Anita","FIBRA OPTICA","502"
"30098120","ENTRE RIOS","Uruguay","Santa Anita","SATELITAL","18"
"30098120","ENTRE RIOS","Uruguay","Santa Anita","WIRELESS","49"
"30098130","ENTRE RIOS","Uruguay","Villa Mantero","ADSL","9"
"30098130","ENTRE RIOS","Uruguay","Villa Mantero","CELULAR","2"
"30098130","ENTRE RIOS","Uruguay","Villa Mantero","FIBRA OPTICA","196"
"30098130","ENTRE RIOS","Uruguay","Villa Mantero","SATELITAL","20"
"30098130","ENTRE RIOS","Uruguay","Villa Mantero","WIRELESS","33"
"30098140","ENTRE RIOS","Uruguay","Villa San Justo","FIBRA OPTICA","649"
"30098140","ENTRE RIOS","Uruguay","Villa San Justo","SATELITAL","37"
"30098140","ENTRE RIOS","Uruguay","Villa San Justo","WIRELESS","69"
"30098150","ENTRE RIOS","Uruguay","Villa San Marcial (Est. Gobernador Urquiza)","CABLEMODEM","1"
"30098150","ENTRE RIOS","Uruguay","Villa San Marcial (Est. Gobernador Urquiza)","SATELITAL","23"
"30098150","ENTRE RIOS","Uruguay","Villa San Marcial (Est. Gobernador Urquiza)","WIRELESS","44"
"30105010","ENTRE RIOS","Victoria","Antelo","SATELITAL","30"
"30105040","ENTRE RIOS","Victoria","Charigüé","SATELITAL","79"
"30105040","ENTRE RIOS","Victoria","Laguna del Pescado","SATELITAL","10"
"30105040","ENTRE RIOS","Victoria","Molino Doll","SATELITAL","28"
"30105040","ENTRE RIOS","Victoria","Molino Doll","WIRELESS","10"
"0","ENTRE RIOS","Victoria","Otros","SATELITAL","111"
"30105040","ENTRE RIOS","Victoria","Rincón de Nogoyá","SATELITAL","25"
"30105040","ENTRE RIOS","Victoria","Rincón de Nogoyá","WIRELESS","19"
"30105060","ENTRE RIOS","Victoria","Victoria","ADSL","517"
"30105060","ENTRE RIOS","Victoria","Victoria","CABLEMODEM","312"
"30105060","ENTRE RIOS","Victoria","Victoria","CELULAR","136"
"30105060","ENTRE RIOS","Victoria","Victoria","FIBRA OPTICA","3.452"
"30105060","ENTRE RIOS","Victoria","Victoria","SATELITAL","596"
"30105060","ENTRE RIOS","Victoria","Victoria","WIRELESS","352"
"30113010","ENTRE RIOS","Villaguay","Estación Raíces","ADSL","6"
"30113010","ENTRE RIOS","Villaguay","Estación Raíces","SATELITAL","22"
"30113010","ENTRE RIOS","Villaguay","Estación Raíces","WIRELESS","5"
"30113020","ENTRE RIOS","Villaguay","Ingeniero Miguel Sajaroff","SATELITAL","5"
"30113020","ENTRE RIOS","Villaguay","Ingeniero Miguel Sajaroff","WIRELESS","74"
"30113030","ENTRE RIOS","Villaguay","Jubileo","FIBRA OPTICA","126"
"30113030","ENTRE RIOS","Villaguay","Jubileo","Otros","35"
"30113030","ENTRE RIOS","Villaguay","Jubileo","SATELITAL","24"
"30113020","ENTRE RIOS","Villaguay","Mojones Norte","SATELITAL","28"
"0","ENTRE RIOS","Villaguay","Otros","SATELITAL","244"
"30113050","ENTRE RIOS","Villaguay","Paso de la Laguna","FIBRA OPTICA","8"
"30113050","ENTRE RIOS","Villaguay","Paso de la Laguna","SATELITAL","10"
"30113050","ENTRE RIOS","Villaguay","Paso de la Laguna","WIRELESS","88"
"30113060","ENTRE RIOS","Villaguay","Villa Clara","ADSL","34"
"30113060","ENTRE RIOS","Villaguay","Villa Clara","CELULAR","1"
"30113060","ENTRE RIOS","Villaguay","Villa Clara","FIBRA OPTICA","290"
"30113060","ENTRE RIOS","Villaguay","Villa Clara","SATELITAL","24"
"30113060","ENTRE RIOS","Villaguay","Villa Clara","WIRELESS","99"
"30113070","ENTRE RIOS","Villaguay","Villa Domínguez","FIBRA OPTICA","230"
"30113070","ENTRE RIOS","Villaguay","Villa Domínguez","SATELITAL","9"
"30113070","ENTRE RIOS","Villaguay","Villa Domínguez","WIRELESS","156"
"30113080","ENTRE RIOS","Villaguay","Villaguay","ADSL","516"
"30113080","ENTRE RIOS","Villaguay","Villaguay","CELULAR","3"
"30113080","ENTRE RIOS","Villaguay","Villaguay","FIBRA OPTICA","5.664"
"30113080","ENTRE RIOS","Villaguay","Villaguay","SATELITAL","267"
"30113080","ENTRE RIOS","Villaguay","Villaguay","WIRELESS","2.774"
"34007003","FORMOSA","Bermejo","Fortín Soledad","SATELITAL","48"
"34007003","FORMOSA","Bermejo","Fortín Soledad","WIRELESS","11"
"34007005","FORMOSA","Bermejo","Guadalcazar","SATELITAL","101"
"34007005","FORMOSA","Bermejo","Guadalcazar","WIRELESS","10"
"34007010","FORMOSA","Bermejo","Laguna Yema","SATELITAL","78"
"34007010","FORMOSA","Bermejo","Laguna Yema","WIRELESS","76"
"34007015","FORMOSA","Bermejo","Lamadrid","SATELITAL","40"
"34007015","FORMOSA","Bermejo","Lamadrid","WIRELESS","7"
"34007007","FORMOSA","Bermejo","La Rinconada","SATELITAL","13"
"34007007","FORMOSA","Bermejo","La Rinconada","WIRELESS","8"
"34007020","FORMOSA","Bermejo","Los Chiriguanos","SATELITAL","19"
"34007020","FORMOSA","Bermejo","Los Chiriguanos","WIRELESS","42"
"0","FORMOSA","Bermejo","Otros","SATELITAL","429"
"34007040","FORMOSA","Bermejo","Pozo del Mortero","SATELITAL","32"
"34007040","FORMOSA","Bermejo","Pozo del Mortero","WIRELESS","13"
"34007030","FORMOSA","Bermejo","Pozo de Maza","SATELITAL","64"
"34007030","FORMOSA","Bermejo","Pozo de Maza","WIRELESS","18"
"34007050","FORMOSA","Bermejo","Vaca Perdida","SATELITAL","55"
"34007050","FORMOSA","Bermejo","Vaca Perdida","WIRELESS","5"
"34014010","FORMOSA","Formosa","Colonia Pastoril","SATELITAL","37"
"34014010","FORMOSA","Formosa","Colonia Pastoril","WIRELESS","81"
"34014020","FORMOSA","Formosa","Formosa","ADSL","1.412"
"34014020","FORMOSA","Formosa","Formosa","CABLEMODEM","21.213"
"34014020","FORMOSA","Formosa","Formosa","CELULAR","372"
"34014020","FORMOSA","Formosa","Formosa","FIBRA OPTICA","23.999"
"34014020","FORMOSA","Formosa","Formosa","Otros","10"
"34014020","FORMOSA","Formosa","Formosa","SATELITAL","4.689"
"34014020","FORMOSA","Formosa","Formosa","WIRELESS","7.817"
"34014030","FORMOSA","Formosa","Gran Guardia","Otros","0"
"34014030","FORMOSA","Formosa","Gran Guardia","SATELITAL","61"
"34014030","FORMOSA","Formosa","Gran Guardia","WIRELESS","69"
"34014040","FORMOSA","Formosa","Mariano Boedo","SATELITAL","18"
"34014040","FORMOSA","Formosa","Mariano Boedo","WIRELESS","31"
"34014050","FORMOSA","Formosa","Mojón de Fierro","SATELITAL","112"
"34014050","FORMOSA","Formosa","Mojón de Fierro","WIRELESS","37"
"0","FORMOSA","Formosa","Otros","SATELITAL","118"
"34014060","FORMOSA","Formosa","San Hilario","SATELITAL","65"
"34014060","FORMOSA","Formosa","San Hilario","WIRELESS","49"
"34014070","FORMOSA","Formosa","Villa del Carmen","FIBRA OPTICA","252"
"34014070","FORMOSA","Formosa","Villa del Carmen","SATELITAL","668"
"34014070","FORMOSA","Formosa","Villa del Carmen","WIRELESS","42"
"34021010","FORMOSA","Laishi","Banco Payaguá","SATELITAL","15"
"34021010","FORMOSA","Laishi","Banco Payaguá","WIRELESS","32"
"34021020","FORMOSA","Laishi","General Lucio Victorio Mansilla","ADSL","2"
"34021020","FORMOSA","Laishi","General Lucio Victorio Mansilla","SATELITAL","37"
"34021020","FORMOSA","Laishi","General Lucio Victorio Mansilla","WIRELESS","167"
"34021030","FORMOSA","Laishi","Herradura","SATELITAL","166"
"34021030","FORMOSA","Laishi","Herradura","WIRELESS","124"
"0","FORMOSA","Laishi","Otros","SATELITAL","138"
"0","FORMOSA","Laishi","OTROS","WIRELESS","132"
"34021040","FORMOSA","Laishi","San Francisco de Laishi","FIBRA OPTICA","131"
"34021040","FORMOSA","Laishi","San Francisco de Laishi","Otros","0"
"34021040","FORMOSA","Laishi","San Francisco de Laishi","SATELITAL","88"
"34021040","FORMOSA","Laishi","San Francisco de Laishi","WIRELESS","209"
"34021050","FORMOSA","Laishi","Tatané","SATELITAL","50"
"34021050","FORMOSA","Laishi","Tatané","WIRELESS","46"
"34021060","FORMOSA","Laishi","Villa Escolar","SATELITAL","91"
"34021060","FORMOSA","Laishi","Villa Escolar","WIRELESS","102"
"34028010","FORMOSA","Matacos","Ingeniero Guillermo N. Juárez","ADSL","87"
"34028010","FORMOSA","Matacos","Ingeniero Guillermo N. Juárez","CELULAR","3"
"34028010","FORMOSA","Matacos","Ingeniero Guillermo N. Juárez","SATELITAL","541"
"34028010","FORMOSA","Matacos","Ingeniero Guillermo N. Juárez","WIRELESS","255"
"0","FORMOSA","Matacos","Otros","SATELITAL","10.030"
"34035010","FORMOSA","Patiño","Bartolomé de las Casas","SATELITAL","12"
"34035010","FORMOSA","Patiño","Bartolomé de las Casas","WIRELESS","6"
"34035020","FORMOSA","Patiño","Colonia Sarmiento","SATELITAL","4"
"34035030","FORMOSA","Patiño","Comandante Fontana","FIBRA OPTICA","310"
"34035030","FORMOSA","Patiño","Comandante Fontana","SATELITAL","153"
"34035030","FORMOSA","Patiño","Comandante Fontana","WIRELESS","842"
"34035040","FORMOSA","Patiño","El Recreo","SATELITAL","12"
"34035050","FORMOSA","Patiño","Estanislao del Campo","ADSL","13"
"34035050","FORMOSA","Patiño","Estanislao del Campo","Otros","0"
"34035050","FORMOSA","Patiño","Estanislao del Campo","SATELITAL","65"
"34035050","FORMOSA","Patiño","Estanislao del Campo","WIRELESS","158"
"34035060","FORMOSA","Patiño","Fortín Cabo 1º Lugones","SATELITAL","34"
"34035060","FORMOSA","Patiño","Fortín Cabo 1º Lugones","WIRELESS","150"
"34035070","FORMOSA","Patiño","Fortín Sargento 1º Leyes","SATELITAL","21"
"34035070","FORMOSA","Patiño","Fortín Sargento 1º Leyes","WIRELESS","7"
"34035080","FORMOSA","Patiño","Ibarreta","ADSL","94"
"34035080","FORMOSA","Patiño","Ibarreta","SATELITAL","481"
"34035080","FORMOSA","Patiño","Ibarreta","WIRELESS","519"
"34035090","FORMOSA","Patiño","Juan G. Bazán","SATELITAL","13"
"34035090","FORMOSA","Patiño","Juan G. Bazán","WIRELESS","12"
"34035100","FORMOSA","Patiño","Las Lomitas","ADSL","245"
"34035100","FORMOSA","Patiño","Las Lomitas","FIBRA OPTICA","1.643"
"34035100","FORMOSA","Patiño","Las Lomitas","Otros","1"
"34035100","FORMOSA","Patiño","Las Lomitas","SATELITAL","1.052"
"34035100","FORMOSA","Patiño","Las Lomitas","WIRELESS","236"
"0","FORMOSA","Patiño","Otros","SATELITAL","304"
"0","FORMOSA","Patiño","OTROS","WIRELESS","44"
"34035110","FORMOSA","Patiño","Posta Cambio Zalazar","SATELITAL","45"
"34035110","FORMOSA","Patiño","Posta Cambio Zalazar","WIRELESS","58"
"34035120","FORMOSA","Patiño","Pozo del Tigre","ADSL","2"
"34035120","FORMOSA","Patiño","Pozo del Tigre","FIBRA OPTICA","200"
"34035120","FORMOSA","Patiño","Pozo del Tigre","SATELITAL","68"
"34035120","FORMOSA","Patiño","Pozo del Tigre","WIRELESS","190"
"34035130","FORMOSA","Patiño","San Martín I","SATELITAL","17"
"34035130","FORMOSA","Patiño","San Martín I","WIRELESS","6"
"34035140","FORMOSA","Patiño","San Martín II","FIBRA OPTICA","1"
"34035140","FORMOSA","Patiño","San Martín II","SATELITAL","50"
"34035140","FORMOSA","Patiño","San Martín II","WIRELESS","411"
"34035150","FORMOSA","Patiño","Subteniente Perín","SATELITAL","51"
"34035150","FORMOSA","Patiño","Subteniente Perín","WIRELESS","71"
"34035160","FORMOSA","Patiño","Villa General Güemes","FIBRA OPTICA","1"
"34035160","FORMOSA","Patiño","Villa General Güemes","SATELITAL","75"
"34035160","FORMOSA","Patiño","Villa General Güemes","WIRELESS","482"
"34035170","FORMOSA","Patiño","Villa General Manuel Belgrano","FIBRA OPTICA","1"
"34035170","FORMOSA","Patiño","Villa General Manuel Belgrano","SATELITAL","206"
"34035170","FORMOSA","Patiño","Villa General Manuel Belgrano","WIRELESS","453"
"34042010","FORMOSA","Pilagás","Buena Vista","FIBRA OPTICA","1"
"34042010","FORMOSA","Pilagás","Buena Vista","SATELITAL","101"
"34042010","FORMOSA","Pilagás","Buena Vista","WIRELESS","315"
"34042020","FORMOSA","Pilagás","El Espinillo","SATELITAL","105"
"34042020","FORMOSA","Pilagás","El Espinillo","WIRELESS","300"
"34042030","FORMOSA","Pilagás","Laguna Gallo","SATELITAL","78"
"34042030","FORMOSA","Pilagás","Laguna Gallo","WIRELESS","6"
"34042040","FORMOSA","Pilagás","Misión Tacaagle","SATELITAL","144"
"34042040","FORMOSA","Pilagás","Misión Tacaagle","WIRELESS","152"
"0","FORMOSA","Pilagás","Otros","SATELITAL","40"
"34042050","FORMOSA","Pilagás","Portón Negro","SATELITAL","48"
"34042060","FORMOSA","Pilagás","Tres Lagunas","ADSL","4"
"34042060","FORMOSA","Pilagás","Tres Lagunas","SATELITAL","145"
"34042060","FORMOSA","Pilagás","Tres Lagunas","WIRELESS","97"
"34049010","FORMOSA","Pilcomayo","Clorinda","ADSL","512"
"34049010","FORMOSA","Pilcomayo","Clorinda","CABLEMODEM","7"
"34049010","FORMOSA","Pilcomayo","Clorinda","FIBRA OPTICA","2.920"
"34049010","FORMOSA","Pilcomayo","Clorinda","Otros","15"
"34049010","FORMOSA","Pilcomayo","Clorinda","SATELITAL","1.608"
"34049010","FORMOSA","Pilcomayo","Clorinda","WIRELESS","91"
"34049020","FORMOSA","Pilcomayo","Laguna Blanca","ADSL","18"
"34049020","FORMOSA","Pilcomayo","Laguna Blanca","Otros","0"
"34049020","FORMOSA","Pilcomayo","Laguna Blanca","SATELITAL","302"
"34049020","FORMOSA","Pilcomayo","Laguna Blanca","WIRELESS","43"
"34049030","FORMOSA","Pilcomayo","Laguna Naick-Neck","ADSL","50"
"34049030","FORMOSA","Pilcomayo","Laguna Naick-Neck","Otros","0"
"34049030","FORMOSA","Pilcomayo","Laguna Naick-Neck","SATELITAL","384"
"34049030","FORMOSA","Pilcomayo","Laguna Naick-Neck","WIRELESS","352"
"0","FORMOSA","Pilcomayo","Otros","SATELITAL","95"
"34049040","FORMOSA","Pilcomayo","Palma Sola","SATELITAL","109"
"34049040","FORMOSA","Pilcomayo","Palma Sola","WIRELESS","18"
"34049050","FORMOSA","Pilcomayo","Puerto Pilcomayo","SATELITAL","22"
"34049050","FORMOSA","Pilcomayo","Puerto Pilcomayo","WIRELESS","3"
"34049060","FORMOSA","Pilcomayo","Riacho He-He","CELULAR","1"
"34049060","FORMOSA","Pilcomayo","Riacho He-He","FIBRA OPTICA","1"
"34049060","FORMOSA","Pilcomayo","Riacho He-He","Otros","0"
"34049060","FORMOSA","Pilcomayo","Riacho He-He","SATELITAL","233"
"34049060","FORMOSA","Pilcomayo","Riacho He-He","WIRELESS","415"
"34049070","FORMOSA","Pilcomayo","Riacho Negro","SATELITAL","34"
"34049070","FORMOSA","Pilcomayo","Riacho Negro","WIRELESS","3"
"34049080","FORMOSA","Pilcomayo","Siete Palmas","ADSL","17"
"34049080","FORMOSA","Pilcomayo","Siete Palmas","FIBRA OPTICA","1"
"34049080","FORMOSA","Pilcomayo","Siete Palmas","SATELITAL","144"
"34049080","FORMOSA","Pilcomayo","Siete Palmas","WIRELESS","82"
"34056010","FORMOSA","Pirané","Colonia Campo Villafañe","FIBRA OPTICA","52"
"34056010","FORMOSA","Pirané","Colonia Campo Villafañe","SATELITAL","173"
"34056010","FORMOSA","Pirané","Colonia Campo Villafañe","WIRELESS","58"
"34056020","FORMOSA","Pirané","El Colorado","ADSL","1.341"
"34056020","FORMOSA","Pirané","El Colorado","FIBRA OPTICA","461"
"34056020","FORMOSA","Pirané","El Colorado","Otros","2"
"34056020","FORMOSA","Pirané","El Colorado","SATELITAL","186"
"34056020","FORMOSA","Pirané","El Colorado","WIRELESS","632"
"0","FORMOSA","Pirané","Otros","SATELITAL","609"
"34056030","FORMOSA","Pirané","Palo Santo","CABLEMODEM","173"
"34056030","FORMOSA","Pirané","Palo Santo","SATELITAL","79"
"34056030","FORMOSA","Pirané","Palo Santo","WIRELESS","295"
"34056040","FORMOSA","Pirané","Pirané","FIBRA OPTICA","957"
"34056040","FORMOSA","Pirané","Pirané","Otros","100"
"34056040","FORMOSA","Pirané","Pirané","SATELITAL","332"
"34056040","FORMOSA","Pirané","Pirané","WIRELESS","514"
"34056050","FORMOSA","Pirané","Villa Kilómetro 213","FIBRA OPTICA","283"
"34056050","FORMOSA","Pirané","Villa Kilómetro 213","SATELITAL","96"
"34056050","FORMOSA","Pirané","Villa Kilómetro 213","WIRELESS","162"
"34063010","FORMOSA","Ramón Lista","El Potrillo","SATELITAL","174"
"34063010","FORMOSA","Ramón Lista","El Potrillo","WIRELESS","24"
"34063030","FORMOSA","Ramón Lista","El Quebracho","SATELITAL","47"
"34063030","FORMOSA","Ramón Lista","El Quebracho","WIRELESS","14"
"34063020","FORMOSA","Ramón Lista","General Mosconi","SATELITAL","152"
"34063020","FORMOSA","Ramón Lista","General Mosconi","WIRELESS","39"
"0","FORMOSA","Ramón Lista","OTROS","SATELITAL","471"
"38007010","JUJUY","Cochinoca","Abdón Castro Tolay","SATELITAL","22"
"38007030","JUJUY","Cochinoca","Abralaite","SATELITAL","5"
"38007020","JUJUY","Cochinoca","Abra Pampa","CABLEMODEM","1"
"38007020","JUJUY","Cochinoca","Abra Pampa","FIBRA OPTICA","4.313"
"38007020","JUJUY","Cochinoca","Abra Pampa","SATELITAL","153"
"38007020","JUJUY","Cochinoca","Abra Pampa","WIRELESS","60"
"38007035","JUJUY","Cochinoca","Agua de Castilla","SATELITAL","5"
"38007040","JUJUY","Cochinoca","Casabindo","SATELITAL","3"
"38007050","JUJUY","Cochinoca","Cochinoca","SATELITAL","9"
"38007055","JUJUY","Cochinoca","La Redonda","SATELITAL","1"
"0","JUJUY","Cochinoca","Otros","SATELITAL","60"
"38007060","JUJUY","Cochinoca","Puesto del Marquéz","FIBRA OPTICA","5"
"38007060","JUJUY","Cochinoca","Puesto del Marquéz","SATELITAL","3"
"38007063","JUJUY","Cochinoca","Quebraleña","SATELITAL","1"
"38007067","JUJUY","Cochinoca","Quera","SATELITAL","3"
"38007070","JUJUY","Cochinoca","Rinconadillas","SATELITAL","5"
"38007085","JUJUY","Cochinoca","Santa Ana de la Puna","SATELITAL","6"
"38007090","JUJUY","Cochinoca","Santuario de Tres Pozos","SATELITAL","46"
"38007095","JUJUY","Cochinoca","Tambillos","SATELITAL","4"
"38007100","JUJUY","Cochinoca","Tusaquillas","SATELITAL","1"
"38021065","JUJUY","Doctor Manuel Belgrano","Dr. Manuel Belgrano","FIBRA OPTICA","5"
"38021065","JUJUY","Doctor Manuel Belgrano","Dr. Manuel Belgrano","Otros","29.943"
"38021065","JUJUY","Doctor Manuel Belgrano","Dr. Manuel Belgrano","SATELITAL","33"
"38021065","JUJUY","Doctor Manuel Belgrano","Dr. Manuel Belgrano","WIRELESS","8"
"38021010","JUJUY","Doctor Manuel Belgrano","Guerrero","ADSL","8"
"38021010","JUJUY","Doctor Manuel Belgrano","Guerrero","SATELITAL","21"
"38021020","JUJUY","Doctor Manuel Belgrano","La Almona","SATELITAL","66"
"38021030","JUJUY","Doctor Manuel Belgrano","León","CABLEMODEM","504"
"38021030","JUJUY","Doctor Manuel Belgrano","León","SATELITAL","14"
"38021040","JUJUY","Doctor Manuel Belgrano","Lozano (Ap. Chañi)","SATELITAL","25"
"38021040","JUJUY","Doctor Manuel Belgrano","Lozano (Ap. Chañi)","WIRELESS","111"
"38021050","JUJUY","Doctor Manuel Belgrano","Ocloyas","SATELITAL","17"
"0","JUJUY","Doctor Manuel Belgrano","Otros","SATELITAL","23"
"38021050","JUJUY","Doctor Manuel Belgrano","San Pablo De Reyes","SATELITAL","15"
"38021060","JUJUY","Doctor Manuel Belgrano","San Salvador de Jujuy (Est. Jujuy)","ADSL","1.105"
"38021060","JUJUY","Doctor Manuel Belgrano","San Salvador de Jujuy (Est. Jujuy)","CABLEMODEM","22.767"
"38021060","JUJUY","Doctor Manuel Belgrano","San Salvador de Jujuy (Est. Jujuy)","CELULAR","97"
"38021060","JUJUY","Doctor Manuel Belgrano","San Salvador de Jujuy (Est. Jujuy)","FIBRA OPTICA","46.118"
"38021060","JUJUY","Doctor Manuel Belgrano","San Salvador de Jujuy (Est. Jujuy)","SATELITAL","1.526"
"38021060","JUJUY","Doctor Manuel Belgrano","San Salvador de Jujuy (Est. Jujuy)","WIRELESS","140"
"38021070","JUJUY","Doctor Manuel Belgrano","Yala","CELULAR","2"
"38021070","JUJUY","Doctor Manuel Belgrano","Yala","SATELITAL","90"
"38021070","JUJUY","Doctor Manuel Belgrano","Yala","WIRELESS","3"
"38014010","JUJUY","El Carmen","Aguas Calientes","SATELITAL","16"
"38014010","JUJUY","El Carmen","Aguas Calientes","WIRELESS","28"
"38014020","JUJUY","El Carmen","Barrio El Milagro","SATELITAL","18"
"38014030","JUJUY","El Carmen","Barrio La Unión","SATELITAL","11"
"38014040","JUJUY","El Carmen","El Carmen","ADSL","112"
"38014040","JUJUY","El Carmen","El Carmen","CABLEMODEM","149"
"38014040","JUJUY","El Carmen","El Carmen","CELULAR","20"
"38014040","JUJUY","El Carmen","El Carmen","FIBRA OPTICA","986"
"38014040","JUJUY","El Carmen","El Carmen","SATELITAL","171"
"38014040","JUJUY","El Carmen","El Carmen","WIRELESS","1"
"38014040","JUJUY","El Carmen","Fleming","SATELITAL","6"
"38014050","JUJUY","El Carmen","Los Lapachos (Est. Maquinista Verón)","SATELITAL","22"
"38014055","JUJUY","El Carmen","Loteo San Vicente","SATELITAL","27"
"38014060","JUJUY","El Carmen","Manantiales","SATELITAL","18"
"38014070","JUJUY","El Carmen","Monterrico","CABLEMODEM","857"
"38014070","JUJUY","El Carmen","Monterrico","FIBRA OPTICA","449"
"38014070","JUJUY","El Carmen","Monterrico","SATELITAL","114"
"38014070","JUJUY","El Carmen","Monterrico","WIRELESS","10"
"0","JUJUY","El Carmen","Otros","SATELITAL","2"
"38014080","JUJUY","El Carmen","Pampa Blanca","ADSL","28"
"38014080","JUJUY","El Carmen","Pampa Blanca","CABLEMODEM","397"
"38014080","JUJUY","El Carmen","Pampa Blanca","CELULAR","4"
"38014080","JUJUY","El Carmen","Pampa Blanca","SATELITAL","62"
"38014080","JUJUY","El Carmen","Pampa Blanca","WIRELESS","1"
"38014090","JUJUY","El Carmen","Perico","CABLEMODEM","1.222"
"38014090","JUJUY","El Carmen","Perico","CELULAR","2"
"38014090","JUJUY","El Carmen","Perico","FIBRA OPTICA","1.333"
"38014090","JUJUY","El Carmen","Perico","SATELITAL","232"
"38014090","JUJUY","El Carmen","Perico","WIRELESS","10"
"38014040","JUJUY","El Carmen","Pila Pardo","SATELITAL","1"
"38014100","JUJUY","El Carmen","Puesto Viejo","CABLEMODEM","113"
"38014100","JUJUY","El Carmen","Puesto Viejo","SATELITAL","26"
"38014110","JUJUY","El Carmen","San Isidro","SATELITAL","3"
"38014120","JUJUY","El Carmen","San Juancito","SATELITAL","19"
"38028003","JUJUY","Humahuaca","Aparzo","SATELITAL","7"
"38028007","JUJUY","Humahuaca","Cianzo","SATELITAL","8"
"38028010","JUJUY","Humahuaca","Coctaca","SATELITAL","13"
"38028020","JUJUY","Humahuaca","El Aguilar","SATELITAL","51"
"38028030","JUJUY","Humahuaca","Hipólito Yrigoyen (Est. Iturbe)","FIBRA OPTICA","5"
"38028030","JUJUY","Humahuaca","Hipólito Yrigoyen (Est. Iturbe)","SATELITAL","24"
"38028040","JUJUY","Humahuaca","Humahuaca","ADSL","205"
"38028040","JUJUY","Humahuaca","Humahuaca","CELULAR","17"
"38028040","JUJUY","Humahuaca","Humahuaca","SATELITAL","497"
"38028040","JUJUY","Humahuaca","Humahuaca","WIRELESS","331"
"0","JUJUY","Humahuaca","Otros","SATELITAL","21"
"38028043","JUJUY","Humahuaca","Palca de Aparzo","SATELITAL","3"
"38028045","JUJUY","Humahuaca","Palca de Varas","SATELITAL","8"
"38028047","JUJUY","Humahuaca","Rodero","SATELITAL","16"
"38028050","JUJUY","Humahuaca","Tres Cruces","FIBRA OPTICA","5"
"38028050","JUJUY","Humahuaca","Tres Cruces","SATELITAL","5"
"38028060","JUJUY","Humahuaca","Uquía (Est. Senador Pérez)","ADSL","2"
"38028060","JUJUY","Humahuaca","Uquía (Est. Senador Pérez)","FIBRA OPTICA","5"
"38028060","JUJUY","Humahuaca","Uquía (Est. Senador Pérez)","SATELITAL","30"
"38035010","JUJUY","Ledesma","Bananal","SATELITAL","8"
"38035030","JUJUY","Ledesma","Caimancito","ADSL","69"
"38035030","JUJUY","Ledesma","Caimancito","CELULAR","14"
"38035030","JUJUY","Ledesma","Caimancito","FIBRA OPTICA","400"
"38035030","JUJUY","Ledesma","Caimancito","SATELITAL","13"
"38035040","JUJUY","Ledesma","Calilegua","CABLEMODEM","500"
"38035040","JUJUY","Ledesma","Calilegua","FIBRA OPTICA","30"
"38035040","JUJUY","Ledesma","Calilegua","SATELITAL","28"
"38035040","JUJUY","Ledesma","Calilegua","WIRELESS","200"
"38035050","JUJUY","Ledesma","Chalicán","SATELITAL","8"
"38035050","JUJUY","Ledesma","Chalicán","WIRELESS","78"
"38035060","JUJUY","Ledesma","Fraile Pintado","ADSL","253"
"38035060","JUJUY","Ledesma","Fraile Pintado","CABLEMODEM","23"
"38035060","JUJUY","Ledesma","Fraile Pintado","CELULAR","44"
"38035060","JUJUY","Ledesma","Fraile Pintado","SATELITAL","55"
"38035060","JUJUY","Ledesma","Fraile Pintado","WIRELESS","121"
"38035080","JUJUY","Ledesma","Libertador General San Martín (Est. Ledesma)","ADSL","60"
"38035080","JUJUY","Ledesma","Libertador General San Martín (Est. Ledesma)","CABLEMODEM","6.065"
"38035080","JUJUY","Ledesma","Libertador General San Martín (Est. Ledesma)","CELULAR","1"
"38035080","JUJUY","Ledesma","Libertador General San Martín (Est. Ledesma)","FIBRA OPTICA","1.161"
"38035080","JUJUY","Ledesma","Libertador General San Martín (Est. Ledesma)","Otros","583"
"38035080","JUJUY","Ledesma","Libertador General San Martín (Est. Ledesma)","SATELITAL","107"
"38035080","JUJUY","Ledesma","Libertador General San Martín (Est. Ledesma)","WIRELESS","787"
"38035090","JUJUY","Ledesma","Maíz Negro","SATELITAL","4"
"0","JUJUY","Ledesma","Otros","SATELITAL","15"
"38035010","JUJUY","Ledesma","Pueblo Ledesma","SATELITAL","112"
"38035110","JUJUY","Ledesma","Yuto","FIBRA OPTICA","400"
"38035110","JUJUY","Ledesma","Yuto","SATELITAL","27"
"38035110","JUJUY","Ledesma","Yuto","WIRELESS","71"
"0","JUJUY","Otros","Otros","Otros","440"
"38042010","JUJUY","Palpalá","Carahunco","ADSL","1"
"38042010","JUJUY","Palpalá","Carahunco","SATELITAL","53"
"38042020","JUJUY","Palpalá","Centro Forestal","ADSL","15"
"38042020","JUJUY","Palpalá","Centro Forestal","SATELITAL","11"
"0","JUJUY","Palpalá","Otros","SATELITAL","13"
"38042040","JUJUY","Palpalá","Palpalá (Est. Gral. Manuel N. Savio)","ADSL","1.931"
"38042040","JUJUY","Palpalá","Palpalá (Est. Gral. Manuel N. Savio)","CABLEMODEM","1.458"
"38042040","JUJUY","Palpalá","Palpalá (Est. Gral. Manuel N. Savio)","FIBRA OPTICA","5.758"
"38042040","JUJUY","Palpalá","Palpalá (Est. Gral. Manuel N. Savio)","SATELITAL","169"
"38042040","JUJUY","Palpalá","Palpalá (Est. Gral. Manuel N. Savio)","WIRELESS","2"
"38042010","JUJUY","Palpalá","Rio Blanco","SATELITAL","31"
"38049003","JUJUY","Rinconada","Casa Colorada","SATELITAL","7"
"38049007","JUJUY","Rinconada","Coyaguaima","FIBRA OPTICA","5"
"38049007","JUJUY","Rinconada","Coyaguaima","SATELITAL","4"
"38049010","JUJUY","Rinconada","Lagunillas de Farallón","SATELITAL","18"
"38049020","JUJUY","Rinconada","Liviara","SATELITAL","25"
"38049025","JUJUY","Rinconada","Loma Blanca","SATELITAL","15"
"38049030","JUJUY","Rinconada","Nuevo Pirquitas","FIBRA OPTICA","5"
"38049030","JUJUY","Rinconada","Nuevo Pirquitas","SATELITAL","33"
"38049035","JUJUY","Rinconada","Orosmayo","FIBRA OPTICA","5"
"38049035","JUJUY","Rinconada","Orosmayo","SATELITAL","12"
"0","JUJUY","Rinconada","Otros","SATELITAL","111"
"38049040","JUJUY","Rinconada","Rinconada","SATELITAL","38"
"38056010","JUJUY","San Antonio","El Ceibal","SATELITAL","59"
"38056020","JUJUY","San Antonio","La Toma","SATELITAL","4"
"38056017","JUJUY","San Antonio","Los Alisos","ADSL","1"
"38056017","JUJUY","San Antonio","Los Alisos","SATELITAL","18"
"38056020","JUJUY","San Antonio","Loteo Navea","SATELITAL","29"
"38056025","JUJUY","San Antonio","Nuestra Señora del Rosario","SATELITAL","17"
"0","JUJUY","San Antonio","Otros","SATELITAL","4"
"38056030","JUJUY","San Antonio","San Antonio","ADSL","1"
"38056030","JUJUY","San Antonio","San Antonio","CABLEMODEM","170"
"38056030","JUJUY","San Antonio","San Antonio","SATELITAL","57"
"38063010","JUJUY","San Pedro","Arrayanal","SATELITAL","7"
"38063020","JUJUY","San Pedro","Arroyo Colorado","SATELITAL","8"
"38063030","JUJUY","San Pedro","Don Emilio","SATELITAL","4"
"38063030","JUJUY","San Pedro","Don Emilio","WIRELESS","37"
"38063040","JUJUY","San Pedro","El Acheral","SATELITAL","32"
"38063050","JUJUY","San Pedro","El Puesto","SATELITAL","9"
"38063060","JUJUY","San Pedro","El Quemado","SATELITAL","16"
"38063070","JUJUY","San Pedro","La Esperanza","SATELITAL","35"
"38063070","JUJUY","San Pedro","La Esperanza","WIRELESS","15"
"38063090","JUJUY","San Pedro","La Mendieta","CELULAR","2"
"38063090","JUJUY","San Pedro","La Mendieta","SATELITAL","45"
"38063090","JUJUY","San Pedro","La Mendieta","WIRELESS","240"
"38063100","JUJUY","San Pedro","Miraflores","SATELITAL","1"
"0","JUJUY","San Pedro","Otros","SATELITAL","27"
"38063110","JUJUY","San Pedro","Palos Blancos","SATELITAL","4"
"38063120","JUJUY","San Pedro","Parapetí","SATELITAL","51"
"38063130","JUJUY","San Pedro","Piedritas","SATELITAL","17"
"38063140","JUJUY","San Pedro","Rodeito","SATELITAL","14"
"38063150","JUJUY","San Pedro","Rosario de Río Grande","SATELITAL","9"
"38063150","JUJUY","San Pedro","Rosario de Río Grande","WIRELESS","54"
"38063170","JUJUY","San Pedro","San Lucas","SATELITAL","264"
"38063170","JUJUY","San Pedro","San Lucas","WIRELESS","10"
"38063180","JUJUY","San Pedro","San Pedro (Est. San Pedro de Jujuy)","ADSL","361"
"38063180","JUJUY","San Pedro","San Pedro (Est. San Pedro de Jujuy)","CABLEMODEM","395"
"38063180","JUJUY","San Pedro","San Pedro (Est. San Pedro de Jujuy)","CELULAR","35"
"38063180","JUJUY","San Pedro","San Pedro (Est. San Pedro de Jujuy)","FIBRA OPTICA","12.368"
"38063180","JUJUY","San Pedro","San Pedro (Est. San Pedro de Jujuy)","SATELITAL","2"
"38063180","JUJUY","San Pedro","San Pedro (Est. San Pedro de Jujuy)","WIRELESS","74"
"38063190","JUJUY","San Pedro","Sauzal","SATELITAL","12"
"38070010","JUJUY","SANTA BARBARA","El Fuerte","SATELITAL","71"
"38070020","JUJUY","SANTA BARBARA","El Piquete","ADSL","36"
"38070020","JUJUY","SANTA BARBARA","El Piquete","CELULAR","4"
"38070020","JUJUY","SANTA BARBARA","El Piquete","SATELITAL","19"
"38070020","JUJUY","SANTA BARBARA","El Piquete","WIRELESS","29"
"38070030","JUJUY","SANTA BARBARA","El Talar","FIBRA OPTICA","4"
"38070030","JUJUY","SANTA BARBARA","El Talar","SATELITAL","6"
"38070030","JUJUY","SANTA BARBARA","El Talar","WIRELESS","142"
"0","JUJUY","SANTA BARBARA","OTROS","SATELITAL","57"
"38070040","JUJUY","SANTA BARBARA","Palma Sola","FIBRA OPTICA","248"
"38070040","JUJUY","SANTA BARBARA","Palma Sola","SATELITAL","349"
"38070040","JUJUY","SANTA BARBARA","Palma Sola","WIRELESS","115"
"38070050","JUJUY","SANTA BARBARA","Puente Lavayén","SATELITAL","6"
"38070060","JUJUY","SANTA BARBARA","Santa Clara","ADSL","41"
"38070060","JUJUY","SANTA BARBARA","Santa Clara","CELULAR","10"
"38070060","JUJUY","SANTA BARBARA","Santa Clara","FIBRA OPTICA","1"
"38070060","JUJUY","SANTA BARBARA","Santa Clara","SATELITAL","41"
"38070060","JUJUY","SANTA BARBARA","Santa Clara","WIRELESS","87"
"38070070","JUJUY","SANTA BARBARA","Vinalito","SATELITAL","8"
"38070070","JUJUY","SANTA BARBARA","Vinalito","WIRELESS","73"
"38077010","JUJUY","Santa Catalina","Casira","FIBRA OPTICA","5"
"38077010","JUJUY","Santa Catalina","Casira","SATELITAL","2"
"38077020","JUJUY","Santa Catalina","Ciénega","FIBRA OPTICA","5"
"38077020","JUJUY","Santa Catalina","Ciénega","SATELITAL","7"
"38077030","JUJUY","Santa Catalina","Cieneguillas","FIBRA OPTICA","5"
"38077030","JUJUY","Santa Catalina","Cieneguillas","SATELITAL","1"
"38077040","JUJUY","Santa Catalina","Cusi Cusi","FIBRA OPTICA","5"
"38077040","JUJUY","Santa Catalina","Cusi Cusi","SATELITAL","8"
"38077045","JUJUY","Santa Catalina","El Angosto","SATELITAL","8"
"38077050","JUJUY","Santa Catalina","La Ciénega","SATELITAL","21"
"38077060","JUJUY","Santa Catalina","Misarrumi","SATELITAL","11"
"38077070","JUJUY","Santa Catalina","Oratorio","FIBRA OPTICA","5"
"38077070","JUJUY","Santa Catalina","Oratorio","SATELITAL","6"
"0","JUJUY","Santa Catalina","Otros","SATELITAL","12"
"38077080","JUJUY","Santa Catalina","Paicone","FIBRA OPTICA","5"
"38077080","JUJUY","Santa Catalina","Paicone","SATELITAL","2"
"38077100","JUJUY","Santa Catalina","Santa Catalina","FIBRA OPTICA","5"
"38077100","JUJUY","Santa Catalina","Santa Catalina","SATELITAL","11"
"38077110","JUJUY","Santa Catalina","Yoscaba","SATELITAL","2"
"38084010","JUJUY","Susques","Catua","FIBRA OPTICA","70"
"38084010","JUJUY","Susques","Catua","SATELITAL","55"
"38084020","JUJUY","Susques","Coranzuli","FIBRA OPTICA","40"
"38084020","JUJUY","Susques","Coranzuli","SATELITAL","28"
"38084030","JUJUY","Susques","El Toro","FIBRA OPTICA","21"
"38084030","JUJUY","Susques","El Toro","SATELITAL","15"
"38084040","JUJUY","Susques","Huáncar","FIBRA OPTICA","27"
"38084040","JUJUY","Susques","Huáncar","SATELITAL","5"
"38084040","JUJUY","Susques","Huáncar","WIRELESS","28"
"38084045","JUJUY","Susques","Jama","FIBRA OPTICA","26"
"38084045","JUJUY","Susques","Jama","SATELITAL","67"
"38084050","JUJUY","Susques","Mina Providencia","FIBRA OPTICA","5"
"38084050","JUJUY","Susques","Mina Providencia","SATELITAL","4"
"38084055","JUJUY","Susques","Olacapato","FIBRA OPTICA","8"
"38084055","JUJUY","Susques","Olacapato","SATELITAL","15"
"38084060","JUJUY","Susques","Olaroz Chico","FIBRA OPTICA","32"
"38084060","JUJUY","Susques","Olaroz Chico","SATELITAL","30"
"38084060","JUJUY","Susques","Olaroz Chico","WIRELESS","3"
"0","JUJUY","Susques","Otros","SATELITAL","22"
"38084070","JUJUY","Susques","Pastos Chicos","FIBRA OPTICA","22"
"38084070","JUJUY","Susques","Pastos Chicos","SATELITAL","13"
"38084080","JUJUY","Susques","Puesto Sey","FIBRA OPTICA","20"
"38084080","JUJUY","Susques","Puesto Sey","SATELITAL","29"
"38084090","JUJUY","Susques","San Juan de Quillaqués","FIBRA OPTICA","11"
"38084090","JUJUY","Susques","San Juan de Quillaqués","SATELITAL","5"
"38084100","JUJUY","Susques","Susques","FIBRA OPTICA","241"
"38084100","JUJUY","Susques","Susques","SATELITAL","120"
"38084100","JUJUY","Susques","Susques","WIRELESS","183"
"38094010","JUJUY","Tilcara","Colonia San José","SATELITAL","12"
"38094020","JUJUY","Tilcara","Huacalera","FIBRA OPTICA","5"
"38094020","JUJUY","Tilcara","Huacalera","SATELITAL","45"
"38094030","JUJUY","Tilcara","Juella","SATELITAL","54"
"38094040","JUJUY","Tilcara","Maimará","FIBRA OPTICA","5"
"38094040","JUJUY","Tilcara","Maimará","SATELITAL","193"
"38094040","JUJUY","Tilcara","Maimará","WIRELESS","78"
"0","JUJUY","Tilcara","Otros","SATELITAL","11"
"38094050","JUJUY","Tilcara","Tilcara","FIBRA OPTICA","10"
"38094050","JUJUY","Tilcara","Tilcara","SATELITAL","341"
"38094050","JUJUY","Tilcara","Tilcara","WIRELESS","375"
"38098010","JUJUY","Tumbaya","Bárcena","SATELITAL","23"
"38098010","JUJUY","Tumbaya","Bárcena","WIRELESS","111"
"38098020","JUJUY","Tumbaya","El Moreno","SATELITAL","28"
"0","JUJUY","Tumbaya","Otros","SATELITAL","54"
"38098025","JUJUY","Tumbaya","Puerta de Colorados","SATELITAL","4"
"38098030","JUJUY","Tumbaya","Purmamarca","ADSL","10"
"38098030","JUJUY","Tumbaya","Purmamarca","CELULAR","3"
"38098030","JUJUY","Tumbaya","Purmamarca","SATELITAL","148"
"38098040","JUJUY","Tumbaya","Tumbaya","SATELITAL","19"
"38098040","JUJUY","Tumbaya","Tumbaya","WIRELESS","343"
"38098050","JUJUY","Tumbaya","Volcán","SATELITAL","22"
"38098050","JUJUY","Tumbaya","Volcán","WIRELESS","93"
"38105010","JUJUY","Valle Grande","Caspalá","SATELITAL","18"
"38105020","JUJUY","Valle Grande","Pampichuela","SATELITAL","23"
"38105030","JUJUY","Valle Grande","San Francisco","SATELITAL","39"
"38105040","JUJUY","Valle Grande","Santa Ana","SATELITAL","26"
"38105050","JUJUY","Valle Grande","Valle Colorado","SATELITAL","7"
"38105060","JUJUY","Valle Grande","Valle Grande","SATELITAL","36"
"38112010","JUJUY","Yavi","Barrios","FIBRA OPTICA","5"
"38112010","JUJUY","Yavi","Barrios","SATELITAL","4"
"38112020","JUJUY","Yavi","Cangrejillos","FIBRA OPTICA","5"
"38112020","JUJUY","Yavi","Cangrejillos","SATELITAL","3"
"38112030","JUJUY","Yavi","El Cóndor","SATELITAL","18"
"38112040","JUJUY","Yavi","La Intermedia","FIBRA OPTICA","5"
"38112040","JUJUY","Yavi","La Intermedia","SATELITAL","2"
"38112050","JUJUY","Yavi","La Quiaca","ADSL","660"
"38112050","JUJUY","Yavi","La Quiaca","FIBRA OPTICA","76"
"38112050","JUJUY","Yavi","La Quiaca","Otros","5"
"38112050","JUJUY","Yavi","La Quiaca","SATELITAL","814"
"38112050","JUJUY","Yavi","La Quiaca","WIRELESS","1"
"0","JUJUY","Yavi","Otros","SATELITAL","6"
"38112070","JUJUY","Yavi","Pumahuasi","FIBRA OPTICA","5"
"38112070","JUJUY","Yavi","Pumahuasi","SATELITAL","5"
"38112040","JUJUY","Yavi","San Jose","SATELITAL","2"
"38112080","JUJUY","Yavi","Yavi","SATELITAL","5"
"38112090","JUJUY","Yavi","Yavi Chico","FIBRA OPTICA","5"
"38112090","JUJUY","Yavi","Yavi Chico","SATELITAL","5"
"42007010","LA PAMPA","Atreucó","Doblas","CABLEMODEM","222"
"42007010","LA PAMPA","Atreucó","Doblas","FIBRA OPTICA","11"
"42007010","LA PAMPA","Atreucó","Doblas","Otros","86"
"42007010","LA PAMPA","Atreucó","Doblas","SATELITAL","67"
"42007010","LA PAMPA","Atreucó","Doblas","WIRELESS","112"
"42007020","LA PAMPA","Atreucó","Macachín","FIBRA OPTICA","1.421"
"42007020","LA PAMPA","Atreucó","Macachín","SATELITAL","189"
"42007020","LA PAMPA","Atreucó","Macachín","WIRELESS","617"
"42007030","LA PAMPA","Atreucó","Miguel Riglos","FIBRA OPTICA","3"
"42007030","LA PAMPA","Atreucó","Miguel Riglos","SATELITAL","122"
"42007030","LA PAMPA","Atreucó","Miguel Riglos","WIRELESS","115"
"0","LA PAMPA","Atreucó","Otros","SATELITAL","40"
"42007040","LA PAMPA","Atreucó","Rolón","SATELITAL","23"
"42007040","LA PAMPA","Atreucó","Rolón","WIRELESS","78"
"42007050","LA PAMPA","Atreucó","Tomas M. Anchorena","DIAL UP","1"
"42007050","LA PAMPA","Atreucó","Tomas M. Anchorena","SATELITAL","22"
"42007050","LA PAMPA","Atreucó","Tomas M. Anchorena","WIRELESS","5"
"42014010","LA PAMPA","Caleu Caleu","Anzoategui","Otros","1"
"42014010","LA PAMPA","Caleu Caleu","Anzoategui","SATELITAL","10"
"42014020","LA PAMPA","Caleu Caleu","La Adela","CABLEMODEM","267"
"42014020","LA PAMPA","Caleu Caleu","La Adela","FIBRA OPTICA","114"
"42014020","LA PAMPA","Caleu Caleu","La Adela","SATELITAL","100"
"42014020","LA PAMPA","Caleu Caleu","La Adela","WIRELESS","554"
"0","LA PAMPA","Caleu Caleu","Otros","SATELITAL","9.264"
"42021010","LA PAMPA","Capital","Anguil","CABLEMODEM","138"
"42021010","LA PAMPA","Capital","Anguil","FIBRA OPTICA","485"
"42021010","LA PAMPA","Capital","Anguil","Otros","65"
"42021010","LA PAMPA","Capital","Anguil","SATELITAL","88"
"42021010","LA PAMPA","Capital","Anguil","WIRELESS","299"
"0","LA PAMPA","Capital","Otros","SATELITAL","65"
"42021020","LA PAMPA","Capital","Santa Rosa","ADSL","494"
"42021020","LA PAMPA","Capital","Santa Rosa","CABLEMODEM","37.254"
"42021020","LA PAMPA","Capital","Santa Rosa","CELULAR","2"
"42021020","LA PAMPA","Capital","Santa Rosa","DIAL UP","57"
"42021020","LA PAMPA","Capital","Santa Rosa","FIBRA OPTICA","14.991"
"42021020","LA PAMPA","Capital","Santa Rosa","SATELITAL","2.026"
"42021020","LA PAMPA","Capital","Santa Rosa","WIRELESS","337"
"42028010","LA PAMPA","Catriló","Catriló","CABLEMODEM","541"
"42028010","LA PAMPA","Catriló","Catriló","DIAL UP","1"
"42028010","LA PAMPA","Catriló","Catriló","FIBRA OPTICA","751"
"42028010","LA PAMPA","Catriló","Catriló","Otros","327"
"42028010","LA PAMPA","Catriló","Catriló","SATELITAL","144"
"42028020","LA PAMPA","Catriló","La Gloria","Otros","24"
"42028020","LA PAMPA","Catriló","La Gloria","SATELITAL","16"
"42028030","LA PAMPA","Catriló","Lonquimay","CABLEMODEM","278"
"42028030","LA PAMPA","Catriló","Lonquimay","FIBRA OPTICA","1"
"42028030","LA PAMPA","Catriló","Lonquimay","Otros","71"
"42028030","LA PAMPA","Catriló","Lonquimay","SATELITAL","112"
"0","LA PAMPA","Catriló","Otros","SATELITAL","30"
"42028040","LA PAMPA","Catriló","Uriburu","CABLEMODEM","90"
"42028040","LA PAMPA","Catriló","Uriburu","FIBRA OPTICA","1"
"42028040","LA PAMPA","Catriló","Uriburu","Otros","94"
"42028040","LA PAMPA","Catriló","Uriburu","SATELITAL","50"
"42028040","LA PAMPA","Catriló","Uriburu","WIRELESS","115"
"0","LA PAMPA","Chalileo","Otros","SATELITAL","54"
"42049010","LA PAMPA","Chalileo","Santa Isabel","DIAL UP","2"
"42049010","LA PAMPA","Chalileo","Santa Isabel","FIBRA OPTICA","219"
"42049010","LA PAMPA","Chalileo","Santa Isabel","SATELITAL","359"
"42049010","LA PAMPA","Chalileo","Santa Isabel","WIRELESS","567"
"42056010","LA PAMPA","Chapaleufú","Bernardo Larroude","DIAL UP","1"
"42056010","LA PAMPA","Chapaleufú","Bernardo Larroude","FIBRA OPTICA","334"
"42056010","LA PAMPA","Chapaleufú","Bernardo Larroude","SATELITAL","57"
"42056010","LA PAMPA","Chapaleufú","Bernardo Larroude","WIRELESS","324"
"42056020","LA PAMPA","Chapaleufú","Ceballos","FIBRA OPTICA","1"
"42056020","LA PAMPA","Chapaleufú","Ceballos","SATELITAL","32"
"42056020","LA PAMPA","Chapaleufú","Ceballos","WIRELESS","88"
"42056030","LA PAMPA","Chapaleufú","Coronel Hilario Lagos (Est. Aguas Buenas)","FIBRA OPTICA","162"
"42056030","LA PAMPA","Chapaleufú","Coronel Hilario Lagos (Est. Aguas Buenas)","SATELITAL","45"
"42056030","LA PAMPA","Chapaleufú","Coronel Hilario Lagos (Est. Aguas Buenas)","WIRELESS","67"
"42056040","LA PAMPA","Chapaleufú","Intendente Alvear","ADSL","17"
"42056040","LA PAMPA","Chapaleufú","Intendente Alvear","CABLEMODEM","613"
"42056040","LA PAMPA","Chapaleufú","Intendente Alvear","DIAL UP","1"
"42056040","LA PAMPA","Chapaleufú","Intendente Alvear","FIBRA OPTICA","870"
"42056040","LA PAMPA","Chapaleufú","Intendente Alvear","Otros","1"
"42056040","LA PAMPA","Chapaleufú","Intendente Alvear","SATELITAL","253"
"42056040","LA PAMPA","Chapaleufú","Intendente Alvear","WIRELESS","159"
"0","LA PAMPA","Chapaleufú","Otros","SATELITAL","31"
"42056050","LA PAMPA","Chapaleufú","Sarah","SATELITAL","5"
"42056050","LA PAMPA","Chapaleufú","Sarah","WIRELESS","21"
"42056060","LA PAMPA","Chapaleufú","Vértiz","SATELITAL","17"
"42056060","LA PAMPA","Chapaleufú","Vértiz","WIRELESS","107"
"42063010","LA PAMPA","Chical Co","Algarrobo del Águila","SATELITAL","32"
"42063020","LA PAMPA","Chical Co","La Humada","SATELITAL","73"
"42063020","LA PAMPA","Chical Co","La Humada","WIRELESS","125"
"0","LA PAMPA","Chical Co","Otros","SATELITAL","63"
"42035010","LA PAMPA","Conhelo","Conhelo","SATELITAL","24"
"42035010","LA PAMPA","Conhelo","Conhelo","WIRELESS","46"
"42035020","LA PAMPA","Conhelo","Eduardo Castex","ADSL","934"
"42035020","LA PAMPA","Conhelo","Eduardo Castex","CABLEMODEM","1.341"
"42035020","LA PAMPA","Conhelo","Eduardo Castex","FIBRA OPTICA","1.208"
"42035020","LA PAMPA","Conhelo","Eduardo Castex","SATELITAL","262"
"42035020","LA PAMPA","Conhelo","Eduardo Castex","WIRELESS","108"
"42035030","LA PAMPA","Conhelo","Mauricio Mayer","SATELITAL","36"
"42035030","LA PAMPA","Conhelo","Mauricio Mayer","WIRELESS","30"
"42035040","LA PAMPA","Conhelo","Monte Nievas","SATELITAL","31"
"42035040","LA PAMPA","Conhelo","Monte Nievas","WIRELESS","45"
"0","LA PAMPA","Conhelo","Otros","SATELITAL","111"
"42035050","LA PAMPA","Conhelo","Rucanelo","FIBRA OPTICA","1"
"42035050","LA PAMPA","Conhelo","Rucanelo","SATELITAL","26"
"42035050","LA PAMPA","Conhelo","Rucanelo","WIRELESS","33"
"42035060","LA PAMPA","Conhelo","Winifreda","CABLEMODEM","192"
"42035060","LA PAMPA","Conhelo","Winifreda","FIBRA OPTICA","693"
"42035060","LA PAMPA","Conhelo","Winifreda","Otros","2"
"42035060","LA PAMPA","Conhelo","Winifreda","SATELITAL","172"
"42035060","LA PAMPA","Conhelo","Winifreda","WIRELESS","195"
"42042010","LA PAMPA","Curacó","Gobernador Duval","SATELITAL","26"
"42042010","LA PAMPA","Curacó","Gobernador Duval","WIRELESS","8"
"0","LA PAMPA","Curacó","Otros","SATELITAL","31"
"42042020","LA PAMPA","Curacó","Puelches","SATELITAL","54"
"42042020","LA PAMPA","Curacó","Puelches","WIRELESS","89"
"42070010","LA PAMPA","Guatraché","Alpachiri","ADSL","639"
"42070010","LA PAMPA","Guatraché","Alpachiri","FIBRA OPTICA","2"
"42070010","LA PAMPA","Guatraché","Alpachiri","SATELITAL","128"
"42070020","LA PAMPA","Guatraché","General Manuel J. Campos","FIBRA OPTICA","730"
"42070020","LA PAMPA","Guatraché","General Manuel J. Campos","SATELITAL","50"
"42070020","LA PAMPA","Guatraché","General Manuel J. Campos","WIRELESS","426"
"42070030","LA PAMPA","Guatraché","Guatraché","CABLEMODEM","239"
"42070030","LA PAMPA","Guatraché","Guatraché","FIBRA OPTICA","506"
"42070030","LA PAMPA","Guatraché","Guatraché","SATELITAL","169"
"42070030","LA PAMPA","Guatraché","Guatraché","WIRELESS","561"
"0","LA PAMPA","Guatraché","Otros","SATELITAL","73"
"42070040","LA PAMPA","Guatraché","Perú","FIBRA OPTICA","25"
"42070040","LA PAMPA","Guatraché","Perú","SATELITAL","7"
"42070040","LA PAMPA","Guatraché","Perú","WIRELESS","20"
"42070050","LA PAMPA","Guatraché","Santa Teresa","FIBRA OPTICA","506"
"42070050","LA PAMPA","Guatraché","Santa Teresa","SATELITAL","16"
"42070050","LA PAMPA","Guatraché","Santa Teresa","WIRELESS","284"
"42077010","LA PAMPA","Hucal","Abramo","FIBRA OPTICA","1"
"42077010","LA PAMPA","Hucal","Abramo","SATELITAL","24"
"42077010","LA PAMPA","Hucal","Abramo","WIRELESS","30"
"42077020","LA PAMPA","Hucal","Bernasconi","ADSL","14"
"42077020","LA PAMPA","Hucal","Bernasconi","FIBRA OPTICA","102"
"42077020","LA PAMPA","Hucal","Bernasconi","SATELITAL","119"
"42077020","LA PAMPA","Hucal","Bernasconi","WIRELESS","598"
"42077030","LA PAMPA","Hucal","General San Martín (Est. Villa Alba)","FIBRA OPTICA","1"
"42077030","LA PAMPA","Hucal","General San Martín (Est. Villa Alba)","SATELITAL","103"
"42077030","LA PAMPA","Hucal","General San Martín (Est. Villa Alba)","WIRELESS","826"
"42077040","LA PAMPA","Hucal","Hucal","SATELITAL","6"
"42077050","LA PAMPA","Hucal","Jacinto Arauz","FIBRA OPTICA","828"
"42077050","LA PAMPA","Hucal","Jacinto Arauz","SATELITAL","88"
"42077050","LA PAMPA","Hucal","Jacinto Arauz","WIRELESS","86"
"0","LA PAMPA","Hucal","Otros","SATELITAL","52"
"42084010","LA PAMPA","Lihuel Calel","Cuchillo Co","FIBRA OPTICA","1"
"42084010","LA PAMPA","Lihuel Calel","Cuchillo Co","SATELITAL","47"
"0","LA PAMPA","Lihuel Calel","Otros","SATELITAL","370"
"42091010","LA PAMPA","Limay Mahuida","La Reforma","SATELITAL","30"
"42091010","LA PAMPA","Limay Mahuida","La Reforma","WIRELESS","42"
"42091020","LA PAMPA","Limay Mahuida","Limay Mahuida","SATELITAL","20"
"42091020","LA PAMPA","Limay Mahuida","Limay Mahuida","WIRELESS","22"
"0","LA PAMPA","Limay Mahuida","Otros","SATELITAL","39"
"42098010","LA PAMPA","Loventué","Carro Quemado","FIBRA OPTICA","1"
"42098010","LA PAMPA","Loventué","Carro Quemado","SATELITAL","27"
"42098010","LA PAMPA","Loventué","Carro Quemado","WIRELESS","55"
"42098020","LA PAMPA","Loventué","Loventué","FIBRA OPTICA","1"
"42098020","LA PAMPA","Loventué","Loventué","SATELITAL","13"
"42098030","LA PAMPA","Loventué","Luan Toro","SATELITAL","32"
"42098030","LA PAMPA","Loventué","Luan Toro","WIRELESS","71"
"0","LA PAMPA","Loventué","Otros","SATELITAL","126"
"42098040","LA PAMPA","Loventué","Telén","FIBRA OPTICA","1"
"42098040","LA PAMPA","Loventué","Telén","SATELITAL","41"
"42098040","LA PAMPA","Loventué","Telén","WIRELESS","200"
"42098050","LA PAMPA","Loventué","Victorica","FIBRA OPTICA","2"
"42098050","LA PAMPA","Loventué","Victorica","SATELITAL","263"
"42098050","LA PAMPA","Loventué","Victorica","WIRELESS","487"
"42105010","LA PAMPA","Maracó","Agustoni","SATELITAL","35"
"42105010","LA PAMPA","Maracó","Agustoni","WIRELESS","29"
"42105020","LA PAMPA","Maracó","Dorila","FIBRA OPTICA","1"
"42105020","LA PAMPA","Maracó","Dorila","SATELITAL","38"
"42105020","LA PAMPA","Maracó","Dorila","WIRELESS","53"
"42105030","LA PAMPA","Maracó","General Pico","ADSL","948"
"42105030","LA PAMPA","Maracó","General Pico","CABLEMODEM","1"
"42105030","LA PAMPA","Maracó","General Pico","DIAL UP","77"
"42105030","LA PAMPA","Maracó","General Pico","FIBRA OPTICA","20.112"
"42105030","LA PAMPA","Maracó","General Pico","SATELITAL","1.258"
"42105030","LA PAMPA","Maracó","General Pico","WIRELESS","3.017"
"0","LA PAMPA","Maracó","Otros","SATELITAL","49"
"42105040","LA PAMPA","Maracó","Speluzzi","FIBRA OPTICA","1"
"42105040","LA PAMPA","Maracó","Speluzzi","SATELITAL","35"
"42105040","LA PAMPA","Maracó","Speluzzi","WIRELESS","41"
"42105050","LA PAMPA","Maracó","Trebolares","SATELITAL","22"
"42112020","LA PAMPA","Puelén","25 de Mayo","FIBRA OPTICA","1.334"
"42112020","LA PAMPA","Puelén","25 de Mayo","SATELITAL","542"
"42112020","LA PAMPA","Puelén","25 de Mayo","WIRELESS","1.029"
"42112005","LA PAMPA","Puelén","Casa de Piedra","SATELITAL","68"
"42112005","LA PAMPA","Puelén","Casa De Piedra","WIRELESS","46"
"0","LA PAMPA","Puelén","Otros","SATELITAL","84"
"42112010","LA PAMPA","Puelén","Puelén","DIAL UP","1"
"42112010","LA PAMPA","Puelén","Puelén","SATELITAL","38"
"42112010","LA PAMPA","Puelén","Puelén","WIRELESS","137"
"42119010","LA PAMPA","Quemú Quemú","Colonia Barón","DIAL UP","2"
"42119010","LA PAMPA","Quemú Quemú","Colonia Barón","FIBRA OPTICA","550"
"42119010","LA PAMPA","Quemú Quemú","Colonia Barón","SATELITAL","80"
"42119010","LA PAMPA","Quemú Quemú","Colonia Barón","WIRELESS","90"
"42119020","LA PAMPA","Quemú Quemú","Colonia San José","SATELITAL","8"
"42119030","LA PAMPA","Quemú Quemú","Miguel Cané","FIBRA OPTICA","208"
"42119030","LA PAMPA","Quemú Quemú","Miguel Cané","Otros","105"
"42119030","LA PAMPA","Quemú Quemú","Miguel Cané","SATELITAL","34"
"42119030","LA PAMPA","Quemú Quemú","Miguel Cané","WIRELESS","1"
"0","LA PAMPA","Quemú Quemú","Otros","SATELITAL","22"
"42119040","LA PAMPA","Quemú Quemú","Quemú Quemú","DIAL UP","1"
"42119040","LA PAMPA","Quemú Quemú","Quemú Quemú","FIBRA OPTICA","1.147"
"42119040","LA PAMPA","Quemú Quemú","Quemú Quemú","Otros","113"
"42119040","LA PAMPA","Quemú Quemú","Quemú Quemú","SATELITAL","232"
"42119040","LA PAMPA","Quemú Quemú","Quemú Quemú","WIRELESS","146"
"42119050","LA PAMPA","Quemú Quemú","Relmo","FIBRA OPTICA","29"
"42119050","LA PAMPA","Quemú Quemú","Relmo","Otros","26"
"42119050","LA PAMPA","Quemú Quemú","Relmo","SATELITAL","11"
"42119060","LA PAMPA","Quemú Quemú","Villa Mirasol","SATELITAL","17"
"42119060","LA PAMPA","Quemú Quemú","Villa Mirasol","WIRELESS","169"
"42126010","LA PAMPA","Rancul","Caleufú","FIBRA OPTICA","1.105"
"42126010","LA PAMPA","Rancul","Caleufú","SATELITAL","58"
"42126020","LA PAMPA","Rancul","Ingeniero Foster","SATELITAL","5"
"42126030","LA PAMPA","Rancul","La Maruja","SATELITAL","31"
"0","LA PAMPA","Rancul","Otros","SATELITAL","85"
"42126040","LA PAMPA","Rancul","Parera","FIBRA OPTICA","618"
"42126040","LA PAMPA","Rancul","Parera","SATELITAL","46"
"42126040","LA PAMPA","Rancul","Parera","WIRELESS","211"
"42126050","LA PAMPA","Rancul","Pichi Huinca","FIBRA OPTICA","1"
"42126050","LA PAMPA","Rancul","Pichi Huinca","SATELITAL","15"
"42126060","LA PAMPA","Rancul","Quetrequén","FIBRA OPTICA","1"
"42126060","LA PAMPA","Rancul","Quetrequén","SATELITAL","23"
"42126060","LA PAMPA","Rancul","Quetrequén","WIRELESS","187"
"42126070","LA PAMPA","Rancul","Rancul","FIBRA OPTICA","498"
"42126070","LA PAMPA","Rancul","Rancul","SATELITAL","185"
"42126070","LA PAMPA","Rancul","Rancul","WIRELESS","489"
"42133010","LA PAMPA","Realicó","Adolfo Van Praet","CABLEMODEM","6"
"42133010","LA PAMPA","Realicó","Adolfo Van Praet","FIBRA OPTICA","132"
"42133010","LA PAMPA","Realicó","Adolfo Van Praet","SATELITAL","12"
"42133010","LA PAMPA","Realicó","Adolfo Van Praet","WIRELESS","33"
"42133020","LA PAMPA","Realicó","Alta Italia","SATELITAL","58"
"42133020","LA PAMPA","Realicó","Alta Italia","WIRELESS","463"
"42133030","LA PAMPA","Realicó","Damián Maisonave (Est. Simson)","FIBRA OPTICA","2"
"42133030","LA PAMPA","Realicó","Damián Maisonave (Est. Simson)","SATELITAL","19"
"42133030","LA PAMPA","Realicó","Damián Maisonave (Est. Simson)","WIRELESS","136"
"42133040","LA PAMPA","Realicó","Embajador Martini","FIBRA OPTICA","293"
"42133040","LA PAMPA","Realicó","Embajador Martini","SATELITAL","61"
"42133040","LA PAMPA","Realicó","Embajador Martini","WIRELESS","280"
"42133050","LA PAMPA","Realicó","Falucho","FIBRA OPTICA","105"
"42133050","LA PAMPA","Realicó","Falucho","SATELITAL","10"
"42133050","LA PAMPA","Realicó","Falucho","WIRELESS","3"
"42133060","LA PAMPA","Realicó","Ingeniero Luiggi","FIBRA OPTICA","726"
"42133060","LA PAMPA","Realicó","Ingeniero Luiggi","SATELITAL","249"
"42133060","LA PAMPA","Realicó","Ingeniero Luiggi","WIRELESS","1.288"
"42133070","LA PAMPA","Realicó","Ojeda","SATELITAL","10"
"42133070","LA PAMPA","Realicó","Ojeda","WIRELESS","3"
"0","LA PAMPA","Realicó","Otros","SATELITAL","15"
"42133080","LA PAMPA","Realicó","Realicó","ADSL","53"
"42133080","LA PAMPA","Realicó","Realicó","CABLEMODEM","1"
"42133080","LA PAMPA","Realicó","Realicó","DIAL UP","1"
"42133080","LA PAMPA","Realicó","Realicó","FIBRA OPTICA","2.812"
"42133080","LA PAMPA","Realicó","Realicó","SATELITAL","157"
"42133080","LA PAMPA","Realicó","Realicó","WIRELESS","693"
"42140005","LA PAMPA","Toay","Cachirulo","SATELITAL","89"
"42140010","LA PAMPA","Toay","Naicó","SATELITAL","17"
"0","LA PAMPA","Toay","Otros","SATELITAL","142"
"42140020","LA PAMPA","Toay","Toay","ADSL","92"
"42140020","LA PAMPA","Toay","Toay","CABLEMODEM","4.408"
"42140020","LA PAMPA","Toay","Toay","FIBRA OPTICA","2.217"
"42140020","LA PAMPA","Toay","Toay","SATELITAL","549"
"42140020","LA PAMPA","Toay","Toay","WIRELESS","235"
"42147010","LA PAMPA","Trenel","Arata","FIBRA OPTICA","349"
"42147010","LA PAMPA","Trenel","Arata","SATELITAL","43"
"42147010","LA PAMPA","Trenel","Arata","WIRELESS","20"
"42147020","LA PAMPA","Trenel","Metileo","SATELITAL","14"
"42147020","LA PAMPA","Trenel","Metileo","WIRELESS","60"
"0","LA PAMPA","Trenel","Otros","SATELITAL","26"
"42147030","LA PAMPA","Trenel","Trenel","FIBRA OPTICA","1.197"
"42147030","LA PAMPA","Trenel","Trenel","SATELITAL","144"
"42147030","LA PAMPA","Trenel","Trenel","WIRELESS","123"
"42154010","LA PAMPA","Utracán","Ataliva Roca","FIBRA OPTICA","337"
"42154010","LA PAMPA","Utracán","Ataliva Roca","SATELITAL","47"
"42154010","LA PAMPA","Utracán","Ataliva Roca","WIRELESS","144"
"42154020","LA PAMPA","Utracán","Chacharramendi","SATELITAL","38"
"42154020","LA PAMPA","Utracán","Chacharramendi","WIRELESS","55"
"42154030","LA PAMPA","Utracán","Colonia Santa María","DIAL UP","1"
"42154030","LA PAMPA","Utracán","Colonia Santa María","FIBRA OPTICA","61"
"42154030","LA PAMPA","Utracán","Colonia Santa María","SATELITAL","10"
"42154030","LA PAMPA","Utracán","Colonia Santa María","WIRELESS","105"
"42154040","LA PAMPA","Utracán","General Acha","ADSL","60"
"42154040","LA PAMPA","Utracán","General Acha","CABLEMODEM","2.915"
"42154040","LA PAMPA","Utracán","General Acha","FIBRA OPTICA","1.908"
"42154040","LA PAMPA","Utracán","General Acha","SATELITAL","421"
"42154040","LA PAMPA","Utracán","General Acha","WIRELESS","255"
"0","LA PAMPA","Utracán","Otros","SATELITAL","172"
"42154050","LA PAMPA","Utracán","Quehué","FIBRA OPTICA","99"
"42154050","LA PAMPA","Utracán","Quehué","SATELITAL","52"
"42154050","LA PAMPA","Utracán","Quehué","WIRELESS","141"
"42154060","LA PAMPA","Utracán","Unanué","FIBRA OPTICA","1"
"42154060","LA PAMPA","Utracán","Unanué","SATELITAL","14"
"42154060","LA PAMPA","Utracán","Unanué","WIRELESS","46"
"46007010","LA RIOJA","Arauco","Aimogasta","ADSL","38"
"46007010","LA RIOJA","Arauco","Aimogasta","CABLEMODEM","2.031"
"46007010","LA RIOJA","Arauco","Aimogasta","CELULAR","2"
"46007010","LA RIOJA","Arauco","Aimogasta","FIBRA OPTICA","4"
"46007010","LA RIOJA","Arauco","Aimogasta","SATELITAL","8"
"46007010","LA RIOJA","Arauco","Aimogasta","WIRELESS","87"
"46007020","LA RIOJA","Arauco","Arauco","SATELITAL","3"
"46007030","LA RIOJA","Arauco","Bañado de los Pantanos","SATELITAL","1"
"46007040","LA RIOJA","Arauco","Estación Mazán","SATELITAL","3"
"46007040","LA RIOJA","Arauco","Estación Mazán","WIRELESS","14"
"46007040","LA RIOJA","Arauco","Machigasta","SATELITAL","19"
"46007040","LA RIOJA","Arauco","Machigasta","WIRELESS","3"
"0","LA RIOJA","Arauco","Otros","SATELITAL","4"
"46007040","LA RIOJA","Arauco","San Antonio","SATELITAL","11"
"46007045","LA RIOJA","Arauco","Termas de Santa Teresita","SATELITAL","2"
"46007050","LA RIOJA","Arauco","Villa Mazán","SATELITAL","7"
"46007050","LA RIOJA","Arauco","Villa Mazán","WIRELESS","156"
"46014010","LA RIOJA","Capital","La Rioja","ADSL","379"
"46014010","LA RIOJA","Capital","La Rioja","CABLEMODEM","34.484"
"46014010","LA RIOJA","Capital","La Rioja","CELULAR","23"
"46014010","LA RIOJA","Capital","La Rioja","DIAL UP","4"
"46014010","LA RIOJA","Capital","La Rioja","FIBRA OPTICA","22.930"
"46014010","LA RIOJA","Capital","La Rioja","SATELITAL","992"
"46014010","LA RIOJA","Capital","La Rioja","WIRELESS","1.224"
"0","LA RIOJA","Capital","Otros","SATELITAL","115"
"46021010","LA RIOJA","Castro Barros","Aminga","CABLEMODEM","158"
"46021010","LA RIOJA","Castro Barros","Aminga","FIBRA OPTICA","1"
"46021010","LA RIOJA","Castro Barros","Aminga","SATELITAL","5"
"46021010","LA RIOJA","Castro Barros","Aminga","WIRELESS","17"
"46021020","LA RIOJA","Castro Barros","Anillaco","CABLEMODEM","453"
"46021020","LA RIOJA","Castro Barros","Anillaco","FIBRA OPTICA","1"
"46021020","LA RIOJA","Castro Barros","Anillaco","SATELITAL","16"
"46021030","LA RIOJA","Castro Barros","Anjullón","CABLEMODEM","44"
"46021030","LA RIOJA","Castro Barros","Anjullón","FIBRA OPTICA","1"
"46021030","LA RIOJA","Castro Barros","Anjullón","SATELITAL","13"
"46021030","LA RIOJA","Castro Barros","Anjullón","WIRELESS","64"
"46021040","LA RIOJA","Castro Barros","Chuquis","CABLEMODEM","39"
"46021050","LA RIOJA","Castro Barros","Los Molinos","CABLEMODEM","49"
"46021050","LA RIOJA","Castro Barros","Los Molinos","SATELITAL","2"
"46021050","LA RIOJA","Castro Barros","Los Molinos","WIRELESS","4"
"0","LA RIOJA","Castro Barros","Otros","SATELITAL","5"
"46021060","LA RIOJA","Castro Barros","Pinchas","CABLEMODEM","49"
"46021060","LA RIOJA","Castro Barros","Pinchas","SATELITAL","13"
"46021060","LA RIOJA","Castro Barros","Pinchas","WIRELESS","1"
"46021070","LA RIOJA","Castro Barros","San Pedro","CABLEMODEM","28"
"46021070","LA RIOJA","Castro Barros","San Pedro","SATELITAL","4"
"46021070","LA RIOJA","Castro Barros","San Pedro","WIRELESS","45"
"46021080","LA RIOJA","Castro Barros","Santa Vera Cruz","SATELITAL","4"
"46021080","LA RIOJA","Castro Barros","Santa Vera Cruz","WIRELESS","5"
"46035010","LA RIOJA","Chamical","Chamical","ADSL","53"
"46035010","LA RIOJA","Chamical","Chamical","CABLEMODEM","2.963"
"46035010","LA RIOJA","Chamical","Chamical","CELULAR","5"
"46035010","LA RIOJA","Chamical","Chamical","FIBRA OPTICA","7"
"46035010","LA RIOJA","Chamical","Chamical","SATELITAL","84"
"46035010","LA RIOJA","Chamical","Chamical","WIRELESS","9"
"0","LA RIOJA","Chamical","Otros","SATELITAL","28"
"46035020","LA RIOJA","Chamical","Polco","SATELITAL","17"
"46042030","LA RIOJA","Chilecito","Anguinan","SATELITAL","21"
"46042010","LA RIOJA","Chilecito","Chilecito","ADSL","32"
"46042010","LA RIOJA","Chilecito","Chilecito","CABLEMODEM","5.863"
"46042010","LA RIOJA","Chilecito","Chilecito","CELULAR","3"
"46042010","LA RIOJA","Chilecito","Chilecito","FIBRA OPTICA","4.581"
"46042010","LA RIOJA","Chilecito","Chilecito","SATELITAL","65"
"46042010","LA RIOJA","Chilecito","Chilecito","WIRELESS","96"
"46042020","LA RIOJA","Chilecito","Colonia Anguinán","CABLEMODEM","161"
"46042020","LA RIOJA","Chilecito","Colonia Anguinán","FIBRA OPTICA","1"
"46042020","LA RIOJA","Chilecito","Colonia Anguinán","SATELITAL","5"
"46042020","LA RIOJA","Chilecito","Colonia Anguinán","WIRELESS","69"
"46042040","LA RIOJA","Chilecito","Colonia Malligasta","SATELITAL","14"
"46042050","LA RIOJA","Chilecito","Colonia Vichigasta","SATELITAL","5"
"46042060","LA RIOJA","Chilecito","Guanchín","SATELITAL","6"
"46042060","LA RIOJA","Chilecito","Guanchín","WIRELESS","2"
"46042030","LA RIOJA","Chilecito","La Puntilla","SATELITAL","5"
"46042030","LA RIOJA","Chilecito","La Puntilla","WIRELESS","1"
"46042030","LA RIOJA","Chilecito","Los Sarmientos","CABLEMODEM","157"
"46042030","LA RIOJA","Chilecito","Los Sarmientos","SATELITAL","21"
"46042070","LA RIOJA","Chilecito","Malligasta","SATELITAL","36"
"46042070","LA RIOJA","Chilecito","Malligasta","WIRELESS","185"
"46042080","LA RIOJA","Chilecito","Miranda","SATELITAL","2"
"46042090","LA RIOJA","Chilecito","Nonogasta","ADSL","27"
"46042090","LA RIOJA","Chilecito","Nonogasta","CABLEMODEM","824"
"46042090","LA RIOJA","Chilecito","Nonogasta","CELULAR","3"
"46042090","LA RIOJA","Chilecito","Nonogasta","FIBRA OPTICA","1"
"46042090","LA RIOJA","Chilecito","Nonogasta","SATELITAL","22"
"46042090","LA RIOJA","Chilecito","Nonogasta","WIRELESS","6"
"0","LA RIOJA","Chilecito","Otros","SATELITAL","4"
"46042030","LA RIOJA","Chilecito","San Miguel","CABLEMODEM","60"
"46042030","LA RIOJA","Chilecito","San Miguel","SATELITAL","38"
"46042030","LA RIOJA","Chilecito","San Miguel","WIRELESS","5"
"46042100","LA RIOJA","Chilecito","San Nicolás","SATELITAL","3"
"46042100","LA RIOJA","Chilecito","San Nicolás","WIRELESS","7"
"46042110","LA RIOJA","Chilecito","Santa Florentina","SATELITAL","12"
"46042110","LA RIOJA","Chilecito","Santa Florentina","WIRELESS","7"
"46042120","LA RIOJA","Chilecito","Sañogasta","SATELITAL","7"
"46042120","LA RIOJA","Chilecito","Sañogasta","WIRELESS","219"
"46042130","LA RIOJA","Chilecito","Tilimuqui","SATELITAL","4"
"46042130","LA RIOJA","Chilecito","Tilimuqui","WIRELESS","13"
"46042140","LA RIOJA","Chilecito","Vichigasta","ADSL","6"
"46042140","LA RIOJA","Chilecito","Vichigasta","CELULAR","1"
"46042140","LA RIOJA","Chilecito","Vichigasta","FIBRA OPTICA","1"
"46042140","LA RIOJA","Chilecito","Vichigasta","SATELITAL","17"
"46042140","LA RIOJA","Chilecito","Vichigasta","WIRELESS","103"
"46028010","LA RIOJA","Coronel Felipe Varela","Aicuña","SATELITAL","12"
"46028010","LA RIOJA","Coronel Felipe Varela","Aicuña","WIRELESS","47"
"46028020","LA RIOJA","Coronel Felipe Varela","Guandacol","CABLEMODEM","379"
"46028020","LA RIOJA","Coronel Felipe Varela","Guandacol","FIBRA OPTICA","2"
"46028020","LA RIOJA","Coronel Felipe Varela","Guandacol","SATELITAL","30"
"46028030","LA RIOJA","Coronel Felipe Varela","Los Palacios","SATELITAL","8"
"46028030","LA RIOJA","Coronel Felipe Varela","Los Palacios","WIRELESS","107"
"0","LA RIOJA","Coronel Felipe Varela","Otros","SATELITAL","16"
"46028040","LA RIOJA","Coronel Felipe Varela","Pagancillo","FIBRA OPTICA","1"
"46028040","LA RIOJA","Coronel Felipe Varela","Pagancillo","SATELITAL","24"
"46028040","LA RIOJA","Coronel Felipe Varela","Pagancillo","WIRELESS","126"
"46028010","LA RIOJA","Coronel Felipe Varela","Santa Clara","SATELITAL","11"
"46028010","LA RIOJA","Coronel Felipe Varela","Santa Clara","WIRELESS","41"
"46028050","LA RIOJA","Coronel Felipe Varela","Villa Unión","CABLEMODEM","1.122"
"46028050","LA RIOJA","Coronel Felipe Varela","Villa Unión","FIBRA OPTICA","3"
"46028050","LA RIOJA","Coronel Felipe Varela","Villa Unión","SATELITAL","54"
"46028050","LA RIOJA","Coronel Felipe Varela","Villa Unión","WIRELESS","258"
"46049010","LA RIOJA","Famatina","Alto Carrizal","SATELITAL","5"
"46049020","LA RIOJA","Famatina","Angulos","SATELITAL","1"
"46049020","LA RIOJA","Famatina","Angulos","WIRELESS","6"
"46049030","LA RIOJA","Famatina","Antinaco","SATELITAL","4"
"46049040","LA RIOJA","Famatina","Bajo Carrizal","SATELITAL","6"
"46049050","LA RIOJA","Famatina","Campanas","FIBRA OPTICA","1"
"46049050","LA RIOJA","Famatina","Campanas","SATELITAL","2"
"46049050","LA RIOJA","Famatina","Campanas","WIRELESS","161"
"46049060","LA RIOJA","Famatina","Chañarmuyo","SATELITAL","6"
"46049060","LA RIOJA","Famatina","Chañarmuyo","WIRELESS","29"
"46049070","LA RIOJA","Famatina","Famatina","CABLEMODEM","202"
"46049070","LA RIOJA","Famatina","Famatina","FIBRA OPTICA","2"
"46049070","LA RIOJA","Famatina","Famatina","SATELITAL","28"
"46049070","LA RIOJA","Famatina","Famatina","WIRELESS","5"
"46049080","LA RIOJA","Famatina","La Cuadra","SATELITAL","2"
"46049080","LA RIOJA","Famatina","La Cuadra","WIRELESS","22"
"46049090","LA RIOJA","Famatina","Pituil","SATELITAL","3"
"46049090","LA RIOJA","Famatina","Pituil","WIRELESS","153"
"46049100","LA RIOJA","Famatina","Plaza Vieja","SATELITAL","2"
"46049110","LA RIOJA","Famatina","Santa Cruz","SATELITAL","4"
"46049110","LA RIOJA","Famatina","Santa Cruz","WIRELESS","22"
"0","LA RIOJA","General Angel V. Peñaloza","Otros","SATELITAL","21"
"46056010","LA RIOJA","General Angel V. Peñaloza","Punta de los Llanos","FIBRA OPTICA","1"
"46056010","LA RIOJA","General Angel V. Peñaloza","Punta de los Llanos","SATELITAL","7"
"46056010","LA RIOJA","General Angel V. Peñaloza","Punta de los Llanos","WIRELESS","93"
"46056020","LA RIOJA","General Angel V. Peñaloza","Tama","ADSL","6"
"46056020","LA RIOJA","General Angel V. Peñaloza","Tama","FIBRA OPTICA","1"
"46056020","LA RIOJA","General Angel V. Peñaloza","Tama","SATELITAL","19"
"46056020","LA RIOJA","General Angel V. Peñaloza","Tama","WIRELESS","149"
"46063010","LA RIOJA","General Belgrano","Castro Barros","WIRELESS","1"
"46063020","LA RIOJA","General Belgrano","Chañar","ADSL","1"
"46063020","LA RIOJA","General Belgrano","Chañar","CELULAR","1"
"46063020","LA RIOJA","General Belgrano","Chañar","FIBRA OPTICA","1"
"46063020","LA RIOJA","General Belgrano","Chañar","SATELITAL","20"
"46063020","LA RIOJA","General Belgrano","Chañar","WIRELESS","90"
"46063030","LA RIOJA","General Belgrano","Loma Blanca","SATELITAL","20"
"46063040","LA RIOJA","General Belgrano","Olta","CABLEMODEM","1.069"
"46063040","LA RIOJA","General Belgrano","Olta","FIBRA OPTICA","1"
"46063040","LA RIOJA","General Belgrano","Olta","SATELITAL","48"
"46063040","LA RIOJA","General Belgrano","Olta","WIRELESS","6"
"0","LA RIOJA","General Belgrano","Otros","SATELITAL","16"
"46070010","LA RIOJA","General Juan F. Quiroga","Malanzán","FIBRA OPTICA","1"
"46070010","LA RIOJA","General Juan F. Quiroga","Malanzán","SATELITAL","53"
"46070010","LA RIOJA","General Juan F. Quiroga","Malanzán","WIRELESS","347"
"46070020","LA RIOJA","General Juan F. Quiroga","Nácate","SATELITAL","13"
"46070020","LA RIOJA","General Juan F. Quiroga","Nácate","WIRELESS","78"
"0","LA RIOJA","General Juan F. Quiroga","Otros","SATELITAL","73"
"46070030","LA RIOJA","General Juan F. Quiroga","Portezuelo","FIBRA OPTICA","1"
"46070030","LA RIOJA","General Juan F. Quiroga","Portezuelo","SATELITAL","40"
"46070030","LA RIOJA","General Juan F. Quiroga","Portezuelo","WIRELESS","227"
"46070040","LA RIOJA","General Juan F. Quiroga","San Antonio","SATELITAL","5"
"46070040","LA RIOJA","General Juan F. Quiroga","San Antonio","WIRELESS","33"
"0","LA RIOJA","General Lamadrid","Otros","SATELITAL","6"
"46077010","LA RIOJA","General Lamadrid","Villa Castelli","FIBRA OPTICA","1"
"46077010","LA RIOJA","General Lamadrid","Villa Castelli","SATELITAL","14"
"46077010","LA RIOJA","General Lamadrid","Villa Castelli","WIRELESS","255"
"46084010","LA RIOJA","General Ocampo","Ambil","SATELITAL","1"
"46084010","LA RIOJA","General Ocampo","Ambil","WIRELESS","34"
"46084020","LA RIOJA","General Ocampo","Colonia Ortiz de Ocampo","SATELITAL","2"
"46084030","LA RIOJA","General Ocampo","Milagro","CABLEMODEM","813"
"46084030","LA RIOJA","General Ocampo","Milagro","FIBRA OPTICA","1"
"46084030","LA RIOJA","General Ocampo","Milagro","SATELITAL","19"
"46084040","LA RIOJA","General Ocampo","Olpas","SATELITAL","11"
"0","LA RIOJA","General Ocampo","Otros","SATELITAL","32"
"46084050","LA RIOJA","General Ocampo","Santa Rita de Catuna","CABLEMODEM","299"
"46084050","LA RIOJA","General Ocampo","Santa Rita de Catuna","SATELITAL","18"
"0","LA RIOJA","General San Martín","Otros","SATELITAL","151"
"46091010","LA RIOJA","General San Martín","Ulapes","CABLEMODEM","691"
"46091010","LA RIOJA","General San Martín","Ulapes","FIBRA OPTICA","2"
"46091010","LA RIOJA","General San Martín","Ulapes","SATELITAL","43"
"46091010","LA RIOJA","General San Martín","Ulapes","WIRELESS","1"
"46105010","LA RIOJA","Independencia","Amaná","SATELITAL","2"
"46105010","LA RIOJA","Independencia","Amaná","WIRELESS","1"
"0","LA RIOJA","Independencia","OTROS","SATELITAL","35"
"46105020","LA RIOJA","Independencia","Patquía","ADSL","6"
"46105020","LA RIOJA","Independencia","Patquía","CELULAR","1"
"46105020","LA RIOJA","Independencia","Patquía","FIBRA OPTICA","1"
"46105020","LA RIOJA","Independencia","Patquía","SATELITAL","19"
"46105020","LA RIOJA","Independencia","Patquía","WIRELESS","279"
"46112010","LA RIOJA","Rosario Vera Peñaloza","Chepes","CABLEMODEM","2.312"
"46112010","LA RIOJA","Rosario Vera Peñaloza","Chepes","CELULAR","1"
"46112010","LA RIOJA","Rosario Vera Peñaloza","Chepes","FIBRA OPTICA","3"
"46112010","LA RIOJA","Rosario Vera Peñaloza","Chepes","SATELITAL","48"
"46112010","LA RIOJA","Rosario Vera Peñaloza","Chepes","WIRELESS","373"
"46112020","LA RIOJA","Rosario Vera Peñaloza","Desiderio Tello","SATELITAL","5"
"46112020","LA RIOJA","Rosario Vera Peñaloza","Desiderio Tello","WIRELESS","116"
"0","LA RIOJA","Rosario Vera Peñaloza","Otros","SATELITAL","87"
"0","LA RIOJA","Sanagasta","Otros","SATELITAL","8"
"46126010","LA RIOJA","Sanagasta","Villa Sanagasta","CABLEMODEM","543"
"46126010","LA RIOJA","Sanagasta","Villa Sanagasta","FIBRA OPTICA","5"
"46126010","LA RIOJA","Sanagasta","Villa Sanagasta","SATELITAL","40"
"46126010","LA RIOJA","Sanagasta","Villa Sanagasta","WIRELESS","5"
"46119010","LA RIOJA","San Blas de los Sauces","Alpasinche","FIBRA OPTICA","2"
"46119010","LA RIOJA","San Blas de Los Sauces","ALPASINCHE","SATELITAL","16"
"46119010","LA RIOJA","San Blas de los Sauces","Alpasinche","WIRELESS","49"
"46119010","LA RIOJA","San Blas de Los Sauces","Amuschina","SATELITAL","2"
"46119010","LA RIOJA","San Blas de los Sauces","Andolucas","WIRELESS","16"
"46119010","LA RIOJA","San Blas de los Sauces","Chaupihuasi","WIRELESS","16"
"46119010","LA RIOJA","San Blas de Los Sauces","Cuipan","SATELITAL","7"
"46119010","LA RIOJA","San Blas de los Sauces","Cuipan","WIRELESS","50"
"46119010","LA RIOJA","San Blas de los Sauces","Las Talas","CABLEMODEM","1"
"46119010","LA RIOJA","San Blas de los Sauces","Las Talas","WIRELESS","42"
"46119010","LA RIOJA","San Blas de los Sauces","Los Robles","CABLEMODEM","1"
"46119010","LA RIOJA","San Blas de los Sauces","Los Robles","FIBRA OPTICA","3"
"46119010","LA RIOJA","San Blas de los Sauces","Los Robles","SATELITAL","1"
"46119010","LA RIOJA","San Blas de los Sauces","Los Robles","WIRELESS","102"
"46119010","LA RIOJA","San Blas de Los Sauces","Salicas","SATELITAL","11"
"46119010","LA RIOJA","San Blas de los Sauces","Salicas - San Blas","WIRELESS","156"
"46119010","LA RIOJA","San Blas de los Sauces","San Blas","WIRELESS","48"
"46119010","LA RIOJA","San Blas de los Sauces","Shaqui","FIBRA OPTICA","1"
"46119010","LA RIOJA","San Blas de Los Sauces","Shaqui","SATELITAL","8"
"46119010","LA RIOJA","San Blas de los Sauces","Shaqui","WIRELESS","73"
"46119010","LA RIOJA","San Blas de los Sauces","Suriyaco","WIRELESS","2"
"46119010","LA RIOJA","San Blas de los Sauces","Tuyubil","WIRELESS","2"
"46098010","LA RIOJA","Vinchina","Jagüé","SATELITAL","5"
"46098010","LA RIOJA","Vinchina","Jagüé","WIRELESS","2"
"0","LA RIOJA","Vinchina","Otros","SATELITAL","3"
"46098020","LA RIOJA","Vinchina","Villa San José de Vinchina","FIBRA OPTICA","2"
"46098020","LA RIOJA","Vinchina","Villa San José de Vinchina","SATELITAL","23"
"46098020","LA RIOJA","Vinchina","Villa San José de Vinchina","WIRELESS","431"
"50007010","MENDOZA","Capital","Mendoza","ADSL","129"
"50007010","MENDOZA","Capital","Mendoza","CABLEMODEM","9.876"
"50007010","MENDOZA","Capital","Mendoza","CELULAR","1"
"50007010","MENDOZA","Capital","Mendoza","DIAL UP","151"
"50007010","MENDOZA","Capital","Mendoza","FIBRA OPTICA","58.154"
"50007010","MENDOZA","Capital","Mendoza","SATELITAL","1.488"
"50007010","MENDOZA","Capital","Mendoza","WIRELESS","2.042"
"50014010","MENDOZA","General Alvear","Bowen","DIAL UP","1"
"50014010","MENDOZA","General Alvear","Bowen","SATELITAL","194"
"50014010","MENDOZA","General Alvear","Bowen","WIRELESS","1.719"
"50014020","MENDOZA","General Alvear","Carmensa","SATELITAL","45"
"50014020","MENDOZA","General Alvear","Carmensa","WIRELESS","79"
"50014030","MENDOZA","General Alvear","General Alvear","CABLEMODEM","2.479"
"50014030","MENDOZA","General Alvear","General Alvear","DIAL UP","1"
"50014030","MENDOZA","General Alvear","General Alvear","FIBRA OPTICA","3.472"
"50014030","MENDOZA","General Alvear","General Alvear","SATELITAL","271"
"50014030","MENDOZA","General Alvear","General Alvear","WIRELESS","874"
"50014040","MENDOZA","General Alvear","Los Compartos","SATELITAL","108"
"0","MENDOZA","General Alvear","Otros","SATELITAL","181"
"50021010","MENDOZA","Godoy Cruz","Gobernador Benegas","FIBRA OPTICA","225"
"50021010","MENDOZA","Godoy Cruz","Gobernador Benegas","SATELITAL","105"
"50021010","MENDOZA","Godoy Cruz","Godoy Cruz","ADSL","10"
"50021010","MENDOZA","Godoy Cruz","Godoy Cruz","CABLEMODEM","5.645"
"50021010","MENDOZA","Godoy Cruz","Godoy Cruz","CELULAR","5"
"50021010","MENDOZA","Godoy Cruz","Godoy Cruz","DIAL UP","68"
"50021010","MENDOZA","Godoy Cruz","Godoy Cruz","FIBRA OPTICA","47.017"
"50021010","MENDOZA","Godoy Cruz","Godoy Cruz","SATELITAL","193"
"50021010","MENDOZA","Godoy Cruz","Godoy Cruz","WIRELESS","1.015"
"50021010","MENDOZA","Godoy Cruz","Las Tortugas","FIBRA OPTICA","390"
"50021010","MENDOZA","Godoy Cruz","LAS TORTUGAS","SATELITAL","68"
"50021010","MENDOZA","Godoy Cruz","Presidente Sarmiento","SATELITAL","8"
"50021010","MENDOZA","Godoy Cruz","San Francisco Del Monte","FIBRA OPTICA","132"
"50021010","MENDOZA","Godoy Cruz","SAN FRANCISCO DEL MONTE","SATELITAL","360"
"50021010","MENDOZA","Godoy Cruz","San Francisco Del Monte","WIRELESS","1"
"50021010","MENDOZA","Godoy Cruz","Villa Hipodromo","FIBRA OPTICA","1"
"50021010","MENDOZA","Godoy Cruz","Villa Hipodromo","SATELITAL","105"
"50021010","MENDOZA","Godoy Cruz","Villa Marini","SATELITAL","70"
"50028030","MENDOZA","Guaymallén","BERMEJO","SATELITAL","36"
"50028030","MENDOZA","Guaymallén","BUENA NUEVA","SATELITAL","46"
"50028050","MENDOZA","Guaymallén","Capilla Del Rosario","SATELITAL","119"
"50028010","MENDOZA","Guaymallén","Colonia Segovia","FIBRA OPTICA","1.407"
"50028010","MENDOZA","Guaymallén","Colonia Segovia","SATELITAL","23"
"50028010","MENDOZA","Guaymallén","Colonia Segovia","WIRELESS","142"
"50028030","MENDOZA","Guaymallén","DORREGO","SATELITAL","56"
"50028030","MENDOZA","Guaymallén","EL SAUCE","SATELITAL","83"
"50028030","MENDOZA","Guaymallén","GENERAL BELGRANO","SATELITAL","34"
"50028020","MENDOZA","Guaymallén","Guaymallén","ADSL","10"
"50028020","MENDOZA","Guaymallén","Guaymallén","CABLEMODEM","8.848"
"50028020","MENDOZA","Guaymallén","Guaymallén","CELULAR","5"
"50028020","MENDOZA","Guaymallén","Guaymallén","DIAL UP","73"
"50028020","MENDOZA","Guaymallén","Guaymallén","FIBRA OPTICA","49.711"
"50028020","MENDOZA","Guaymallén","Guaymallén","SATELITAL","67"
"50028020","MENDOZA","Guaymallén","Guaymallén","WIRELESS","1.532"
"50028050","MENDOZA","Guaymallén","JESUS NAZARENO","SATELITAL","111"
"50028020","MENDOZA","Guaymallén","KILOMETRO 11 (GUAYMALLEN)","SATELITAL","126"
"50028030","MENDOZA","Guaymallén","La Primavera","SATELITAL","32"
"50028030","MENDOZA","Guaymallén","La Primavera","WIRELESS","27"
"50028050","MENDOZA","Guaymallén","LAS CAÑAS","SATELITAL","91"
"50028040","MENDOZA","Guaymallén","Los Corralitos","DIAL UP","2"
"50028040","MENDOZA","Guaymallén","Los Corralitos","SATELITAL","109"
"50028040","MENDOZA","Guaymallén","Los Corralitos","WIRELESS","49"
"0","MENDOZA","Guaymallén","Otros","FIBRA OPTICA","56"
"0","MENDOZA","Guaymallén","Otros","WIRELESS","150"
"50028030","MENDOZA","Guaymallén","PEDRO MOLINA","SATELITAL","31"
"50028050","MENDOZA","Guaymallén","Puente de Hierro","ADSL","1"
"50028050","MENDOZA","Guaymallén","Puente de Hierro","DIAL UP","3"
"50028050","MENDOZA","Guaymallén","Puente de Hierro","FIBRA OPTICA","2.788"
"50028050","MENDOZA","Guaymallén","Puente de Hierro","SATELITAL","78"
"50028050","MENDOZA","Guaymallén","Puente de Hierro","WIRELESS","116"
"50028010","MENDOZA","Guaymallén","Rodeo De La Cruz","FIBRA OPTICA","1.376"
"50028010","MENDOZA","Guaymallén","Rodeo De La Cruz","SATELITAL","159"
"50028050","MENDOZA","Guaymallén","San Francisco Del Monte","FIBRA OPTICA","5"
"50028050","MENDOZA","Guaymallén","SAN FRANCISCO DEL MONTE","SATELITAL","150"
"50028030","MENDOZA","Guaymallén","San Jose","SATELITAL","21"
"50028030","MENDOZA","Guaymallén","VILLA NUEVA","SATELITAL","271"
"50035050","MENDOZA","Junín","ALTO VERDE","SATELITAL","13"
"50035010","MENDOZA","Junín","Ingeniero Giagnoni","ADSL","7"
"50035010","MENDOZA","Junín","Ingeniero Giagnoni","DIAL UP","45"
"50035010","MENDOZA","Junín","Ingeniero Giagnoni","FIBRA OPTICA","9.227"
"50035010","MENDOZA","Junín","Ingeniero Giagnoni","SATELITAL","45"
"50035010","MENDOZA","Junín","Ingeniero Giagnoni","WIRELESS","66"
"50035020","MENDOZA","Junín","Junín","CABLEMODEM","545"
"50035020","MENDOZA","Junín","Junín","DIAL UP","4"
"50035020","MENDOZA","Junín","Junín","FIBRA OPTICA","2.227"
"50035020","MENDOZA","Junín","Junín","SATELITAL","116"
"50035020","MENDOZA","Junín","Junín","WIRELESS","251"
"50035030","MENDOZA","Junín","La Colonia","FIBRA OPTICA","1.744"
"50035030","MENDOZA","Junín","La Colonia","SATELITAL","60"
"50035030","MENDOZA","Junín","La Colonia","WIRELESS","201"
"50035040","MENDOZA","Junín","Los Barriales","ADSL","2"
"50035040","MENDOZA","Junín","Los Barriales","DIAL UP","1"
"50035040","MENDOZA","Junín","Los Barriales","FIBRA OPTICA","3.386"
"50035040","MENDOZA","Junín","Los Barriales","SATELITAL","30"
"50035040","MENDOZA","Junín","Los Barriales","WIRELESS","175"
"50035050","MENDOZA","Junín","Medrano","FIBRA OPTICA","205"
"50035050","MENDOZA","Junín","Medrano","SATELITAL","18"
"50035050","MENDOZA","Junín","Medrano","WIRELESS","774"
"0","MENDOZA","Junín","Otros","FIBRA OPTICA","30"
"50035060","MENDOZA","Junín","Phillips","SATELITAL","18"
"50035060","MENDOZA","Junín","Phillips","WIRELESS","1"
"50035070","MENDOZA","Junín","Rodríguez Peña","FIBRA OPTICA","35"
"50035070","MENDOZA","Junín","Rodríguez Peña","SATELITAL","25"
"50035070","MENDOZA","Junín","Rodríguez Peña","WIRELESS","48"
"50042010","MENDOZA","La Paz","Desaguadero","SATELITAL","13"
"50042020","MENDOZA","La Paz","La Paz","FIBRA OPTICA","1"
"50042020","MENDOZA","La Paz","La Paz","SATELITAL","55"
"50042020","MENDOZA","La Paz","La Paz","WIRELESS","1"
"0","MENDOZA","La Paz","Otros","SATELITAL","66"
"50042030","MENDOZA","La Paz","Villa Antigua","SATELITAL","7"
"50049010","MENDOZA","Las Heras","Blanco Encalada","SATELITAL","178"
"50049040","MENDOZA","Las Heras","Capdeville","SATELITAL","4"
"50049040","MENDOZA","Las Heras","El Algarrobal","SATELITAL","46"
"50049040","MENDOZA","Las Heras","El Borbollon","SATELITAL","47"
"50049040","MENDOZA","Las Heras","El Challao","FIBRA OPTICA","4"
"50049040","MENDOZA","Las Heras","EL CHALLAO","SATELITAL","6"
"50049040","MENDOZA","Las Heras","EL PLUMERILLO","SATELITAL","47"
"50049040","MENDOZA","Las Heras","EL RESGUARDO","SATELITAL","17"
"50049040","MENDOZA","Las Heras","EL ZAPALLAR","SATELITAL","38"
"50049030","MENDOZA","Las Heras","Jocolí","SATELITAL","24"
"50049040","MENDOZA","Las Heras","La Cieneguita","SATELITAL","219"
"50049040","MENDOZA","Las Heras","Las Cuevas","SATELITAL","2"
"50049050","MENDOZA","Las Heras","Las Heras","ADSL","3"
"50049050","MENDOZA","Las Heras","Las Heras","CABLEMODEM","7.627"
"50049050","MENDOZA","Las Heras","Las Heras","CELULAR","8"
"50049050","MENDOZA","Las Heras","Las Heras","DIAL UP","26"
"50049050","MENDOZA","Las Heras","Las Heras","FIBRA OPTICA","20.711"
"50049050","MENDOZA","Las Heras","Las Heras","SATELITAL","85"
"50049050","MENDOZA","Las Heras","Las Heras","WIRELESS","686"
"50049060","MENDOZA","Las Heras","Los Penitentes","SATELITAL","2"
"0","MENDOZA","Las Heras","Otros","SATELITAL","93"
"50049040","MENDOZA","Las Heras","Panquehua","SATELITAL","21"
"50049040","MENDOZA","Las Heras","Papagayos","SATELITAL","5"
"50049080","MENDOZA","Las Heras","Polvaredas","SATELITAL","20"
"50049090","MENDOZA","Las Heras","Puente del Inca","SATELITAL","36"
"50049100","MENDOZA","Las Heras","Punta de Vacas","SATELITAL","13"
"50049040","MENDOZA","Las Heras","Sierras De Encalada","SATELITAL","305"
"50049110","MENDOZA","Las Heras","Uspallata","ADSL","2"
"50049110","MENDOZA","Las Heras","Uspallata","DIAL UP","2"
"50049110","MENDOZA","Las Heras","Uspallata","FIBRA OPTICA","2.874"
"50049110","MENDOZA","Las Heras","Uspallata","SATELITAL","453"
"50056150","MENDOZA","Lavalle","3 de Mayo","CABLEMODEM","7.164"
"50056150","MENDOZA","Lavalle","3 de Mayo","CELULAR","56"
"50056150","MENDOZA","Lavalle","3 de Mayo","FIBRA OPTICA","60"
"50056150","MENDOZA","Lavalle","3 de Mayo","SATELITAL","25"
"50056150","MENDOZA","Lavalle","3 de Mayo","WIRELESS","21"
"50056010","MENDOZA","Lavalle","Barrio Alto del Olvido","SATELITAL","23"
"50056020","MENDOZA","Lavalle","Barrio Jocolí II","SATELITAL","5"
"50056040","MENDOZA","Lavalle","Barrio La Esperanza","SATELITAL","6"
"50056050","MENDOZA","Lavalle","Barrio Lagunas de Bartoluzzi","SATELITAL","10"
"50056030","MENDOZA","Lavalle","Barrio La Palmera","SATELITAL","24"
"50056040","MENDOZA","Lavalle","Barrio La Pega","SATELITAL","22"
"50056060","MENDOZA","Lavalle","Barrio Los Jarilleros","SATELITAL","27"
"50056070","MENDOZA","Lavalle","Barrio Los Olivos","SATELITAL","13"
"50056075","MENDOZA","Lavalle","Barrio Virgen del Rosario","SATELITAL","14"
"50056080","MENDOZA","Lavalle","Costa de Araujo","FIBRA OPTICA","3"
"50056080","MENDOZA","Lavalle","Costa de Araujo","Otros","29"
"50056080","MENDOZA","Lavalle","Costa de Araujo","SATELITAL","134"
"50056080","MENDOZA","Lavalle","Costa de Araujo","WIRELESS","125"
"50056090","MENDOZA","Lavalle","El Paramillo","SATELITAL","13"
"50056100","MENDOZA","Lavalle","El Vergel","SATELITAL","11"
"50056100","MENDOZA","Lavalle","El Vergel","WIRELESS","22"
"50056110","MENDOZA","Lavalle","Ingeniero Gustavo André","SATELITAL","46"
"50056110","MENDOZA","Lavalle","Ingeniero Gustavo André","WIRELESS","26"
"50056120","MENDOZA","Lavalle","Jocolí","CABLEMODEM","6"
"50056120","MENDOZA","Lavalle","Jocolí","SATELITAL","6"
"50056120","MENDOZA","Lavalle","Jocolí","WIRELESS","27"
"50056130","MENDOZA","Lavalle","Jocolí Viejo","WIRELESS","25"
"50056140","MENDOZA","Lavalle","Las Violetas","SATELITAL","20"
"0","MENDOZA","Lavalle","Otros","SATELITAL","185"
"50056160","MENDOZA","Lavalle","Villa Tulumaya","FIBRA OPTICA","107"
"50056160","MENDOZA","Lavalle","Villa Tulumaya","Otros","1"
"50056160","MENDOZA","Lavalle","Villa Tulumaya","SATELITAL","95"
"50056160","MENDOZA","Lavalle","Villa Tulumaya","WIRELESS","274"
"50063010","MENDOZA","Luján de Cuyo","Agrelo","FIBRA OPTICA","561"
"50063010","MENDOZA","Luján de Cuyo","Agrelo","SATELITAL","120"
"50063010","MENDOZA","Luján de Cuyo","Agrelo","WIRELESS","149"
"50063060","MENDOZA","Luján de Cuyo","Barrio Adina I Y Ii","SATELITAL","122"
"50063020","MENDOZA","Luján de Cuyo","Barrio Perdriel IV","FIBRA OPTICA","77"
"50063020","MENDOZA","Luján de Cuyo","Barrio Perdriel IV","SATELITAL","22"
"50063020","MENDOZA","Luján de Cuyo","Barrio Perdriel IV","WIRELESS","15"
"50063030","MENDOZA","Luján de Cuyo","Cacheuta","ADSL","1"
"50063030","MENDOZA","Luján de Cuyo","Cacheuta","SATELITAL","76"
"50063030","MENDOZA","Luján de Cuyo","Cacheuta","WIRELESS","31"
"50063060","MENDOZA","Luján de Cuyo","Carrodilla","FIBRA OPTICA","64"
"50063060","MENDOZA","Luján de Cuyo","Carrodilla","Otros","101"
"50063060","MENDOZA","Luján de Cuyo","CARRODILLA","SATELITAL","519"
"50063060","MENDOZA","Luján de Cuyo","Carrodilla","WIRELESS","12"
"50063060","MENDOZA","Luján de Cuyo","Chacras De Coria","FIBRA OPTICA","299"
"50063060","MENDOZA","Luján de Cuyo","CHACRAS DE CORIA","SATELITAL","362"
"50063060","MENDOZA","Luján de Cuyo","Chacras De Coria","WIRELESS","24"
"50063040","MENDOZA","Luján de Cuyo","Costa Flores","FIBRA OPTICA","133"
"50063040","MENDOZA","Luján de Cuyo","Costa Flores","SATELITAL","61"
"50063040","MENDOZA","Luján de Cuyo","Costa Flores","WIRELESS","17"
"50063050","MENDOZA","Luján de Cuyo","El Carmelo","SATELITAL","201"
"50063050","MENDOZA","Luján de Cuyo","El Carrizal","SATELITAL","253"
"50063050","MENDOZA","Luján de Cuyo","El Carrizal","WIRELESS","42"
"50063060","MENDOZA","Luján de Cuyo","El Salto","WIRELESS","34"
"50063060","MENDOZA","Luján de Cuyo","La Puntilla","SATELITAL","97"
"50063060","MENDOZA","Luján de Cuyo","La Puntilla","WIRELESS","2"
"50063070","MENDOZA","Luján de Cuyo","Las Compuertas","ADSL","2"
"50063070","MENDOZA","Luján de Cuyo","Las Compuertas","DIAL UP","3"
"50063070","MENDOZA","Luján de Cuyo","Las Compuertas","FIBRA OPTICA","1.623"
"50063070","MENDOZA","Luján de Cuyo","Las Compuertas","SATELITAL","146"
"50063070","MENDOZA","Luján de Cuyo","Las Compuertas","WIRELESS","42"
"50063080","MENDOZA","Luján de Cuyo","Las Vegas","SATELITAL","147"
"50063080","MENDOZA","Luján de Cuyo","Las Vegas","WIRELESS","32"
"50063090","MENDOZA","Luján de Cuyo","Luján de Cuyo","ADSL","3"
"50063090","MENDOZA","Luján de Cuyo","Luján de Cuyo","CABLEMODEM","5.524"
"50063090","MENDOZA","Luján de Cuyo","Luján de Cuyo","DIAL UP","22"
"50063090","MENDOZA","Luján de Cuyo","Luján de Cuyo","FIBRA OPTICA","9.783"
"50063090","MENDOZA","Luján de Cuyo","Luján de Cuyo","Otros","573"
"50063090","MENDOZA","Luján de Cuyo","Luján de Cuyo","SATELITAL","236"
"50063090","MENDOZA","Luján de Cuyo","Luján de Cuyo","WIRELESS","1.841"
"50063060","MENDOZA","Luján de Cuyo","Mayor Drummond","FIBRA OPTICA","24"
"50063060","MENDOZA","Luján de Cuyo","Mayor Drummond","Otros","161"
"50063060","MENDOZA","Luján de Cuyo","MAYOR DRUMMOND","SATELITAL","371"
"50063060","MENDOZA","Luján de Cuyo","Mayor Drummond","WIRELESS","23"
"0","MENDOZA","Luján de Cuyo","Otros","SATELITAL","78"
"50063100","MENDOZA","Luján de Cuyo","Perdriel","DIAL UP","4"
"50063100","MENDOZA","Luján de Cuyo","Perdriel","FIBRA OPTICA","682"
"50063100","MENDOZA","Luján de Cuyo","Perdriel","SATELITAL","18"
"50063100","MENDOZA","Luján de Cuyo","Perdriel","WIRELESS","60"
"50063050","MENDOZA","Luján de Cuyo","Piedras Blancas","SATELITAL","48"
"50063110","MENDOZA","Luján de Cuyo","Potrerillos","SATELITAL","217"
"50063110","MENDOZA","Luján de Cuyo","Potrerillos","WIRELESS","32"
"50063120","MENDOZA","Luján de Cuyo","Ugarteche","FIBRA OPTICA","123"
"50063120","MENDOZA","Luján de Cuyo","Ugarteche","SATELITAL","111"
"50063120","MENDOZA","Luján de Cuyo","Ugarteche","WIRELESS","128"
"50063050","MENDOZA","Luján de Cuyo","Valle Del Sol","SATELITAL","87"
"50063050","MENDOZA","Luján de Cuyo","Villa El Refugio","SATELITAL","19"
"50063060","MENDOZA","Luján de Cuyo","Vistalba","FIBRA OPTICA","226"
"50063060","MENDOZA","Luján de Cuyo","VISTALBA","SATELITAL","222"
"50063060","MENDOZA","Luján de Cuyo","Vistalba","WIRELESS","27"
"50070010","MENDOZA","Maipú","Barrancas","SATELITAL","23"
"50070010","MENDOZA","Maipú","Barrancas","WIRELESS","31"
"50070020","MENDOZA","Maipú","Barrio Jesús de Nazaret","SATELITAL","58"
"50070020","MENDOZA","Maipú","Barrio Jesús de Nazaret","WIRELESS","33"
"50070090","MENDOZA","Maipú","COQUIMBITO","SATELITAL","275"
"50070030","MENDOZA","Maipú","Cruz de Piedra","FIBRA OPTICA","59"
"50070030","MENDOZA","Maipú","Cruz de Piedra","SATELITAL","163"
"50070030","MENDOZA","Maipú","Cruz de Piedra","WIRELESS","12"
"50070040","MENDOZA","Maipú","El Pedregal","SATELITAL","79"
"50070040","MENDOZA","Maipú","El Pedregal","WIRELESS","31"
"50070050","MENDOZA","Maipú","Fray Luis Beltrán","DIAL UP","2"
"50070050","MENDOZA","Maipú","Fray Luis Beltrán","FIBRA OPTICA","779"
"50070050","MENDOZA","Maipú","Fray Luis Beltrán","SATELITAL","140"
"50070050","MENDOZA","Maipú","Fray Luis Beltrán","WIRELESS","66"
"50070040","MENDOZA","Maipú","General Gutierrez","FIBRA OPTICA","794"
"50070040","MENDOZA","Maipú","GENERAL GUTIERREZ","SATELITAL","233"
"50070090","MENDOZA","Maipú","Luzuriaga","FIBRA OPTICA","8"
"50070090","MENDOZA","Maipú","LUZURIAGA","SATELITAL","202"
"50070060","MENDOZA","Maipú","Maipú","ADSL","5"
"50070060","MENDOZA","Maipú","Maipú","CABLEMODEM","7.382"
"50070060","MENDOZA","Maipú","Maipú","DIAL UP","9"
"50070060","MENDOZA","Maipú","Maipú","FIBRA OPTICA","13.825"
"50070060","MENDOZA","Maipú","Maipú","Otros","14"
"50070060","MENDOZA","Maipú","Maipú","SATELITAL","79"
"50070060","MENDOZA","Maipú","Maipú","WIRELESS","1.370"
"0","MENDOZA","Maipú","Otros","SATELITAL","8"
"50070070","MENDOZA","Maipú","Rodeo del Medio","ADSL","1"
"50070070","MENDOZA","Maipú","Rodeo del Medio","DIAL UP","1"
"50070070","MENDOZA","Maipú","Rodeo del Medio","FIBRA OPTICA","868"
"50070070","MENDOZA","Maipú","Rodeo del Medio","SATELITAL","151"
"50070070","MENDOZA","Maipú","Rodeo del Medio","WIRELESS","348"
"50070080","MENDOZA","Maipú","Russell","ADSL","2"
"50070080","MENDOZA","Maipú","Russell","DIAL UP","14"
"50070080","MENDOZA","Maipú","Russell","FIBRA OPTICA","3.829"
"50070080","MENDOZA","Maipú","Russell","SATELITAL","205"
"50070090","MENDOZA","Maipú","San Roque","ADSL","1"
"50070090","MENDOZA","Maipú","San Roque","DIAL UP","5"
"50070090","MENDOZA","Maipú","San Roque","FIBRA OPTICA","3.841"
"50070090","MENDOZA","Maipú","San Roque","SATELITAL","47"
"50070090","MENDOZA","Maipú","San Roque","WIRELESS","127"
"50070100","MENDOZA","Maipú","Villa Teresa","SATELITAL","39"
"50070100","MENDOZA","Maipú","Villa Teresa","WIRELESS","38"
"50077010","MENDOZA","Malargüe","Agua Escondida","SATELITAL","37"
"50077010","MENDOZA","Malargüe","Bardas Blancas","SATELITAL","25"
"50077030","MENDOZA","Malargüe","Las Leñas","FIBRA OPTICA","3"
"50077030","MENDOZA","Malargüe","Las Leñas","SATELITAL","65"
"50077040","MENDOZA","Malargüe","Malargüe","CABLEMODEM","1.613"
"50077040","MENDOZA","Malargüe","Malargüe","DIAL UP","4"
"50077040","MENDOZA","Malargüe","Malargüe","FIBRA OPTICA","15"
"50077040","MENDOZA","Malargüe","Malargüe","SATELITAL","647"
"50077040","MENDOZA","Malargüe","Malargüe","WIRELESS","28"
"0","MENDOZA","Malargüe","Otros","SATELITAL","506"
"50084010","MENDOZA","Rivadavia","Andrade","SATELITAL","18"
"50084010","MENDOZA","Rivadavia","Andrade","WIRELESS","13"
"50084020","MENDOZA","Rivadavia","Barrio Cooperativa Los Campamentos","SATELITAL","13"
"50084020","MENDOZA","Rivadavia","Barrio Cooperativa Los Campamentos","WIRELESS","5"
"50084030","MENDOZA","Rivadavia","Barrio Rivadavia","SATELITAL","9"
"50084030","MENDOZA","Rivadavia","Barrio Rivadavia","WIRELESS","63"
"50084110","MENDOZA","Rivadavia","Cuadro Ortega","SATELITAL","2"
"50084040","MENDOZA","Rivadavia","El Mirador","SATELITAL","4"
"50084040","MENDOZA","Rivadavia","El Mirador","WIRELESS","66"
"50084050","MENDOZA","Rivadavia","La Central","SATELITAL","14"
"50084050","MENDOZA","Rivadavia","La Central","WIRELESS","98"
"50084060","MENDOZA","Rivadavia","La Esperanza","SATELITAL","11"
"50084060","MENDOZA","Rivadavia","La Esperanza","WIRELESS","33"
"50084070","MENDOZA","Rivadavia","La Florida","WIRELESS","96"
"50084080","MENDOZA","Rivadavia","La Libertad","SATELITAL","19"
"50084080","MENDOZA","Rivadavia","La Libertad","WIRELESS","60"
"50084090","MENDOZA","Rivadavia","Los Árboles","SATELITAL","2"
"50084090","MENDOZA","Rivadavia","Los Árboles","WIRELESS","8"
"50084100","MENDOZA","Rivadavia","Los Campamentos","SATELITAL","15"
"50084100","MENDOZA","Rivadavia","Los Campamentos","WIRELESS","81"
"50084110","MENDOZA","Rivadavia","Medrano","FIBRA OPTICA","205"
"50084110","MENDOZA","Rivadavia","Medrano","SATELITAL","31"
"50084110","MENDOZA","Rivadavia","Medrano","WIRELESS","3"
"50084120","MENDOZA","Rivadavia","Mundo Nuevo","SATELITAL","46"
"50084120","MENDOZA","Rivadavia","Mundo Nuevo","WIRELESS","13"
"0","MENDOZA","Rivadavia","Otros","SATELITAL","61"
"50084130","MENDOZA","Rivadavia","Reducción de Abajo","SATELITAL","13"
"50084130","MENDOZA","Rivadavia","Reducción de Abajo","WIRELESS","61"
"50084140","MENDOZA","Rivadavia","Rivadavia","ADSL","2"
"50084140","MENDOZA","Rivadavia","Rivadavia","CABLEMODEM","6"
"50084140","MENDOZA","Rivadavia","Rivadavia","CELULAR","1"
"50084140","MENDOZA","Rivadavia","Rivadavia","DIAL UP","5"
"50084140","MENDOZA","Rivadavia","Rivadavia","FIBRA OPTICA","4.523"
"50084140","MENDOZA","Rivadavia","Rivadavia","SATELITAL","93"
"50084140","MENDOZA","Rivadavia","Rivadavia","WIRELESS","909"
"50084150","MENDOZA","Rivadavia","Santa María de Oro","SATELITAL","18"
"50084150","MENDOZA","Rivadavia","Santa María de Oro","WIRELESS","42"
"50091005","MENDOZA","San Carlos","Barrio Carrasco","SATELITAL","135"
"50091010","MENDOZA","San Carlos","Barrio El Cepillo","SATELITAL","37"
"50091010","MENDOZA","San Carlos","Barrio El Cepillo","WIRELESS","47"
"50091020","MENDOZA","San Carlos","Chilecito","SATELITAL","61"
"50091020","MENDOZA","San Carlos","Chilecito","WIRELESS","153"
"50091030","MENDOZA","San Carlos","Eugenio Bustos","ADSL","1"
"50091030","MENDOZA","San Carlos","Eugenio Bustos","SATELITAL","77"
"50091030","MENDOZA","San Carlos","Eugenio Bustos","WIRELESS","628"
"50091040","MENDOZA","San Carlos","La Consulta","ADSL","2"
"50091040","MENDOZA","San Carlos","La Consulta","SATELITAL","161"
"50091040","MENDOZA","San Carlos","La Consulta","WIRELESS","639"
"0","MENDOZA","San Carlos","Otros","SATELITAL","142"
"50091050","MENDOZA","San Carlos","Pareditas","FIBRA OPTICA","86"
"50091050","MENDOZA","San Carlos","Pareditas","Otros","1"
"50091050","MENDOZA","San Carlos","Pareditas","SATELITAL","60"
"50091050","MENDOZA","San Carlos","Pareditas","WIRELESS","33"
"50091060","MENDOZA","San Carlos","San Carlos","CABLEMODEM","167"
"50091060","MENDOZA","San Carlos","San Carlos","SATELITAL","195"
"50091060","MENDOZA","San Carlos","San Carlos","WIRELESS","400"
"50098090","MENDOZA","San Martín","Alto Salvador","FIBRA OPTICA","135"
"50098090","MENDOZA","San Martín","Alto Salvador","SATELITAL","23"
"50098090","MENDOZA","San Martín","Alto Salvador","WIRELESS","19"
"50098020","MENDOZA","San Martín","Alto Verde","FIBRA OPTICA","306"
"50098020","MENDOZA","San Martín","Alto Verde","SATELITAL","28"
"50098020","MENDOZA","San Martín","Alto Verde","WIRELESS","108"
"50098030","MENDOZA","San Martín","Barrio Chivilcoy","SATELITAL","8"
"50098040","MENDOZA","San Martín","Barrio Emanuel","SATELITAL","52"
"50098050","MENDOZA","San Martín","Barrio Los Charabones","SATELITAL","12"
"50098055","MENDOZA","San Martín","Barrio Ntra. Sra. De Fátima","SATELITAL","18"
"50098060","MENDOZA","San Martín","Chapanay","DIAL UP","1"
"50098060","MENDOZA","San Martín","Chapanay","FIBRA OPTICA","83"
"50098060","MENDOZA","San Martín","Chapanay","SATELITAL","42"
"50098060","MENDOZA","San Martín","Chapanay","WIRELESS","32"
"50098070","MENDOZA","San Martín","Chivilcoy","FIBRA OPTICA","2"
"50098070","MENDOZA","San Martín","Chivilcoy","SATELITAL","64"
"50098073","MENDOZA","San Martín","El Espino","FIBRA OPTICA","21"
"50098073","MENDOZA","San Martín","El Espino","SATELITAL","29"
"50098073","MENDOZA","San Martín","El Espino","WIRELESS","59"
"50098077","MENDOZA","San Martín","El Ramblón","SATELITAL","14"
"50098077","MENDOZA","San Martín","El Ramblón","WIRELESS","107"
"50098080","MENDOZA","San Martín","Montecaseros","FIBRA OPTICA","145"
"50098080","MENDOZA","San Martín","Montecaseros","SATELITAL","44"
"50098080","MENDOZA","San Martín","Montecaseros","WIRELESS","94"
"50098090","MENDOZA","San Martín","Nueva California","FIBRA OPTICA","42"
"50098090","MENDOZA","San Martín","Nueva California","SATELITAL","53"
"50098090","MENDOZA","San Martín","Nueva California","WIRELESS","47"
"0","MENDOZA","San Martín","Otros","SATELITAL","8"
"0","MENDOZA","San Martín","Otros","WIRELESS","94"
"50098090","MENDOZA","San Martín","Palmira","FIBRA OPTICA","2.732"
"50098090","MENDOZA","San Martín","Palmira","Otros","1"
"50098090","MENDOZA","San Martín","PALMIRA","SATELITAL","78"
"50098090","MENDOZA","San Martín","Palmira","WIRELESS","180"
"50098100","MENDOZA","San Martín","San Martín","CABLEMODEM","2.586"
"50098100","MENDOZA","San Martín","San Martín","FIBRA OPTICA","11.730"
"50098100","MENDOZA","San Martín","San Martín","SATELITAL","253"
"50098100","MENDOZA","San Martín","San Martín","WIRELESS","1.028"
"50098110","MENDOZA","San Martín","Tres Porteñas","FIBRA OPTICA","437"
"50098110","MENDOZA","San Martín","Tres Porteñas","SATELITAL","52"
"50098110","MENDOZA","San Martín","Tres Porteñas","WIRELESS","209"
"50105220","MENDOZA","San Rafael","25 de Mayo","CABLEMODEM","79"
"50105220","MENDOZA","San Rafael","25 de Mayo","SATELITAL","39"
"50105220","MENDOZA","San Rafael","25 de Mayo","WIRELESS","14"
"50105010","MENDOZA","San Rafael","Barrio Campos El Toledano","SATELITAL","204"
"50105080","MENDOZA","San Rafael","Barrio Echeverria","SATELITAL","191"
"50105020","MENDOZA","San Rafael","Barrio El Nevado","SATELITAL","8"
"50105030","MENDOZA","San Rafael","Barrio Empleados de Comercio","SATELITAL","54"
"50105040","MENDOZA","San Rafael","Barrio Intendencia","SATELITAL","46"
"50105080","MENDOZA","San Rafael","Barrio Primavera","SATELITAL","13"
"50105050","MENDOZA","San Rafael","Capitán Montoya","SATELITAL","108"
"50105050","MENDOZA","San Rafael","Capitán Montoya","WIRELESS","2"
"50105060","MENDOZA","San Rafael","Cuadro Benegas","DIAL UP","2"
"50105060","MENDOZA","San Rafael","Cuadro Benegas","FIBRA OPTICA","3.427"
"50105060","MENDOZA","San Rafael","Cuadro Benegas","SATELITAL","962"
"50105060","MENDOZA","San Rafael","Cuadro Benegas","WIRELESS","418"
"50105080","MENDOZA","San Rafael","Cuadro Nacional","SATELITAL","90"
"50105070","MENDOZA","San Rafael","El Nihuil","SATELITAL","60"
"50105070","MENDOZA","San Rafael","El Nihuil","WIRELESS","89"
"50105080","MENDOZA","San Rafael","El Sosneado","SATELITAL","21"
"50105090","MENDOZA","San Rafael","El Tropezón","SATELITAL","42"
"50105100","MENDOZA","San Rafael","Goudge","SATELITAL","25"
"50105100","MENDOZA","San Rafael","Goudge","WIRELESS","176"
"50105110","MENDOZA","San Rafael","Jaime Prats","SATELITAL","39"
"50105110","MENDOZA","San Rafael","Jaime Prats","WIRELESS","94"
"50105120","MENDOZA","San Rafael","La Llave Nueva","SATELITAL","87"
"50105130","MENDOZA","San Rafael","Las Malvinas","SATELITAL","29"
"50105130","MENDOZA","San Rafael","Las Malvinas","WIRELESS","54"
"50105140","MENDOZA","San Rafael","Los Reyunos","SATELITAL","32"
"50105150","MENDOZA","San Rafael","Monte Comán","FIBRA OPTICA","538"
"50105150","MENDOZA","San Rafael","Monte Comán","Otros","2"
"50105150","MENDOZA","San Rafael","Monte Comán","SATELITAL","51"
"50105150","MENDOZA","San Rafael","Monte Comán","WIRELESS","162"
"0","MENDOZA","San Rafael","Otros","SATELITAL","313"
"50105160","MENDOZA","San Rafael","Pobre Diablo","SATELITAL","92"
"50105170","MENDOZA","San Rafael","Punta del Agua","SATELITAL","76"
"50105180","MENDOZA","San Rafael","Rama Caída","SATELITAL","98"
"50105180","MENDOZA","San Rafael","Rama Caída","WIRELESS","459"
"50105190","MENDOZA","San Rafael","Real del Padre","SATELITAL","27"
"50105190","MENDOZA","San Rafael","Real del Padre","WIRELESS","670"
"50105200","MENDOZA","San Rafael","Salto de Las Rosas","SATELITAL","72"
"50105200","MENDOZA","San Rafael","Salto de Las Rosas","WIRELESS","365"
"50105210","MENDOZA","San Rafael","San Rafael","ADSL","11"
"50105210","MENDOZA","San Rafael","San Rafael","CABLEMODEM","1.756"
"50105210","MENDOZA","San Rafael","San Rafael","DIAL UP","184"
"50105210","MENDOZA","San Rafael","San Rafael","FIBRA OPTICA","11.717"
"50105210","MENDOZA","San Rafael","San Rafael","SATELITAL","1.443"
"50105210","MENDOZA","San Rafael","San Rafael","WIRELESS","1.238"
"50105230","MENDOZA","San Rafael","Villa Atuel","SATELITAL","54"
"50105230","MENDOZA","San Rafael","Villa Atuel","WIRELESS","351"
"50105240","MENDOZA","San Rafael","Villa Atuel Norte","SATELITAL","22"
"50112010","MENDOZA","Santa Rosa","Barrio 12 de Octubre","FIBRA OPTICA","2"
"50112010","MENDOZA","Santa Rosa","Barrio 12 de Octubre","SATELITAL","15"
"50112020","MENDOZA","Santa Rosa","Barrio María Auxiliadora","SATELITAL","16"
"50112030","MENDOZA","Santa Rosa","Barrio Molina Cabrera","SATELITAL","17"
"50112040","MENDOZA","Santa Rosa","La Dormida","FIBRA OPTICA","668"
"50112040","MENDOZA","Santa Rosa","La Dormida","SATELITAL","80"
"50112040","MENDOZA","Santa Rosa","La Dormida","WIRELESS","397"
"50112050","MENDOZA","Santa Rosa","Las Catitas","FIBRA OPTICA","1.004"
"50112050","MENDOZA","Santa Rosa","Las Catitas","SATELITAL","109"
"50112050","MENDOZA","Santa Rosa","Las Catitas","WIRELESS","288"
"0","MENDOZA","Santa Rosa","Otros","SATELITAL","85"
"50112060","MENDOZA","Santa Rosa","Santa Rosa","FIBRA OPTICA","409"
"50112060","MENDOZA","Santa Rosa","Santa Rosa","SATELITAL","61"
"50112060","MENDOZA","Santa Rosa","Santa Rosa","WIRELESS","153"
"50119010","MENDOZA","Tunuyán","Barrio San Cayetano","SATELITAL","31"
"50119020","MENDOZA","Tunuyán","Campo Los Andes","CABLEMODEM","55"
"50119020","MENDOZA","Tunuyán","Campo Los Andes","SATELITAL","45"
"50119030","MENDOZA","Tunuyán","Colonia Las Rosas","Otros","12"
"50119030","MENDOZA","Tunuyán","Colonia Las Rosas","SATELITAL","110"
"50119030","MENDOZA","Tunuyán","Colonia Las Rosas","WIRELESS","199"
"50119040","MENDOZA","Tunuyán","El Manzano","SATELITAL","79"
"50119050","MENDOZA","Tunuyán","Los Sauces","CABLEMODEM","20"
"50119050","MENDOZA","Tunuyán","Los Sauces","SATELITAL","82"
"50119050","MENDOZA","Tunuyán","Los Sauces","WIRELESS","10"
"0","MENDOZA","Tunuyán","Otros","SATELITAL","66"
"50119060","MENDOZA","Tunuyán","Tunuyán","ADSL","1"
"50119060","MENDOZA","Tunuyán","Tunuyán","CABLEMODEM","1.375"
"50119060","MENDOZA","Tunuyán","Tunuyán","FIBRA OPTICA","2.142"
"50119060","MENDOZA","Tunuyán","Tunuyán","SATELITAL","260"
"50119060","MENDOZA","Tunuyán","Tunuyán","WIRELESS","19"
"50119070","MENDOZA","Tunuyán","Vista Flores","SATELITAL","108"
"50119070","MENDOZA","Tunuyán","Vista Flores","WIRELESS","272"
"50126010","MENDOZA","Tupungato","Barrio Belgrano Norte","SATELITAL","27"
"50126020","MENDOZA","Tupungato","Cordón del Plata","SATELITAL","88"
"50126020","MENDOZA","Tupungato","Cordón del Plata","WIRELESS","344"
"50126030","MENDOZA","Tupungato","El Peral","SATELITAL","67"
"50126035","MENDOZA","Tupungato","El Zampal","SATELITAL","67"
"50126040","MENDOZA","Tupungato","La Arboleda","SATELITAL","76"
"50126040","MENDOZA","Tupungato","La Arboleda","WIRELESS","45"
"0","MENDOZA","Tupungato","Otros","SATELITAL","106"
"50126050","MENDOZA","Tupungato","San José","FIBRA OPTICA","1"
"50126050","MENDOZA","Tupungato","San José","SATELITAL","83"
"50126050","MENDOZA","Tupungato","San José","WIRELESS","17"
"50126060","MENDOZA","Tupungato","Tupungato","ADSL","3"
"50126060","MENDOZA","Tupungato","Tupungato","SATELITAL","274"
"50126060","MENDOZA","Tupungato","Tupungato","WIRELESS","600"
"50126020","MENDOZA","Tupungato","Villa Bastias","SATELITAL","40"
"54119060","MISIONES","25 de Mayo","25 de Mayo","Otros","538"
"54119060","MISIONES","25 de Mayo","25 de Mayo","SATELITAL","207"
"54119010","MISIONES","25 de Mayo","Alba Posse","FIBRA OPTICA","108"
"54119010","MISIONES","25 de Mayo","Alba Posse","SATELITAL","25"
"54119025","MISIONES","25 de Mayo","Alicia Baja","SATELITAL","18"
"54119025","MISIONES","25 de Mayo","Alicia Baja","WIRELESS","112"
"54119020","MISIONES","25 de Mayo","Colonia Alicia","Otros","20"
"54119020","MISIONES","25 de Mayo","Colonia Alicia","SATELITAL","63"
"54119020","MISIONES","25 de Mayo","Colonia Alicia","WIRELESS","116"
"54119030","MISIONES","25 de Mayo","Colonia Aurora","Otros","10"
"54119030","MISIONES","25 de Mayo","Colonia Aurora","SATELITAL","145"
"54119030","MISIONES","25 de Mayo","Colonia Aurora","WIRELESS","185"
"0","MISIONES","25 de Mayo","Otros","SATELITAL","126"
"54119040","MISIONES","25 de Mayo","San Francisco de Asís","FIBRA OPTICA","85"
"54119040","MISIONES","25 de Mayo","San Francisco de Asís","Otros","40"
"54119040","MISIONES","25 de Mayo","San Francisco de Asís","SATELITAL","54"
"54119040","MISIONES","25 de Mayo","San Francisco de Asís","WIRELESS","88"
"54119050","MISIONES","25 de Mayo","Santa Rita","FIBRA OPTICA","223"
"54119050","MISIONES","25 de Mayo","Santa Rita","Otros","150"
"54119050","MISIONES","25 de Mayo","Santa Rita","SATELITAL","68"
"54119050","MISIONES","25 de Mayo","Santa Rita","WIRELESS","110"
"54007010","MISIONES","Apóstoles","Apóstoles","ADSL","559"
"54007010","MISIONES","Apóstoles","Apóstoles","CABLEMODEM","3.511"
"54007010","MISIONES","Apóstoles","Apóstoles","CELULAR","54"
"54007010","MISIONES","Apóstoles","Apóstoles","FIBRA OPTICA","244"
"54007010","MISIONES","Apóstoles","Apóstoles","SATELITAL","449"
"54007010","MISIONES","Apóstoles","Apóstoles","WIRELESS","188"
"54007020","MISIONES","Apóstoles","Azara","CABLEMODEM","10"
"54007020","MISIONES","Apóstoles","Azara","SATELITAL","76"
"54007020","MISIONES","Apóstoles","Azara","WIRELESS","175"
"54007025","MISIONES","Apóstoles","Barrio Rural","SATELITAL","19"
"54007030","MISIONES","Apóstoles","Estación Apóstoles","SATELITAL","17"
"0","MISIONES","Apóstoles","Otros","SATELITAL","15"
"54007040","MISIONES","Apóstoles","Pindapoy","SATELITAL","40"
"54007050","MISIONES","Apóstoles","Rincón de Azara","SATELITAL","6"
"54007060","MISIONES","Apóstoles","San José","ADSL","48"
"54007060","MISIONES","Apóstoles","San José","CELULAR","4"
"54007060","MISIONES","Apóstoles","San José","FIBRA OPTICA","1"
"54007060","MISIONES","Apóstoles","San José","SATELITAL","62"
"54007060","MISIONES","Apóstoles","San José","WIRELESS","452"
"54007070","MISIONES","Apóstoles","Tres Capones","SATELITAL","61"
"54014060","MISIONES","Cainguás","1º de Mayo","SATELITAL","4"
"54014010","MISIONES","Cainguás","Aristóbulo del Valle","CABLEMODEM","1.194"
"54014010","MISIONES","Cainguás","Aristóbulo del Valle","FIBRA OPTICA","1.325"
"54014010","MISIONES","Cainguás","Aristóbulo del Valle","SATELITAL","324"
"54014010","MISIONES","Cainguás","Aristóbulo del Valle","WIRELESS","2"
"54014020","MISIONES","Cainguás","Campo Grande","ADSL","1"
"54014020","MISIONES","Cainguás","Campo Grande","CELULAR","3"
"54014020","MISIONES","Cainguás","Campo Grande","FIBRA OPTICA","1.720"
"54014020","MISIONES","Cainguás","Campo Grande","SATELITAL","603"
"54014020","MISIONES","Cainguás","Campo Grande","WIRELESS","876"
"54014030","MISIONES","Cainguás","Dos de Mayo Núcleo I","CELULAR","1"
"54014030","MISIONES","Cainguás","Dos de Mayo Núcleo I","FIBRA OPTICA","1.566"
"54014030","MISIONES","Cainguás","Dos de Mayo Núcleo I","SATELITAL","77"
"54014030","MISIONES","Cainguás","Dos de Mayo Núcleo I","WIRELESS","664"
"54014030","MISIONES","Cainguás","Dos de Mayo Núcleo II","SATELITAL","199"
"54014050","MISIONES","Cainguás","Dos de Mayo Núcleo III","SATELITAL","33"
"54014055","MISIONES","Cainguás","Kilómetro 17","SATELITAL","38"
"54014055","MISIONES","Cainguás","Nucleo I","SATELITAL","8"
"54014055","MISIONES","Cainguás","Nucleo Ii","SATELITAL","22"
"0","MISIONES","Cainguás","Otros","SATELITAL","47"
"54014070","MISIONES","Cainguás","Pueblo Illia","SATELITAL","26"
"54014070","MISIONES","Cainguás","Pueblo Illia","WIRELESS","109"
"54014080","MISIONES","Cainguás","Salto Encantado","CABLEMODEM","42"
"54014080","MISIONES","Cainguás","Salto Encantado","SATELITAL","132"
"54014080","MISIONES","Cainguás","Salto Encantado","WIRELESS","22"
"54021005","MISIONES","Candelaria","Barrio del Lago","SATELITAL","48"
"54021010","MISIONES","Candelaria","Bonpland","ADSL","13"
"54021010","MISIONES","Candelaria","Bonpland","CELULAR","3"
"54021010","MISIONES","Candelaria","Bonpland","SATELITAL","29"
"54021020","MISIONES","Candelaria","Candelaria","ADSL","235"
"54021020","MISIONES","Candelaria","Candelaria","CABLEMODEM","1"
"54021020","MISIONES","Candelaria","Candelaria","CELULAR","17"
"54021020","MISIONES","Candelaria","Candelaria","FIBRA OPTICA","98"
"54021020","MISIONES","Candelaria","Candelaria","SATELITAL","170"
"54021020","MISIONES","Candelaria","Candelaria","WIRELESS","579"
"54021030","MISIONES","Candelaria","Cerro Corá","SATELITAL","63"
"54021040","MISIONES","Candelaria","Loreto","FIBRA OPTICA","94"
"54021040","MISIONES","Candelaria","Loreto","SATELITAL","32"
"54021040","MISIONES","Candelaria","Loreto","WIRELESS","29"
"54021050","MISIONES","Candelaria","Mártires","Otros","13"
"54021050","MISIONES","Candelaria","Mártires","SATELITAL","30"
"54021050","MISIONES","Candelaria","Mártires","WIRELESS","3"
"54021060","MISIONES","Candelaria","Profundidad","SATELITAL","47"
"54021060","MISIONES","Candelaria","Profundidad","WIRELESS","3"
"54021070","MISIONES","Candelaria","Puerto Santa Ana","SATELITAL","21"
"54021080","MISIONES","Candelaria","Santa Ana","ADSL","47"
"54021080","MISIONES","Candelaria","Santa Ana","CELULAR","20"
"54021080","MISIONES","Candelaria","Santa Ana","FIBRA OPTICA","255"
"54021080","MISIONES","Candelaria","Santa Ana","SATELITAL","85"
"54021080","MISIONES","Candelaria","Santa Ana","WIRELESS","769"
"54028005","MISIONES","Capital","Barrio Nuevo Garupa","SATELITAL","35"
"54028010","MISIONES","Capital","Garupá","ADSL","83"
"54028010","MISIONES","Capital","Garupá","CELULAR","9"
"54028010","MISIONES","Capital","Garupá","FIBRA OPTICA","15.149"
"54028010","MISIONES","Capital","Garupá","SATELITAL","226"
"54028010","MISIONES","Capital","Garupá","WIRELESS","85"
"54028020","MISIONES","Capital","Nemesio Parma","SATELITAL","326"
"54028020","MISIONES","Capital","Nemesio Parma","WIRELESS","1"
"0","MISIONES","Capital","Otros","SATELITAL","70"
"54028030","MISIONES","Capital","Posadas","ADSL","1.666"
"54028030","MISIONES","Capital","Posadas","CABLEMODEM","41.688"
"54028030","MISIONES","Capital","Posadas","CELULAR","52"
"54028030","MISIONES","Capital","Posadas","FIBRA OPTICA","73.945"
"54028030","MISIONES","Capital","Posadas","SATELITAL","882"
"54028030","MISIONES","Capital","Posadas","WIRELESS","232"
"54028040","MISIONES","Capital","Posadas (Extensión)","SATELITAL","327"
"54035010","MISIONES","Concepción","Barra Concepción","SATELITAL","3"
"54035020","MISIONES","Concepción","Concepción de la Sierra","CABLEMODEM","458"
"54035020","MISIONES","Concepción","Concepción de la Sierra","FIBRA OPTICA","3"
"54035020","MISIONES","Concepción","Concepción de la Sierra","SATELITAL","145"
"54035020","MISIONES","Concepción","Concepción de la Sierra","WIRELESS","154"
"54035030","MISIONES","Concepción","La Corita","CABLEMODEM","12"
"54035030","MISIONES","Concepción","La Corita","SATELITAL","18"
"0","MISIONES","Concepción","Otros","SATELITAL","13"
"54035040","MISIONES","Concepción","Santa María","SATELITAL","34"
"54042040","MISIONES","Eldorado","9 de Julio","SATELITAL","12"
"54042050","MISIONES","Eldorado","9 de Julio Kilómetro 20","SATELITAL","60"
"54042010","MISIONES","Eldorado","Colonia Victoria","ADSL","1"
"54042010","MISIONES","Eldorado","Colonia Victoria","SATELITAL","29"
"54042020","MISIONES","Eldorado","Eldorado","ADSL","638"
"54042020","MISIONES","Eldorado","Eldorado","CELULAR","89"
"54042020","MISIONES","Eldorado","Eldorado","FIBRA OPTICA","7.352"
"54042020","MISIONES","Eldorado","Eldorado","SATELITAL","985"
"54042020","MISIONES","Eldorado","Eldorado","WIRELESS","2"
"54042030","MISIONES","Eldorado","María Magdalena","SATELITAL","57"
"54042035","MISIONES","Eldorado","Nueva Delicia","SATELITAL","31"
"0","MISIONES","Eldorado","Otros","SATELITAL","9"
"54042055","MISIONES","Eldorado","Pueblo Nuevo","SATELITAL","18"
"54042060","MISIONES","Eldorado","Puerto Mado","SATELITAL","23"
"54042070","MISIONES","Eldorado","Puerto Pinares","SATELITAL","234"
"54042070","MISIONES","Eldorado","Puerto Pinares","WIRELESS","1"
"54042080","MISIONES","Eldorado","Santiago de Liniers","SATELITAL","108"
"54042080","MISIONES","Eldorado","Santiago De Liniers","WIRELESS","1"
"54042090","MISIONES","Eldorado","Valle Hermoso","SATELITAL","45"
"54042100","MISIONES","Eldorado","Villa Roulet","SATELITAL","79"
"54049010","MISIONES","General Manuel Belgrano","Almirante Brown","SATELITAL","266"
"54049020","MISIONES","General Manuel Belgrano","Bernardo de Irigoyen","FIBRA OPTICA","1.019"
"54049020","MISIONES","General Manuel Belgrano","Bernardo de Irigoyen","Otros","300"
"54049020","MISIONES","General Manuel Belgrano","Bernardo de Irigoyen","SATELITAL","198"
"54049025","MISIONES","General Manuel Belgrano","Caburei","SATELITAL","24"
"54049030","MISIONES","General Manuel Belgrano","Dos Hermanas","Otros","5"
"54049030","MISIONES","General Manuel Belgrano","Dos Hermanas","SATELITAL","33"
"54049040","MISIONES","General Manuel Belgrano","Integración","SATELITAL","16"
"0","MISIONES","General Manuel Belgrano","Otros","SATELITAL","53"
"54049043","MISIONES","General Manuel Belgrano","Piñalito Norte","SATELITAL","160"
"54049045","MISIONES","General Manuel Belgrano","Puerto Andresito","SATELITAL","23"
"54049047","MISIONES","General Manuel Belgrano","Puerto Deseado","SATELITAL","51"
"54049050","MISIONES","General Manuel Belgrano","San Antonio","SATELITAL","113"
"54056010","MISIONES","Guaraní","El Soberbio","Otros","520"
"54056010","MISIONES","Guaraní","El Soberbio","SATELITAL","456"
"54056010","MISIONES","Guaraní","El Soberbio","WIRELESS","952"
"54056020","MISIONES","Guaraní","Fracrán","SATELITAL","141"
"54056020","MISIONES","Guaraní","Fracrán","WIRELESS","129"
"0","MISIONES","Guaraní","Otros","SATELITAL","434"
"54056030","MISIONES","Guaraní","San Vicente","FIBRA OPTICA","4.453"
"54056030","MISIONES","Guaraní","San Vicente","Otros","20"
"54056030","MISIONES","Guaraní","San Vicente","SATELITAL","678"
"54056030","MISIONES","Guaraní","San Vicente","WIRELESS","1.641"
"54063010","MISIONES","Iguazú","Esperanza","ADSL","222"
"54063010","MISIONES","Iguazú","Esperanza","CABLEMODEM","2.000"
"54063010","MISIONES","Iguazú","Esperanza","FIBRA OPTICA","1"
"54063010","MISIONES","Iguazú","Esperanza","SATELITAL","290"
"54063010","MISIONES","Iguazú","Esperanza","WIRELESS","100"
"54063020","MISIONES","Iguazú","Libertad","ADSL","114"
"54063020","MISIONES","Iguazú","Libertad","CELULAR","11"
"54063020","MISIONES","Iguazú","Libertad","SATELITAL","148"
"0","MISIONES","Iguazú","Otros","SATELITAL","115"
"54063030","MISIONES","Iguazú","Puerto Iguazú","ADSL","111"
"54063030","MISIONES","Iguazú","Puerto Iguazú","CELULAR","39"
"54063030","MISIONES","Iguazú","Puerto Iguazú","FIBRA OPTICA","8.577"
"54063030","MISIONES","Iguazú","Puerto Iguazú","SATELITAL","1.654"
"54063030","MISIONES","Iguazú","Puerto Iguazú","WIRELESS","361"
"54063035","MISIONES","Iguazú","Villa Cooperativa","SATELITAL","12"
"54063040","MISIONES","Iguazú","Wanda","ADSL","190"
"54063040","MISIONES","Iguazú","Wanda","CELULAR","17"
"54063040","MISIONES","Iguazú","Wanda","FIBRA OPTICA","1"
"54063040","MISIONES","Iguazú","Wanda","SATELITAL","228"
"54070010","MISIONES","Leandro N. Alem","Almafuerte","Otros","1"
"54070010","MISIONES","Leandro N. Alem","Almafuerte","SATELITAL","33"
"54070010","MISIONES","Leandro N. Alem","Almafuerte","WIRELESS","2"
"54070020","MISIONES","Leandro N. Alem","Arroyo del Medio","SATELITAL","34"
"54070020","MISIONES","Leandro N. Alem","Arroyo del Medio","WIRELESS","2"
"54070030","MISIONES","Leandro N. Alem","Caá - Yarí","SATELITAL","27"
"54070030","MISIONES","Leandro N. Alem","Caá - Yarí","WIRELESS","1"
"54070040","MISIONES","Leandro N. Alem","Cerro Azul","CABLEMODEM","314"
"54070040","MISIONES","Leandro N. Alem","Cerro Azul","FIBRA OPTICA","10"
"54070040","MISIONES","Leandro N. Alem","Cerro Azul","Otros","15"
"54070040","MISIONES","Leandro N. Alem","Cerro Azul","SATELITAL","127"
"54070040","MISIONES","Leandro N. Alem","Cerro Azul","WIRELESS","131"
"54070050","MISIONES","Leandro N. Alem","Dos Arroyos","FIBRA OPTICA","2"
"54070050","MISIONES","Leandro N. Alem","Dos Arroyos","SATELITAL","57"
"54070060","MISIONES","Leandro N. Alem","Gobernador López","Otros","20"
"54070060","MISIONES","Leandro N. Alem","Gobernador López","SATELITAL","22"
"54070070","MISIONES","Leandro N. Alem","Leandro N. Alem","ADSL","154"
"54070070","MISIONES","Leandro N. Alem","Leandro N. Alem","CABLEMODEM","3.515"
"54070070","MISIONES","Leandro N. Alem","Leandro N. Alem","CELULAR","11"
"54070070","MISIONES","Leandro N. Alem","Leandro N. Alem","FIBRA OPTICA","33"
"54070070","MISIONES","Leandro N. Alem","Leandro N. Alem","Otros","127"
"54070070","MISIONES","Leandro N. Alem","Leandro N. Alem","SATELITAL","190"
"54070080","MISIONES","Leandro N. Alem","Olegario V. Andrade","SATELITAL","51"
"54070080","MISIONES","Leandro N. Alem","Olegario V. Andrade","WIRELESS","7"
"0","MISIONES","Leandro N. Alem","Otros","SATELITAL","7"
"54070090","MISIONES","Leandro N. Alem","Villa Libertad (Municipio Caá Yarí)","SATELITAL","15"
"54070090","MISIONES","Leandro N. Alem","Villa Libertad (Municipio Leandro N. Alem)","CABLEMODEM","60"
"54077010","MISIONES","Libertador Grl. San Martín","Capioví","ADSL","119"
"54077010","MISIONES","Libertador Grl. San Martín","Capioví","CABLEMODEM","554"
"54077010","MISIONES","Libertador Grl. San Martín","Capioví","FIBRA OPTICA","85"
"54077010","MISIONES","Libertador Grl. San Martín","Capioví","SATELITAL","139"
"54077010","MISIONES","Libertador Grl. San Martín","Capioví","WIRELESS","674"
"54077015","MISIONES","Libertador Grl. San Martín","Capioviciño","SATELITAL","18"
"54077020","MISIONES","Libertador Grl. San Martín","El Alcázar","SATELITAL","70"
"54077030","MISIONES","Libertador Grl. San Martín","Garuhapé","ADSL","25"
"54077030","MISIONES","Libertador Grl. San Martín","Garuhapé","CABLEMODEM","779"
"54077030","MISIONES","Libertador Grl. San Martín","Garuhapé","CELULAR","1"
"54077030","MISIONES","Libertador Grl. San Martín","Garuhapé","SATELITAL","101"
"54077030","MISIONES","Libertador Grl. San Martín","Garuhapé","WIRELESS","42"
"54077040","MISIONES","Libertador Grl. San Martín","Mbopicuá","SATELITAL","21"
"0","MISIONES","Libertador Grl. San Martín","Otros","SATELITAL","26"
"54077050","MISIONES","Libertador Grl. San Martín","Puerto Leoni","FIBRA OPTICA","71"
"54077050","MISIONES","Libertador Grl. San Martín","Puerto Leoni","SATELITAL","25"
"54077050","MISIONES","Libertador Grl. San Martín","Puerto Leoni","WIRELESS","384"
"54077060","MISIONES","Libertador Grl. San Martín","Puerto Rico","ADSL","3.080"
"54077060","MISIONES","Libertador Grl. San Martín","Puerto Rico","CABLEMODEM","1.640"
"54077060","MISIONES","Libertador Grl. San Martín","Puerto Rico","CELULAR","35"
"54077060","MISIONES","Libertador Grl. San Martín","Puerto Rico","SATELITAL","784"
"54077060","MISIONES","Libertador Grl. San Martín","Puerto Rico","WIRELESS","67"
"54077070","MISIONES","Libertador Grl. San Martín","Ruiz de Montoya","ADSL","2"
"54077070","MISIONES","Libertador Grl. San Martín","Ruiz de Montoya","CABLEMODEM","297"
"54077070","MISIONES","Libertador Grl. San Martín","Ruiz de Montoya","SATELITAL","88"
"54077070","MISIONES","Libertador Grl. San Martín","Ruiz de Montoya","WIRELESS","48"
"54077080","MISIONES","Libertador Grl. San Martín","San Alberto","SATELITAL","28"
"54077090","MISIONES","Libertador Grl. San Martín","San Gotardo","SATELITAL","6"
"54077100","MISIONES","Libertador Grl. San Martín","San Miguel","SATELITAL","22"
"54077110","MISIONES","Libertador Grl. San Martín","Villa Akerman","SATELITAL","7"
"54077120","MISIONES","Libertador Grl. San Martín","Villa Urrutia","SATELITAL","6"
"54084007","MISIONES","Montecarlo","Bario Ita","SATELITAL","9"
"54084003","MISIONES","Montecarlo","Barrio Cuatro Bocas","SATELITAL","4"
"54084005","MISIONES","Montecarlo","Barrio Guatambu","SATELITAL","43"
"54084010","MISIONES","Montecarlo","Caraguatay","SATELITAL","25"
"54084020","MISIONES","Montecarlo","Laharrague","SATELITAL","6"
"54084030","MISIONES","Montecarlo","Montecarlo","ADSL","235"
"54084030","MISIONES","Montecarlo","Montecarlo","CELULAR","13"
"54084030","MISIONES","Montecarlo","Montecarlo","FIBRA OPTICA","4.808"
"54084030","MISIONES","Montecarlo","Montecarlo","SATELITAL","369"
"0","MISIONES","Montecarlo","Otros","SATELITAL","24"
"54084040","MISIONES","Montecarlo","Piray Kilómetro 18","SATELITAL","53"
"54084050","MISIONES","Montecarlo","Puerto Piray","ADSL","105"
"54084050","MISIONES","Montecarlo","Puerto Piray","CELULAR","20"
"54084050","MISIONES","Montecarlo","Puerto Piray","SATELITAL","211"
"54084060","MISIONES","Montecarlo","Taruma","SATELITAL","10"
"54084070","MISIONES","Montecarlo","Villa Parodi","SATELITAL","50"
"54091010","MISIONES","Oberá","Alberdi","FIBRA OPTICA","23"
"54091010","MISIONES","Oberá","Alberdi","SATELITAL","58"
"54091010","MISIONES","Oberá","Alberdi","WIRELESS","2"
"54091013","MISIONES","Oberá","Barrio Escuela 461","SATELITAL","21"
"54091017","MISIONES","Oberá","Barrio Escuela 633","SATELITAL","52"
"54091020","MISIONES","Oberá","Campo Ramón","CABLEMODEM","324"
"54091020","MISIONES","Oberá","Campo Ramón","FIBRA OPTICA","12"
"54091020","MISIONES","Oberá","Campo Ramón","Otros","15"
"54091020","MISIONES","Oberá","Campo Ramón","SATELITAL","87"
"54091030","MISIONES","Oberá","Campo Viera","FIBRA OPTICA","1.353"
"54091030","MISIONES","Oberá","Campo Viera","SATELITAL","128"
"54091030","MISIONES","Oberá","Campo Viera","WIRELESS","872"
"54091040","MISIONES","Oberá","El Salto","SATELITAL","32"
"54091050","MISIONES","Oberá","General Alvear","FIBRA OPTICA","9"
"54091050","MISIONES","Oberá","General Alvear","SATELITAL","67"
"54091060","MISIONES","Oberá","Guaraní","FIBRA OPTICA","22"
"54091060","MISIONES","Oberá","Guaraní","SATELITAL","125"
"54091070","MISIONES","Oberá","Los Helechos","FIBRA OPTICA","20"
"54091070","MISIONES","Oberá","Los Helechos","Otros","20"
"54091070","MISIONES","Oberá","Los Helechos","SATELITAL","100"
"54091080","MISIONES","Oberá","Oberá","ADSL","851"
"54091080","MISIONES","Oberá","Oberá","CABLEMODEM","386"
"54091080","MISIONES","Oberá","Oberá","CELULAR","29"
"54091080","MISIONES","Oberá","Oberá","FIBRA OPTICA","5.815"
"54091080","MISIONES","Oberá","Oberá","SATELITAL","325"
"54091080","MISIONES","Oberá","Oberá","WIRELESS","6"
"0","MISIONES","Oberá","Otros","SATELITAL","11"
"54091090","MISIONES","Oberá","Panambí","FIBRA OPTICA","21"
"54091090","MISIONES","Oberá","Panambí","SATELITAL","34"
"54091100","MISIONES","Oberá","Panambí Kilómetro 8","FIBRA OPTICA","24"
"54091100","MISIONES","Oberá","Panambí Kilómetro 8","Otros","50"
"54091100","MISIONES","Oberá","Panambí Kilómetro 8","SATELITAL","18"
"54091105","MISIONES","Oberá","Panambi Kilómetro 15","Otros","50"
"54091105","MISIONES","Oberá","Panambi Kilómetro 15","SATELITAL","19"
"54091110","MISIONES","Oberá","San Martín","FIBRA OPTICA","7"
"54091110","MISIONES","Oberá","San Martín","SATELITAL","41"
"54091110","MISIONES","Oberá","San Martín","WIRELESS","1"
"54091120","MISIONES","Oberá","Villa Bonita","CABLEMODEM","24"
"54091120","MISIONES","Oberá","Villa Bonita","FIBRA OPTICA","12"
"54091120","MISIONES","Oberá","Villa Bonita","SATELITAL","77"
"0","MISIONES","OTROS","Otros","Otros","4.547"
"54098005","MISIONES","San Ignacio","Barrio Tungoil","SATELITAL","23"
"54098010","MISIONES","San Ignacio","Colonia Polana","SATELITAL","28"
"54098010","MISIONES","San Ignacio","Colonia Polana","WIRELESS","106"
"54098020","MISIONES","San Ignacio","Corpus","SATELITAL","54"
"54098020","MISIONES","San Ignacio","Corpus","WIRELESS","805"
"54098030","MISIONES","San Ignacio","Domingo Savio","SATELITAL","27"
"54098040","MISIONES","San Ignacio","General Urquiza","SATELITAL","2"
"54098040","MISIONES","San Ignacio","General Urquiza","WIRELESS","134"
"54098050","MISIONES","San Ignacio","Gobernador Roca","ADSL","71"
"54098050","MISIONES","San Ignacio","Gobernador Roca","CELULAR","7"
"54098050","MISIONES","San Ignacio","Gobernador Roca","FIBRA OPTICA","743"
"54098050","MISIONES","San Ignacio","Gobernador Roca","SATELITAL","166"
"54098050","MISIONES","San Ignacio","Gobernador Roca","WIRELESS","155"
"54098060","MISIONES","San Ignacio","Helvecia","SATELITAL","26"
"54098060","MISIONES","San Ignacio","Helvecia","WIRELESS","73"
"54098070","MISIONES","San Ignacio","Hipólito Yrigoyen","FIBRA OPTICA","266"
"54098070","MISIONES","San Ignacio","Hipólito Yrigoyen","SATELITAL","33"
"54098070","MISIONES","San Ignacio","Hipólito Yrigoyen","WIRELESS","234"
"54098080","MISIONES","San Ignacio","Jardín América","ADSL","130"
"54098080","MISIONES","San Ignacio","Jardín América","CELULAR","13"
"54098080","MISIONES","San Ignacio","Jardín América","FIBRA OPTICA","5.114"
"54098080","MISIONES","San Ignacio","Jardín América","SATELITAL","122"
"54098080","MISIONES","San Ignacio","Jardín América","WIRELESS","975"
"54098090","MISIONES","San Ignacio","Oasis","SATELITAL","18"
"54098090","MISIONES","San Ignacio","Oasis","WIRELESS","152"
"0","MISIONES","San Ignacio","Otros","SATELITAL","45"
"54098100","MISIONES","San Ignacio","Roca Chica","SATELITAL","91"
"54098100","MISIONES","San Ignacio","Roca Chica","WIRELESS","392"
"54098110","MISIONES","San Ignacio","San Ignacio","ADSL","136"
"54098110","MISIONES","San Ignacio","San Ignacio","CELULAR","2"
"54098110","MISIONES","San Ignacio","San Ignacio","FIBRA OPTICA","709"
"54098110","MISIONES","San Ignacio","San Ignacio","SATELITAL","93"
"54098110","MISIONES","San Ignacio","San Ignacio","WIRELESS","676"
"54098120","MISIONES","San Ignacio","Santo Pipó","ADSL","33"
"54098120","MISIONES","San Ignacio","Santo Pipó","CELULAR","9"
"54098120","MISIONES","San Ignacio","Santo Pipó","SATELITAL","126"
"54098120","MISIONES","San Ignacio","Santo Pipó","WIRELESS","739"
"54105010","MISIONES","San Javier","Florentino Ameghino","Otros","60"
"54105010","MISIONES","San Javier","Florentino Ameghino","SATELITAL","23"
"54105020","MISIONES","San Javier","Itacaruaré","CABLEMODEM","95"
"54105020","MISIONES","San Javier","Itacaruaré","SATELITAL","39"
"54105030","MISIONES","San Javier","Mojón Grande","Otros","35"
"54105030","MISIONES","San Javier","Mojón Grande","SATELITAL","21"
"0","MISIONES","San Javier","Otros","SATELITAL","7"
"54105040","MISIONES","San Javier","San Javier","CABLEMODEM","1.302"
"54105040","MISIONES","San Javier","San Javier","FIBRA OPTICA","5"
"54105040","MISIONES","San Javier","San Javier","Otros","40"
"54105040","MISIONES","San Javier","San Javier","SATELITAL","63"
"54105040","MISIONES","San Javier","San Javier","WIRELESS","400"
"54112010","MISIONES","San Pedro","Cruce Caballero","FIBRA OPTICA","34"
"54112010","MISIONES","San Pedro","Cruce Caballero","SATELITAL","46"
"0","MISIONES","San Pedro","Otros","Otros","15"
"0","MISIONES","San Pedro","Otros","SATELITAL","323"
"54112020","MISIONES","San Pedro","Paraíso","FIBRA OPTICA","198"
"54112020","MISIONES","San Pedro","Paraíso","Otros","8"
"54112020","MISIONES","San Pedro","Paraíso","SATELITAL","79"
"54112020","MISIONES","San Pedro","Paraíso","WIRELESS","136"
"54112030","MISIONES","San Pedro","Piñalito Sur","FIBRA OPTICA","26"
"54112030","MISIONES","San Pedro","Piñalito Sur","SATELITAL","32"
"54112030","MISIONES","San Pedro","Piñalito Sur","WIRELESS","2"
"54112040","MISIONES","San Pedro","San Pedro","CABLEMODEM","985"
"54112040","MISIONES","San Pedro","San Pedro","FIBRA OPTICA","864"
"54112040","MISIONES","San Pedro","San Pedro","SATELITAL","382"
"54112040","MISIONES","San Pedro","San Pedro","WIRELESS","869"
"54112050","MISIONES","San Pedro","Tobuna","FIBRA OPTICA","14"
"54112050","MISIONES","San Pedro","Tobuna","SATELITAL","59"
"54112050","MISIONES","San Pedro","Tobuna","WIRELESS","2"
"58007010","NEUQUEN","Aluminé","Aluminé","CABLEMODEM","248"
"58007010","NEUQUEN","Aluminé","Aluminé","FIBRA OPTICA","719"
"58007010","NEUQUEN","Aluminé","Aluminé","SATELITAL","930"
"58007010","NEUQUEN","Aluminé","Aluminé","WIRELESS","122"
"58007015","NEUQUEN","Aluminé","Moquehue","Otros","0"
"58007015","NEUQUEN","Aluminé","Moquehue","SATELITAL","303"
"58007015","NEUQUEN","Aluminé","Moquehue","WIRELESS","208"
"0","NEUQUEN","Aluminé","Otros","SATELITAL","224"
"58007020","NEUQUEN","Aluminé","Villa Pehuenia","ADSL","3"
"58007020","NEUQUEN","Aluminé","Villa Pehuenia","DIAL UP","1"
"58007020","NEUQUEN","Aluminé","Villa Pehuenia","Otros","0"
"58007020","NEUQUEN","Aluminé","Villa Pehuenia","SATELITAL","582"
"58007020","NEUQUEN","Aluminé","Villa Pehuenia","WIRELESS","611"
"58014005","NEUQUEN","Añelo","Aguada San Roque","SATELITAL","29"
"58014010","NEUQUEN","Añelo","Añelo","CABLEMODEM","3"
"58014010","NEUQUEN","Añelo","Añelo","FIBRA OPTICA","372"
"58014010","NEUQUEN","Añelo","Añelo","SATELITAL","1.559"
"58014010","NEUQUEN","Añelo","Añelo","WIRELESS","370"
"0","NEUQUEN","Añelo","Otros","SATELITAL","1.142"
"58014020","NEUQUEN","Añelo","San Patricio del Chañar","CABLEMODEM","688"
"58014020","NEUQUEN","Añelo","San Patricio del Chañar","FIBRA OPTICA","2.015"
"58014020","NEUQUEN","Añelo","San Patricio del Chañar","SATELITAL","666"
"58014020","NEUQUEN","Añelo","San Patricio del Chañar","WIRELESS","201"
"58021010","NEUQUEN","Catan LilL","Las Coloradas","DIAL UP","2"
"58021010","NEUQUEN","Catan LilL","Las Coloradas","Otros","0"
"58021010","NEUQUEN","Catan LilL","Las Coloradas","SATELITAL","93"
"58021010","NEUQUEN","Catan LilL","Las Coloradas","WIRELESS","61"
"0","NEUQUEN","Catan LilL","Otros","SATELITAL","141"
"58042010","NEUQUEN","Chos Malal","Chos Malal","ADSL","180"
"58042010","NEUQUEN","Chos Malal","Chos Malal","DIAL UP","7"
"58042010","NEUQUEN","Chos Malal","Chos Malal","FIBRA OPTICA","289"
"58042010","NEUQUEN","Chos Malal","Chos Malal","SATELITAL","805"
"58042010","NEUQUEN","Chos Malal","Chos Malal","WIMAX","92"
"58042010","NEUQUEN","Chos Malal","Chos Malal","WIRELESS","385"
"0","NEUQUEN","Chos Malal","Otros","SATELITAL","98"
"58042020","NEUQUEN","Chos Malal","Tricao Malal","SATELITAL","129"
"58042020","NEUQUEN","Chos Malal","Tricao Malal","WIRELESS","44"
"58042030","NEUQUEN","Chos Malal","Villa del Curi Leuvú","SATELITAL","11"
"0","NEUQUEN","Collón Curá","Otros","SATELITAL","51"
"58028010","NEUQUEN","Collón Curá","Piedra del Águila","DIAL UP","1"
"58028010","NEUQUEN","Collón Curá","Piedra del Águila","Otros","0"
"58028010","NEUQUEN","Collón Curá","Piedra del Águila","SATELITAL","315"
"58028020","NEUQUEN","Collón Curá","Santo Tomás","Otros","0"
"58028020","NEUQUEN","Collón Curá","Santo Tomás","SATELITAL","60"
"58035080","NEUQUEN","Confluencia","11 de Octubre","ADSL","32"
"58035080","NEUQUEN","Confluencia","11 de Octubre","FIBRA OPTICA","418"
"58035080","NEUQUEN","Confluencia","11 de Octubre","SATELITAL","1.282"
"58035010","NEUQUEN","Confluencia","Arroyito","SATELITAL","82"
"58035010","NEUQUEN","Confluencia","Arroyito","WIRELESS","22"
"58035020","NEUQUEN","Confluencia","Barrio Ruca Luhé","FIBRA OPTICA","8"
"58035020","NEUQUEN","Confluencia","Barrio Ruca Luhé","SATELITAL","82"
"58035030","NEUQUEN","Confluencia","Centenario","ADSL","2.121"
"58035030","NEUQUEN","Confluencia","Centenario","CABLEMODEM","2.279"
"58035030","NEUQUEN","Confluencia","Centenario","FIBRA OPTICA","3.005"
"58035030","NEUQUEN","Confluencia","Centenario","SATELITAL","1.800"
"58035030","NEUQUEN","Confluencia","Centenario","WIRELESS","572"
"58035040","NEUQUEN","Confluencia","Cutral Có","ADSL","4.563"
"58035040","NEUQUEN","Confluencia","Cutral Có","Otros","57"
"58035040","NEUQUEN","Confluencia","Cutral Có","SATELITAL","3.164"
"58035040","NEUQUEN","Confluencia","Cutral Có","WIRELESS","4.260"
"58035050","NEUQUEN","Confluencia","El Chocón","SATELITAL","112"
"58035050","NEUQUEN","Confluencia","El Chocón","WIRELESS","123"
"58035060","NEUQUEN","Confluencia","Mari Menuco","SATELITAL","211"
"58035060","NEUQUEN","Confluencia","Mari Menuco","WIRELESS","100"
"58035070","NEUQUEN","Confluencia","Neuquén","ADSL","685"
"58035070","NEUQUEN","Confluencia","Neuquén","CABLEMODEM","56.032"
"58035070","NEUQUEN","Confluencia","Neuquén","DIAL UP","279"
"58035070","NEUQUEN","Confluencia","Neuquén","FIBRA OPTICA","41.590"
"58035070","NEUQUEN","Confluencia","Neuquén","Otros","355"
"58035070","NEUQUEN","Confluencia","Neuquén","SATELITAL","6.374"
"58035070","NEUQUEN","Confluencia","Neuquén","WIMAX","2"
"58035070","NEUQUEN","Confluencia","Neuquén","WIRELESS","2.972"
"0","NEUQUEN","Confluencia","OTROS","SATELITAL","386"
"58035090","NEUQUEN","Confluencia","Plaza Huincul","SATELITAL","2.732"
"58035090","NEUQUEN","Confluencia","Plaza Huincul","WIRELESS","1.422"
"58035100","NEUQUEN","Confluencia","Plottier","ADSL","2.357"
"58035100","NEUQUEN","Confluencia","Plottier","CABLEMODEM","2.487"
"58035100","NEUQUEN","Confluencia","Plottier","FIBRA OPTICA","8.009"
"58035100","NEUQUEN","Confluencia","Plottier","Otros","10"
"58035100","NEUQUEN","Confluencia","Plottier","SATELITAL","3.812"
"58035100","NEUQUEN","Confluencia","Plottier","WIRELESS","6.564"
"58035110","NEUQUEN","Confluencia","Senillosa","FIBRA OPTICA","455"
"58035110","NEUQUEN","Confluencia","Senillosa","SATELITAL","791"
"58035110","NEUQUEN","Confluencia","Senillosa","WIRELESS","1.141"
"58035120","NEUQUEN","Confluencia","Villa El Chocón","DIAL UP","1"
"58035120","NEUQUEN","Confluencia","Villa El Chocón","SATELITAL","145"
"58035120","NEUQUEN","Confluencia","Villa El Chocón","WIRELESS","68"
"58035130","NEUQUEN","Confluencia","Vista Alegre Norte","ADSL","176"
"58035130","NEUQUEN","Confluencia","Vista Alegre Norte","FIBRA OPTICA","330"
"58035130","NEUQUEN","Confluencia","Vista Alegre Norte","SATELITAL","69"
"58035130","NEUQUEN","Confluencia","Vista Alegre Norte","WIRELESS","5"
"58035140","NEUQUEN","Confluencia","Vista Alegre Sur","ADSL","120"
"58035140","NEUQUEN","Confluencia","Vista Alegre Sur","FIBRA OPTICA","325"
"58035140","NEUQUEN","Confluencia","Vista Alegre Sur","SATELITAL","108"
"58049010","NEUQUEN","Huiliches","Junín de los Andes","ADSL","147"
"58049010","NEUQUEN","Huiliches","Junín de los Andes","CABLEMODEM","1.655"
"58049010","NEUQUEN","Huiliches","Junín de los Andes","DIAL UP","1"
"58049010","NEUQUEN","Huiliches","Junín de los Andes","FIBRA OPTICA","2.419"
"58049010","NEUQUEN","Huiliches","Junín de los Andes","SATELITAL","1.780"
"58049010","NEUQUEN","Huiliches","Junín de los Andes","WIRELESS","1.258"
"0","NEUQUEN","Huiliches","Otros","SATELITAL","344"
"0","NEUQUEN","Lácar","Otros","SATELITAL","691"
"58056010","NEUQUEN","Lácar","San Martín de los Andes","ADSL","2.882"
"58056010","NEUQUEN","Lácar","San Martín de los Andes","CABLEMODEM","1.995"
"58056010","NEUQUEN","Lácar","San Martín de los Andes","FIBRA OPTICA","10.239"
"58056010","NEUQUEN","Lácar","San Martín de los Andes","SATELITAL","2.739"
"58056010","NEUQUEN","Lácar","San Martín de los Andes","WIRELESS","734"
"58056020","NEUQUEN","Lácar","Villa Lago Meliquina","ADSL","13"
"58056020","NEUQUEN","Lácar","Villa Lago Meliquina","FIBRA OPTICA","13"
"58056020","NEUQUEN","Lácar","Villa Lago Meliquina","SATELITAL","330"
"58056020","NEUQUEN","Lácar","Villa Lago Meliquina","WIRELESS","302"
"58063010","NEUQUEN","Loncopué","Chorriaca","SATELITAL","17"
"58063010","NEUQUEN","Loncopué","Chorriaca","WIRELESS","60"
"58063020","NEUQUEN","Loncopué","Loncopué","CABLEMODEM","292"
"58063020","NEUQUEN","Loncopué","Loncopué","DIAL UP","1"
"58063020","NEUQUEN","Loncopué","Loncopué","FIBRA OPTICA","585"
"58063020","NEUQUEN","Loncopué","Loncopué","SATELITAL","869"
"58063020","NEUQUEN","Loncopué","Loncopué","WIRELESS","95"
"0","NEUQUEN","Loncopué","Otros","SATELITAL","97"
"0","NEUQUEN","Los Lagos","Otros","SATELITAL","242"
"58070010","NEUQUEN","Los Lagos","Villa La Angostura","ADSL","444"
"58070010","NEUQUEN","Los Lagos","Villa La Angostura","DIAL UP","8"
"58070010","NEUQUEN","Los Lagos","Villa La Angostura","FIBRA OPTICA","406"
"58070010","NEUQUEN","Los Lagos","Villa La Angostura","SATELITAL","3.339"
"58070010","NEUQUEN","Los Lagos","Villa La Angostura","WIRELESS","236"
"58070020","NEUQUEN","Los Lagos","Villa Traful","SATELITAL","301"
"58077010","NEUQUEN","Minas","Andacollo","SATELITAL","607"
"58077010","NEUQUEN","Minas","Andacollo","WIRELESS","450"
"58077020","NEUQUEN","Minas","Huinganco","DIAL UP","1"
"58077020","NEUQUEN","Minas","Huinganco","SATELITAL","203"
"58077020","NEUQUEN","Minas","Huinganco","WIRELESS","123"
"58077030","NEUQUEN","Minas","Las Ovejas","SATELITAL","294"
"58077030","NEUQUEN","Minas","Las Ovejas","WIRELESS","304"
"58077040","NEUQUEN","Minas","Los Miches","SATELITAL","98"
"58077050","NEUQUEN","Minas","Manzano Amargo","SATELITAL","150"
"58077050","NEUQUEN","Minas","Manzano Amargo","WIRELESS","10"
"0","NEUQUEN","Minas","Otros","SATELITAL","74"
"58077060","NEUQUEN","Minas","Varvarco","SATELITAL","162"
"58077060","NEUQUEN","Minas","Varvarco","WIRELESS","27"
"58077070","NEUQUEN","Minas","Villa del Nahueve","SATELITAL","47"
"58077070","NEUQUEN","Minas","Villa Del Nahueve","WIRELESS","15"
"58084010","NEUQUEN","Ñorquín","Caviahué","DIAL UP","1"
"58084010","NEUQUEN","Ñorquín","Caviahué","SATELITAL","399"
"58084010","NEUQUEN","Ñorquín","Caviahué","WIRELESS","179"
"58084020","NEUQUEN","Ñorquín","Copahue","SATELITAL","93"
"58084020","NEUQUEN","Ñorquín","Copahue","WIRELESS","22"
"58084030","NEUQUEN","Ñorquín","El Cholar","SATELITAL","162"
"58084030","NEUQUEN","Ñorquín","El Cholar","WIRELESS","126"
"58084040","NEUQUEN","Ñorquín","El Huecú","SATELITAL","269"
"58084040","NEUQUEN","Ñorquín","El Huecú","WIRELESS","197"
"0","NEUQUEN","Ñorquín","Otros","SATELITAL","133"
"58084050","NEUQUEN","Ñorquín","Taquimilán","SATELITAL","125"
"58084050","NEUQUEN","Ñorquín","Taquimilán","WIRELESS","44"
"58091010","NEUQUEN","Pehuenches","Barrancas","SATELITAL","86"
"58091010","NEUQUEN","Pehuenches","Barrancas","WIMAX","91"
"58091020","NEUQUEN","Pehuenches","Buta Ranquil","SATELITAL","172"
"58091030","NEUQUEN","Pehuenches","Octavio Pico","SATELITAL","37"
"0","NEUQUEN","Pehuenches","Otros","SATELITAL","338"
"58091040","NEUQUEN","Pehuenches","Rincón de los Sauces","ADSL","306"
"58091040","NEUQUEN","Pehuenches","Rincón de los Sauces","CABLEMODEM","46"
"58091040","NEUQUEN","Pehuenches","Rincón de los Sauces","DIAL UP","3"
"58091040","NEUQUEN","Pehuenches","Rincón de los Sauces","FIBRA OPTICA","557"
"58091040","NEUQUEN","Pehuenches","Rincón de los Sauces","Otros","3"
"58091040","NEUQUEN","Pehuenches","Rincón de los Sauces","SATELITAL","5.099"
"58091040","NEUQUEN","Pehuenches","Rincón de los Sauces","WIRELESS","383"
"58105010","NEUQUEN","Picunches","Bajada del Agrio","Otros","0"
"58105010","NEUQUEN","Picunches","Bajada del Agrio","SATELITAL","107"
"58105020","NEUQUEN","Picunches","La Buitrera","SATELITAL","95"
"58105030","NEUQUEN","Picunches","Las Lajas","DIAL UP","1"
"58105030","NEUQUEN","Picunches","Las Lajas","Otros","0"
"58105030","NEUQUEN","Picunches","Las Lajas","SATELITAL","733"
"0","NEUQUEN","Picunches","Otros","SATELITAL","108"
"58105040","NEUQUEN","Picunches","Quili Malal","SATELITAL","30"
"58098005","NEUQUEN","Picún Leufú","El Sauce","SATELITAL","29"
"0","NEUQUEN","Picún Leufú","Otros","SATELITAL","79"
"58098010","NEUQUEN","Picún Leufú","Paso Aguerre","SATELITAL","60"
"58098020","NEUQUEN","Picún Leufú","Picún Leufú","Otros","0"
"58098020","NEUQUEN","Picún Leufú","Picún Leufú","SATELITAL","286"
"58098020","NEUQUEN","Picún Leufú","Picún Leufú","WIRELESS","301"
"58112030","NEUQUEN","Zapala","Covunco Centro","SATELITAL","43"
"58112010","NEUQUEN","Zapala","Los Catutos","SATELITAL","12"
"58112010","NEUQUEN","Zapala","Los Catutos","WIRELESS","27"
"58112020","NEUQUEN","Zapala","Mariano Moreno","FIBRA OPTICA","86"
"58112020","NEUQUEN","Zapala","Mariano Moreno","SATELITAL","85"
"0","NEUQUEN","Zapala","Otros","SATELITAL","119"
"58112030","NEUQUEN","Zapala","Ramon M. Castro","SATELITAL","62"
"58112040","NEUQUEN","Zapala","Zapala","ADSL","133"
"58112040","NEUQUEN","Zapala","Zapala","DIAL UP","21"
"58112040","NEUQUEN","Zapala","Zapala","FIBRA OPTICA","8.252"
"58112040","NEUQUEN","Zapala","Zapala","SATELITAL","1.063"
"58112040","NEUQUEN","Zapala","Zapala","WIRELESS","2.118"
"62049010","RIO NEGRO","9 de Julio","Comicó","SATELITAL","12"
"62049020","RIO NEGRO","9 de julio","Cona Niyeu","SATELITAL","28"
"62049030","RIO NEGRO","9 de Julio","Ministro Ramos Mexía","SATELITAL","28"
"62049030","RIO NEGRO","9 de Julio","Ministro Ramos Mexía","WIRELESS","272"
"0","RIO NEGRO","9 de julio","Otros","SATELITAL","108"
"62049040","RIO NEGRO","9 de julio","Prahuaniyeu","SATELITAL","33"
"62049050","RIO NEGRO","9 de Julio","Sierra Colorada","FIBRA OPTICA","7"
"62049050","RIO NEGRO","9 de Julio","Sierra Colorada","SATELITAL","55"
"62049050","RIO NEGRO","9 de Julio","Sierra Colorada","WIRELESS","44"
"62049060","RIO NEGRO","9 de Julio","Treneta","WIRELESS","2"
"62049070","RIO NEGRO","9 de julio","Yaminué","SATELITAL","1"
"62049070","RIO NEGRO","9 de Julio","Yaminué","WIRELESS","2"
"62091010","RIO NEGRO","25 de Mayo","Aguada de Guerra","SATELITAL","3"
"62091010","RIO NEGRO","25 de Mayo","Aguada de Guerra","WIRELESS","62"
"62091020","RIO NEGRO","25 de Mayo","Clemente Onelli","FIBRA OPTICA","30"
"62091020","RIO NEGRO","25 de Mayo","Clemente Onelli","SATELITAL","7"
"62091030","RIO NEGRO","25 de Mayo","Colan Conhue","SATELITAL","30"
"62091040","RIO NEGRO","25 de Mayo","El Caín","SATELITAL","6"
"62091040","RIO NEGRO","25 de Mayo","El Caín","WIRELESS","67"
"62091050","RIO NEGRO","25 de Mayo","Ingeniero Jacobacci","ADSL","83"
"62091050","RIO NEGRO","25 de Mayo","Ingeniero Jacobacci","DIAL UP","3"
"62091050","RIO NEGRO","25 de Mayo","Ingeniero Jacobacci","FIBRA OPTICA","1.179"
"62091050","RIO NEGRO","25 de Mayo","Ingeniero Jacobacci","SATELITAL","166"
"62091050","RIO NEGRO","25 de Mayo","Ingeniero Jacobacci","WIRELESS","280"
"62091060","RIO NEGRO","25 de Mayo","Los Menucos","SATELITAL","188"
"62091060","RIO NEGRO","25 de Mayo","Los Menucos","WIRELESS","51"
"62091070","RIO NEGRO","25 de Mayo","Maquinchao","ADSL","228"
"62091070","RIO NEGRO","25 de Mayo","Maquinchao","FIBRA OPTICA","293"
"62091070","RIO NEGRO","25 de Mayo","Maquinchao","SATELITAL","143"
"62091070","RIO NEGRO","25 de Mayo","Maquinchao","WIRELESS","407"
"62091080","RIO NEGRO","25 de Mayo","Mina Santa Teresita","SATELITAL","3"
"0","RIO NEGRO","25 de Mayo","Otros","SATELITAL","172"
"62091090","RIO NEGRO","25 de Mayo","Pilquiniyeu","SATELITAL","8"
"62091090","RIO NEGRO","25 de Mayo","Pilquiniyeu","WIRELESS","15"
"62007010","RIO NEGRO","Adolfo Alsina","Bahía Creek","SATELITAL","52"
"62007020","RIO NEGRO","Adolfo Alsina","El Cóndor","FIBRA OPTICA","662"
"62007020","RIO NEGRO","Adolfo Alsina","El Cóndor","SATELITAL","57"
"62007020","RIO NEGRO","Adolfo Alsina","El Cóndor","WIRELESS","695"
"62007030","RIO NEGRO","Adolfo Alsina","El Juncal","SATELITAL","119"
"62007040","RIO NEGRO","Adolfo Alsina","Guardia Mitre","FIBRA OPTICA","127"
"62007040","RIO NEGRO","Adolfo Alsina","Guardia Mitre","SATELITAL","82"
"62007040","RIO NEGRO","Adolfo Alsina","Guardia Mitre","WIRELESS","124"
"62007050","RIO NEGRO","Adolfo Alsina","La Lobería","SATELITAL","35"
"62007060","RIO NEGRO","Adolfo Alsina","Loteo Costa de Río","SATELITAL","83"
"0","RIO NEGRO","Adolfo Alsina","Otros","SATELITAL","77"
"62007070","RIO NEGRO","Adolfo Alsina","Pozo Salado","SATELITAL","11"
"62007080","RIO NEGRO","Adolfo Alsina","San Javier","SATELITAL","94"
"62007080","RIO NEGRO","Adolfo Alsina","San Javier","WIRELESS","381"
"62007090","RIO NEGRO","Adolfo Alsina","Viedma","ADSL","793"
"62007090","RIO NEGRO","Adolfo Alsina","Viedma","CABLEMODEM","2.522"
"62007090","RIO NEGRO","Adolfo Alsina","Viedma","DIAL UP","75"
"62007090","RIO NEGRO","Adolfo Alsina","Viedma","FIBRA OPTICA","14.925"
"62007090","RIO NEGRO","Adolfo Alsina","Viedma","Otros","3"
"62007090","RIO NEGRO","Adolfo Alsina","Viedma","SATELITAL","1.322"
"62007090","RIO NEGRO","Adolfo Alsina","Viedma","WIRELESS","272"
"62014010","RIO NEGRO","Avellaneda","Barrio Unión","SATELITAL","12"
"62014020","RIO NEGRO","Avellaneda","Chelforó","SATELITAL","12"
"62014030","RIO NEGRO","Avellaneda","Chimpay","FIBRA OPTICA","15"
"62014030","RIO NEGRO","Avellaneda","Chimpay","SATELITAL","68"
"62014040","RIO NEGRO","Avellaneda","Choele Choel","ADSL","156"
"62014040","RIO NEGRO","Avellaneda","Choele Choel","DIAL UP","1"
"62014040","RIO NEGRO","Avellaneda","Choele Choel","FIBRA OPTICA","1.857"
"62014040","RIO NEGRO","Avellaneda","Choele Choel","SATELITAL","316"
"62014040","RIO NEGRO","Avellaneda","Choele Choel","WIRELESS","16"
"62014050","RIO NEGRO","Avellaneda","Coronel Belisle","FIBRA OPTICA","338"
"62014050","RIO NEGRO","Avellaneda","Coronel Belisle","SATELITAL","45"
"62014050","RIO NEGRO","Avellaneda","Coronel Belisle","WIRELESS","5"
"62014060","RIO NEGRO","Avellaneda","Darwin","FIBRA OPTICA","257"
"62014060","RIO NEGRO","Avellaneda","Darwin","SATELITAL","53"
"62014070","RIO NEGRO","Avellaneda","Lamarque","DIAL UP","1"
"62014070","RIO NEGRO","Avellaneda","Lamarque","FIBRA OPTICA","2.279"
"62014070","RIO NEGRO","Avellaneda","Lamarque","SATELITAL","213"
"62014070","RIO NEGRO","Avellaneda","Lamarque","WIRELESS","15"
"62014080","RIO NEGRO","Avellaneda","Luis Beltrán","DIAL UP","1"
"62014080","RIO NEGRO","Avellaneda","Luis Beltrán","FIBRA OPTICA","2.086"
"62014080","RIO NEGRO","Avellaneda","Luis Beltrán","SATELITAL","276"
"62014080","RIO NEGRO","Avellaneda","Luis Beltrán","WIRELESS","24"
"0","RIO NEGRO","Avellaneda","Otros","SATELITAL","139"
"62014090","RIO NEGRO","Avellaneda","Pomona","FIBRA OPTICA","276"
"62014090","RIO NEGRO","Avellaneda","Pomona","SATELITAL","83"
"62014090","RIO NEGRO","Avellaneda","Pomona","WIRELESS","1"
"62021005","RIO NEGRO","Bariloche","Arelauquen","SATELITAL","434"
"62021010","RIO NEGRO","Bariloche","Barrio El Pilar","SATELITAL","690"
"62021020","RIO NEGRO","Bariloche","Colonia Suiza","SATELITAL","520"
"62021030","RIO NEGRO","Bariloche","El Bolsón","ADSL","378"
"62021030","RIO NEGRO","Bariloche","El Bolsón","CABLEMODEM","173"
"62021030","RIO NEGRO","Bariloche","El Bolsón","FIBRA OPTICA","4.914"
"62021030","RIO NEGRO","Bariloche","El Bolsón","SATELITAL","1.590"
"62021030","RIO NEGRO","Bariloche","El Bolsón","WIRELESS","1.120"
"62021040","RIO NEGRO","Bariloche","El Foyel","SATELITAL","55"
"62021040","RIO NEGRO","Bariloche","El Foyel","WIRELESS","59"
"62021047","RIO NEGRO","Bariloche","Mallín Ahogado","SATELITAL","405"
"62021047","RIO NEGRO","Bariloche","Mallín Ahogado","WIRELESS","13"
"0","RIO NEGRO","Bariloche","Otros","SATELITAL","249"
"62021050","RIO NEGRO","Bariloche","Rio Villegas","SATELITAL","88"
"62021060","RIO NEGRO","Bariloche","San Carlos de Bariloche","ADSL","2.336"
"62021060","RIO NEGRO","Bariloche","San Carlos de Bariloche","CABLEMODEM","3.189"
"62021060","RIO NEGRO","Bariloche","San Carlos de Bariloche","DIAL UP","189"
"62021060","RIO NEGRO","Bariloche","San Carlos de Bariloche","FIBRA OPTICA","35.983"
"62021060","RIO NEGRO","Bariloche","San Carlos de Bariloche","Otros","15.000"
"62021060","RIO NEGRO","Bariloche","San Carlos de Bariloche","SATELITAL","3.974"
"62021060","RIO NEGRO","Bariloche","San Carlos de Bariloche","WIRELESS","671"
"62021030","RIO NEGRO","Bariloche","Villa Campanario","SATELITAL","782"
"62021080","RIO NEGRO","Bariloche","Villa Catedral","ADSL","72"
"62021080","RIO NEGRO","Bariloche","Villa Catedral","FIBRA OPTICA","257"
"62021080","RIO NEGRO","Bariloche","Villa Catedral","SATELITAL","137"
"62021030","RIO NEGRO","Bariloche","Villa Llao Llao","ADSL","103"
"62021030","RIO NEGRO","Bariloche","Villa Llao Llao","SATELITAL","269"
"62021100","RIO NEGRO","Bariloche","Villa Los Coihues","SATELITAL","795"
"62021110","RIO NEGRO","Bariloche","Villa Mascardi","FIBRA OPTICA","4"
"62021110","RIO NEGRO","Bariloche","Villa Mascardi","SATELITAL","42"
"62028010","RIO NEGRO","Conesa","Barrio Colonia Conesa","SATELITAL","42"
"62028030","RIO NEGRO","Conesa","Barrio Planta Compresora de Gas","SATELITAL","7"
"62028020","RIO NEGRO","Conesa","General Conesa","ADSL","38"
"62028020","RIO NEGRO","Conesa","General Conesa","FIBRA OPTICA","1.606"
"62028020","RIO NEGRO","Conesa","General Conesa","SATELITAL","288"
"62028020","RIO NEGRO","Conesa","General Conesa","WIRELESS","59"
"0","RIO NEGRO","Conesa","Otros","SATELITAL","107"
"62035010","RIO NEGRO","El Cuy","Aguada Guzmán","SATELITAL","37"
"62035020","RIO NEGRO","El Cuy","Cerro Policía","FIBRA OPTICA","1"
"62035020","RIO NEGRO","El Cuy","Cerro Policía","SATELITAL","18"
"62035030","RIO NEGRO","El Cuy","El Cuy","ADSL","1"
"62035030","RIO NEGRO","El Cuy","El Cuy","DIAL UP","5"
"62035030","RIO NEGRO","El Cuy","El Cuy","FIBRA OPTICA","1"
"62035030","RIO NEGRO","El Cuy","El Cuy","SATELITAL","70"
"62035040","RIO NEGRO","El Cuy","Las Perlas","FIBRA OPTICA","2.857"
"62035040","RIO NEGRO","El Cuy","Las Perlas","SATELITAL","264"
"62035040","RIO NEGRO","El Cuy","Las Perlas","WIRELESS","2.462"
"62035050","RIO NEGRO","El Cuy","Mencué","SATELITAL","59"
"62035060","RIO NEGRO","El Cuy","Naupa Huen","FIBRA OPTICA","1"
"62035060","RIO NEGRO","El Cuy","Naupa Huen","SATELITAL","47"
"0","RIO NEGRO","El Cuy","Otros","SATELITAL","134"
"62035070","RIO NEGRO","El Cuy","Paso Córdova","SATELITAL","12"
"62035080","RIO NEGRO","El Cuy","Valle Azul","SATELITAL","44"
"62035080","RIO NEGRO","El Cuy","Valle Azul","WIRELESS","51"
"62042010","RIO NEGRO","General Roca","Allen","ADSL","76"
"62042010","RIO NEGRO","General Roca","Allen","DIAL UP","14"
"62042010","RIO NEGRO","General Roca","Allen","FIBRA OPTICA","3.555"
"62042010","RIO NEGRO","General Roca","Allen","Otros","423"
"62042010","RIO NEGRO","General Roca","Allen","SATELITAL","648"
"62042010","RIO NEGRO","General Roca","Allen","WIRELESS","470"
"62042020","RIO NEGRO","General Roca","Bajo San Cayetano","SATELITAL","71"
"62042030","RIO NEGRO","General Roca","Barda del Medio","SATELITAL","167"
"62042030","RIO NEGRO","General Roca","Barda del Medio","WIRELESS","260"
"62042040","RIO NEGRO","General Roca","Barrio Blanco","SATELITAL","23"
"62042060","RIO NEGRO","General Roca","Barrio Calle Ciega Nº6","SATELITAL","8"
"62042050","RIO NEGRO","General Roca","Barrio Calle Ciega Nº10","SATELITAL","47"
"62042070","RIO NEGRO","General Roca","Barrio Canale","SATELITAL","33"
"62042080","RIO NEGRO","General Roca","Barrio Chacra Monte","SATELITAL","226"
"62042090","RIO NEGRO","General Roca","Barrio Costa Este","SATELITAL","5"
"62042100","RIO NEGRO","General Roca","Barrio Costa Linda","SATELITAL","160"
"62042110","RIO NEGRO","General Roca","Barrio Costa Oeste","SATELITAL","44"
"62042115","RIO NEGRO","General Roca","Barrio Destacamento","SATELITAL","13"
"62042120","RIO NEGRO","General Roca","Barrio El Labrador","FIBRA OPTICA","32"
"62042120","RIO NEGRO","General Roca","Barrio El Labrador","SATELITAL","14"
"62042120","RIO NEGRO","General Roca","Barrio El Labrador","WIRELESS","6"
"62042130","RIO NEGRO","General Roca","Barrio El Maruchito","SATELITAL","32"
"62042140","RIO NEGRO","General Roca","Barrio El Petróleo","SATELITAL","33"
"62042297","RIO NEGRO","General Roca","Barrio El Treinta","SATELITAL","190"
"62042143","RIO NEGRO","General Roca","Barrio Emergente","SATELITAL","85"
"62042147","RIO NEGRO","General Roca","Barrio Fátima","SATELITAL","36"
"62042150","RIO NEGRO","General Roca","Barrio Frontera","SATELITAL","26"
"62042297","RIO NEGRO","General Roca","Barrio Goretti","SATELITAL","79"
"62042160","RIO NEGRO","General Roca","Barrio Guerrico","ADSL","2"
"62042160","RIO NEGRO","General Roca","Barrio Guerrico","DIAL UP","2"
"62042160","RIO NEGRO","General Roca","Barrio Guerrico","FIBRA OPTICA","2.346"
"62042160","RIO NEGRO","General Roca","Barrio Guerrico","SATELITAL","66"
"62042170","RIO NEGRO","General Roca","Barrio Isla 10","SATELITAL","74"
"62042180","RIO NEGRO","General Roca","Barrio La Barda","SATELITAL","15"
"62042190","RIO NEGRO","General Roca","Barrio La Costa","SATELITAL","35"
"62042210","RIO NEGRO","General Roca","Barrio La Defensa","SATELITAL","11"
"62042215","RIO NEGRO","General Roca","Barrio La Herradura","SATELITAL","7"
"62042297","RIO NEGRO","General Roca","Barrio La Lor","SATELITAL","198"
"62042230","RIO NEGRO","General Roca","Barrio La Ribera - Barrio APYCAR","SATELITAL","96"
"62042297","RIO NEGRO","General Roca","Barrio Las Angustias","SATELITAL","62"
"62042245","RIO NEGRO","General Roca","Barrio Luisillo","SATELITAL","25"
"62042250","RIO NEGRO","General Roca","Barrio Mar del Plata","SATELITAL","29"
"62042260","RIO NEGRO","General Roca","Barrio María Elvira","SATELITAL","82"
"62042265","RIO NEGRO","General Roca","Barrio Moño Azul","SATELITAL","9"
"62042270","RIO NEGRO","General Roca","Barrio Mosconi","SATELITAL","69"
"62042280","RIO NEGRO","General Roca","Barrio Norte (municipio de Cinco Saltos)","SATELITAL","71"
"62042280","RIO NEGRO","General Roca","Barrio Norte (municipio de Cipolletti)","SATELITAL","66"
"62042297","RIO NEGRO","General Roca","Barrio Pinar","SATELITAL","24"
"62042297","RIO NEGRO","General Roca","Barrio Pino Azul","SATELITAL","256"
"62042310","RIO NEGRO","General Roca","Barrio Porvenir","SATELITAL","27"
"62042297","RIO NEGRO","General Roca","Barrio Presidente Perón","SATELITAL","93"
"62042297","RIO NEGRO","General Roca","Barrio Puente De Madera","SATELITAL","120"
"62042335","RIO NEGRO","General Roca","Barrio Santa Lucia","SATELITAL","21"
"62042340","RIO NEGRO","General Roca","Barrio Santa Rita","SATELITAL","127"
"62042297","RIO NEGRO","General Roca","Barrio Tres Luces","SATELITAL","459"
"62042350","RIO NEGRO","General Roca","Barrio Unión","SATELITAL","37"
"62042360","RIO NEGRO","General Roca","Catriel","ADSL","152"
"62042360","RIO NEGRO","General Roca","Catriel","FIBRA OPTICA","3.329"
"62042360","RIO NEGRO","General Roca","Catriel","SATELITAL","826"
"62042360","RIO NEGRO","General Roca","Catriel","WIRELESS","19"
"62042370","RIO NEGRO","General Roca","Cervantes","CABLEMODEM","1"
"62042370","RIO NEGRO","General Roca","Cervantes","SATELITAL","201"
"62042370","RIO NEGRO","General Roca","Cervantes","WIRELESS","257"
"62042380","RIO NEGRO","General Roca","Chichinales","FIBRA OPTICA","3"
"62042380","RIO NEGRO","General Roca","Chichinales","SATELITAL","112"
"62042380","RIO NEGRO","General Roca","Chichinales","WIRELESS","229"
"62042390","RIO NEGRO","General Roca","Cinco Saltos","ADSL","183"
"62042390","RIO NEGRO","General Roca","Cinco Saltos","DIAL UP","4"
"62042390","RIO NEGRO","General Roca","Cinco Saltos","FIBRA OPTICA","6.505"
"62042390","RIO NEGRO","General Roca","Cinco Saltos","Otros","880"
"62042390","RIO NEGRO","General Roca","Cinco Saltos","SATELITAL","819"
"62042390","RIO NEGRO","General Roca","Cinco Saltos","WIRELESS","1.016"
"62042400","RIO NEGRO","General Roca","Cipolletti","ADSL","1"
"62042400","RIO NEGRO","General Roca","Cipolletti","CABLEMODEM","19.488"
"62042400","RIO NEGRO","General Roca","Cipolletti","FIBRA OPTICA","420"
"62042400","RIO NEGRO","General Roca","Cipolletti","Otros","928"
"62042400","RIO NEGRO","General Roca","Cipolletti","SATELITAL","1.777"
"62042400","RIO NEGRO","General Roca","Cipolletti","WIRELESS","280"
"62042410","RIO NEGRO","General Roca","Contralmirante Cordero","SATELITAL","153"
"62042410","RIO NEGRO","General Roca","Contralmirante Cordero","WIRELESS","70"
"62042420","RIO NEGRO","General Roca","Ferri","Otros","391"
"62042420","RIO NEGRO","General Roca","Ferri","SATELITAL","185"
"62042430","RIO NEGRO","General Roca","General Enrique Godoy","FIBRA OPTICA","2"
"62042430","RIO NEGRO","General Roca","General Enrique Godoy","SATELITAL","101"
"62042430","RIO NEGRO","General Roca","General Enrique Godoy","WIRELESS","284"
"62042440","RIO NEGRO","General Roca","General Fernández Oro","ADSL","93"
"62042440","RIO NEGRO","General Roca","General Fernández Oro","DIAL UP","2"
"62042440","RIO NEGRO","General Roca","General Fernández Oro","FIBRA OPTICA","2.433"
"62042440","RIO NEGRO","General Roca","General Fernández Oro","Otros","885"
"62042440","RIO NEGRO","General Roca","General Fernández Oro","SATELITAL","652"
"62042440","RIO NEGRO","General Roca","General Fernández Oro","WIRELESS","114"
"62042450","RIO NEGRO","General Roca","General Roca","ADSL","1.021"
"62042450","RIO NEGRO","General Roca","General Roca","CABLEMODEM","17.859"
"62042450","RIO NEGRO","General Roca","General Roca","DIAL UP","154"
"62042450","RIO NEGRO","General Roca","General Roca","FIBRA OPTICA","10.597"
"62042450","RIO NEGRO","General Roca","General Roca","SATELITAL","1.335"
"62042450","RIO NEGRO","General Roca","General Roca","WIRELESS","1.744"
"62042460","RIO NEGRO","General Roca","Ingeniero Luis A. Huergo","ADSL","122"
"62042460","RIO NEGRO","General Roca","Ingeniero Luis A. Huergo","FIBRA OPTICA","5"
"62042460","RIO NEGRO","General Roca","Ingeniero Luis A. Huergo","SATELITAL","216"
"62042460","RIO NEGRO","General Roca","Ingeniero Luis A. Huergo","WIRELESS","411"
"62042470","RIO NEGRO","General Roca","Ingeniero Otto Krause","SATELITAL","22"
"62042480","RIO NEGRO","General Roca","Mainqué","SATELITAL","89"
"62042480","RIO NEGRO","General Roca","Mainqué","WIRELESS","92"
"0","RIO NEGRO","General Roca","Otros","SATELITAL","143"
"62042490","RIO NEGRO","General Roca","Paso Córdova","SATELITAL","27"
"62042500","RIO NEGRO","General Roca","Península Ruca Co","SATELITAL","212"
"62042265","RIO NEGRO","General Roca","Peñas Blancas","SATELITAL","4"
"62042240","RIO NEGRO","General Roca","Puente Cero","SATELITAL","445"
"62042520","RIO NEGRO","General Roca","Sargento Vidal","FIBRA OPTICA","74"
"62042520","RIO NEGRO","General Roca","Sargento Vidal","SATELITAL","80"
"62042520","RIO NEGRO","General Roca","Sargento Vidal","WIRELESS","20"
"62042530","RIO NEGRO","General Roca","Villa Alberdi","SATELITAL","101"
"62042540","RIO NEGRO","General Roca","Villa del Parque","SATELITAL","48"
"62042550","RIO NEGRO","General Roca","Villa Manzano","FIBRA OPTICA","482"
"62042550","RIO NEGRO","General Roca","Villa Manzano","SATELITAL","213"
"62042550","RIO NEGRO","General Roca","Villa Manzano","WIRELESS","355"
"62042560","RIO NEGRO","General Roca","Villa Regina","ADSL","233"
"62042560","RIO NEGRO","General Roca","Villa Regina","DIAL UP","5"
"62042560","RIO NEGRO","General Roca","Villa Regina","FIBRA OPTICA","6.612"
"62042560","RIO NEGRO","General Roca","Villa Regina","SATELITAL","550"
"62042560","RIO NEGRO","General Roca","Villa Regina","WIRELESS","426"
"62042570","RIO NEGRO","General Roca","Villa San Isidro","FIBRA OPTICA","39"
"62042570","RIO NEGRO","General Roca","Villa San Isidro","SATELITAL","80"
"62042570","RIO NEGRO","General Roca","Villa San Isidro","WIRELESS","15"
"62056010","RIO NEGRO","Ñorquincó","Las Bayas","SATELITAL","6"
"62056020","RIO NEGRO","Ñorquincó","Mamuel Choique","FIBRA OPTICA","1"
"62056020","RIO NEGRO","Ñorquincó","Mamuel Choique","SATELITAL","25"
"62056030","RIO NEGRO","Ñorquincó","Ñorquincó","SATELITAL","93"
"62056040","RIO NEGRO","Ñorquincó","Ojos de Agua","SATELITAL","5"
"0","RIO NEGRO","Ñorquincó","Otros","SATELITAL","78"
"62056050","RIO NEGRO","Ñorquincó","Río Chico (Est. Cerro Mesa)","SATELITAL","82"
"62063005","RIO NEGRO","Pichi Mahuida","Barrio Esperanza","SATELITAL","22"
"62063010","RIO NEGRO","Pichi Mahuida","Colonia Juliá y Echarren","SATELITAL","34"
"62063010","RIO NEGRO","Pichi Mahuida","Colonia Juliá y Echarren","WIRELESS","13"
"62063013","RIO NEGRO","Pichi Mahuida","Juventud Unida","SATELITAL","23"
"0","RIO NEGRO","Pichi Mahuida","Otros","SATELITAL","124"
"62063017","RIO NEGRO","Pichi Mahuida","Pichi Mahuida","SATELITAL","2"
"62063020","RIO NEGRO","Pichi Mahuida","Río Colorado","ADSL","232"
"62063020","RIO NEGRO","Pichi Mahuida","Río Colorado","CABLEMODEM","1.874"
"62063020","RIO NEGRO","Pichi Mahuida","Río Colorado","DIAL UP","4"
"62063020","RIO NEGRO","Pichi Mahuida","Río Colorado","FIBRA OPTICA","4.215"
"62063020","RIO NEGRO","Pichi Mahuida","Río Colorado","SATELITAL","417"
"62063020","RIO NEGRO","Pichi Mahuida","Río Colorado","WIRELESS","453"
"62063060","RIO NEGRO","Pichi Mahuida","Salto Andersen","SATELITAL","4"
"62070005","RIO NEGRO","Pilcaniyeu","Cañadón Chileno","SATELITAL","5"
"62070010","RIO NEGRO","Pilcaniyeu","Comallo","FIBRA OPTICA","6"
"62070010","RIO NEGRO","Pilcaniyeu","Comallo","SATELITAL","186"
"62070010","RIO NEGRO","Pilcaniyeu","Comallo","WIRELESS","395"
"62070020","RIO NEGRO","Pilcaniyeu","Dina Huapi","ADSL","58"
"62070020","RIO NEGRO","Pilcaniyeu","Dina Huapi","DIAL UP","2"
"62070020","RIO NEGRO","Pilcaniyeu","Dina Huapi","FIBRA OPTICA","482"
"62070020","RIO NEGRO","Pilcaniyeu","Dina Huapi","Otros","100"
"62070020","RIO NEGRO","Pilcaniyeu","Dina Huapi","SATELITAL","596"
"62070020","RIO NEGRO","Pilcaniyeu","Dina Huapi","WIRELESS","35"
"62070030","RIO NEGRO","Pilcaniyeu","Laguna Blanca","SATELITAL","20"
"62070040","RIO NEGRO","Pilcaniyeu","Ñirihuau","SATELITAL","103"
"0","RIO NEGRO","Pilcaniyeu","Otros","SATELITAL","164"
"62070030","RIO NEGRO","Pilcaniyeu","Paso Flores","SATELITAL","5"
"62070060","RIO NEGRO","Pilcaniyeu","Pilcaniyeu","SATELITAL","48"
"62070070","RIO NEGRO","Pilcaniyeu","Pilquiniyeu del Limay","FIBRA OPTICA","1"
"62070070","RIO NEGRO","Pilcaniyeu","Pilquiniyeu del Limay","SATELITAL","22"
"62070080","RIO NEGRO","Pilcaniyeu","Villa Llanquín","SATELITAL","53"
"62077005","RIO NEGRO","San Antonio","El Empalme","SATELITAL","10"
"62077010","RIO NEGRO","San Antonio","Las Grutas","ADSL","83"
"62077010","RIO NEGRO","San Antonio","Las Grutas","DIAL UP","1"
"62077010","RIO NEGRO","San Antonio","Las Grutas","FIBRA OPTICA","3.319"
"62077010","RIO NEGRO","San Antonio","Las Grutas","SATELITAL","588"
"0","RIO NEGRO","San Antonio","Otros","SATELITAL","73"
"62077020","RIO NEGRO","San Antonio","Playas Doradas","SATELITAL","117"
"62077020","RIO NEGRO","San Antonio","Playas Doradas","WIRELESS","366"
"62077030","RIO NEGRO","San Antonio","Puerto San Antonio Este","ADSL","1"
"62077030","RIO NEGRO","San Antonio","Puerto San Antonio Este","FIBRA OPTICA","1"
"62077030","RIO NEGRO","San Antonio","Puerto San Antonio Este","SATELITAL","86"
"62077030","RIO NEGRO","San Antonio","Puerto San Antonio Este","WIRELESS","73"
"62077040","RIO NEGRO","San Antonio","Punta Colorada","SATELITAL","36"
"62077040","RIO NEGRO","San Antonio","Punta Colorada","WIRELESS","5"
"62077045","RIO NEGRO","San Antonio","Saco Viejo","SATELITAL","77"
"62077045","RIO NEGRO","San Antonio","Saco Viejo","WIRELESS","43"
"62077050","RIO NEGRO","San Antonio","San Antonio Oeste","ADSL","261"
"62077050","RIO NEGRO","San Antonio","San Antonio Oeste","DIAL UP","3"
"62077050","RIO NEGRO","San Antonio","San Antonio Oeste","FIBRA OPTICA","4.003"
"62077050","RIO NEGRO","San Antonio","San Antonio Oeste","SATELITAL","340"
"62077050","RIO NEGRO","San Antonio","San Antonio Oeste","WIRELESS","272"
"62077060","RIO NEGRO","San Antonio","Sierra Grande","ADSL","124"
"62077060","RIO NEGRO","San Antonio","Sierra Grande","DIAL UP","1"
"62077060","RIO NEGRO","San Antonio","Sierra Grande","FIBRA OPTICA","1.994"
"62077060","RIO NEGRO","San Antonio","Sierra Grande","SATELITAL","225"
"62077060","RIO NEGRO","San Antonio","Sierra Grande","WIRELESS","287"
"62084010","RIO NEGRO","Valcheta","Aguada Cecilio","FIBRA OPTICA","1"
"62084010","RIO NEGRO","Valcheta","Aguada Cecilio","SATELITAL","3"
"62084020","RIO NEGRO","Valcheta","Arroyo Los Berros","SATELITAL","48"
"62084030","RIO NEGRO","Valcheta","Arroyo Ventana","SATELITAL","21"
"62084040","RIO NEGRO","Valcheta","Nahuel Niyeu","FIBRA OPTICA","13"
"62084040","RIO NEGRO","Valcheta","Nahuel Niyeu","SATELITAL","3"
"0","RIO NEGRO","Valcheta","Otros","SATELITAL","431"
"62084050","RIO NEGRO","Valcheta","Sierra Pailemán","SATELITAL","25"
"62084060","RIO NEGRO","Valcheta","Valcheta","FIBRA OPTICA","1.265"
"62084060","RIO NEGRO","Valcheta","Valcheta","SATELITAL","104"
"62084060","RIO NEGRO","Valcheta","Valcheta","WIRELESS","177"
"66007010","SALTA","Anta","Apolinario Saravia","CELULAR","1"
"66007010","SALTA","Anta","Apolinario Saravia","FIBRA OPTICA","848"
"66007010","SALTA","Anta","Apolinario Saravia","SATELITAL","217"
"66007010","SALTA","Anta","Apolinario Saravia","WIRELESS","7"
"66007020","SALTA","Anta","Ceibalito","FIBRA OPTICA","5"
"66007020","SALTA","Anta","Ceibalito","SATELITAL","14"
"66007030","SALTA","Anta","Centro 25 de Junio","SATELITAL","13"
"66007040","SALTA","Anta","Coronel Mollinedo","SATELITAL","48"
"66007040","SALTA","Anta","Coronel Mollinedo","WIRELESS","1"
"66007050","SALTA","Anta","Coronel Olleros","SATELITAL","10"
"66007050","SALTA","Anta","Coronel Olleros","WIRELESS","2"
"66007060","SALTA","Anta","El Quebrachal","CABLEMODEM","664"
"66007060","SALTA","Anta","El Quebrachal","CELULAR","1"
"66007060","SALTA","Anta","El Quebrachal","FIBRA OPTICA","609"
"66007060","SALTA","Anta","El Quebrachal","Otros","1"
"66007060","SALTA","Anta","El Quebrachal","SATELITAL","354"
"66007070","SALTA","Anta","Gaona","CABLEMODEM","261"
"66007070","SALTA","Anta","Gaona","FIBRA OPTICA","232"
"66007070","SALTA","Anta","Gaona","SATELITAL","44"
"66007080","SALTA","Anta","General Pizarro","FIBRA OPTICA","95"
"66007080","SALTA","Anta","General Pizarro","SATELITAL","80"
"66007080","SALTA","Anta","General Pizarro","WIRELESS","1"
"66007090","SALTA","Anta","Joaquín V. González","ADSL","65"
"66007090","SALTA","Anta","Joaquín V. González","CABLEMODEM","2.925"
"66007090","SALTA","Anta","Joaquín V. González","CELULAR","4"
"66007090","SALTA","Anta","Joaquín V. González","FIBRA OPTICA","2.950"
"66007090","SALTA","Anta","Joaquín V. González","SATELITAL","256"
"66007090","SALTA","Anta","Joaquín V. González","WIRELESS","1"
"66007100","SALTA","Anta","Las Lajitas","CABLEMODEM","828"
"66007100","SALTA","Anta","Las Lajitas","FIBRA OPTICA","219"
"66007100","SALTA","Anta","Las Lajitas","Otros","145"
"66007100","SALTA","Anta","Las Lajitas","SATELITAL","539"
"66007100","SALTA","Anta","Las Lajitas","WIRELESS","31"
"66007110","SALTA","Anta","Luis Burela","FIBRA OPTICA","35"
"66007110","SALTA","Anta","Luis Burela","SATELITAL","24"
"66007110","SALTA","Anta","Luis Burela","WIRELESS","3"
"66007120","SALTA","Anta","Macapillo","SATELITAL","9"
"66007130","SALTA","Anta","Nuestra Señora de Talavera","SATELITAL","55"
"0","SALTA","Anta","Otros","SATELITAL","1.650"
"66007140","SALTA","Anta","Piquete Cabado","SATELITAL","49"
"66007140","SALTA","Anta","Piquete Cabado","WIRELESS","6"
"66007150","SALTA","Anta","Río del Valle","SATELITAL","49"
"66007150","SALTA","Anta","Río del Valle","WIRELESS","4"
"66007160","SALTA","Anta","Tolloche","SATELITAL","11"
"66007160","SALTA","Anta","Tolloche","WIRELESS","1"
"66014010","SALTA","Cachi","Cachi","FIBRA OPTICA","955"
"66014010","SALTA","Cachi","Cachi","SATELITAL","130"
"0","SALTA","Cachi","Otros","SATELITAL","46"
"66014020","SALTA","Cachi","Payogasta","FIBRA OPTICA","175"
"66014020","SALTA","Cachi","Payogasta","SATELITAL","21"
"66021010","SALTA","Cafayate","Cafayate","ADSL","26"
"66021010","SALTA","Cafayate","Cafayate","CELULAR","1"
"66021010","SALTA","Cafayate","Cafayate","FIBRA OPTICA","1.975"
"66021010","SALTA","Cafayate","Cafayate","Otros","0"
"66021010","SALTA","Cafayate","Cafayate","SATELITAL","185"
"0","SALTA","Cafayate","Otros","SATELITAL","9"
"66021020","SALTA","Cafayate","Tolombón","Otros","0"
"66021020","SALTA","Cafayate","Tolombón","SATELITAL","60"
"66021020","SALTA","Cafayate","Tolombón","WIRELESS","5"
"66028010","SALTA","Capital","Atocha","FIBRA OPTICA","71"
"66028010","SALTA","Capital","Atocha","SATELITAL","2.548"
"66028010","SALTA","Capital","Atocha","WIRELESS","14"
"66028010","SALTA","Capital","El Tipal - La Almudena","SATELITAL","366"
"66028010","SALTA","Capital","El Tipal - La Almudena","WIRELESS","70"
"66028030","SALTA","Capital","La Ciénaga y Barrio San Rafael","FIBRA OPTICA","1.941"
"66028030","SALTA","Capital","La Ciénaga y Barrio San Rafael","SATELITAL","672"
"66028030","SALTA","Capital","La Ciénaga y Barrio San Rafael","WIRELESS","46"
"66028040","SALTA","Capital","Las Costas","SATELITAL","84"
"66028040","SALTA","Capital","Las Costas","WIRELESS","49"
"0","SALTA","Capital","OTROS","SATELITAL","75"
"66028050","SALTA","Capital","Salta","ADSL","1.848"
"66028050","SALTA","Capital","Salta","CABLEMODEM","101.301"
"66028050","SALTA","Capital","Salta","CELULAR","197"
"66028050","SALTA","Capital","Salta","DIAL UP","5"
"66028050","SALTA","Capital","Salta","FIBRA OPTICA","78.893"
"66028050","SALTA","Capital","Salta","Otros","3"
"66028050","SALTA","Capital","Salta","SATELITAL","19.216"
"66028050","SALTA","Capital","Salta","WIRELESS","7.141"
"66028060","SALTA","Capital","Villa San Lorenzo","ADSL","38"
"66028060","SALTA","Capital","Villa San Lorenzo","CABLEMODEM","1.836"
"66028060","SALTA","Capital","Villa San Lorenzo","FIBRA OPTICA","548"
"66028060","SALTA","Capital","Villa San Lorenzo","SATELITAL","570"
"66028060","SALTA","Capital","Villa San Lorenzo","WIRELESS","120"
"66035030","SALTA","Cerrillos","Barrio El Congreso","FIBRA OPTICA","25"
"66035030","SALTA","Cerrillos","Barrio El Congreso","SATELITAL","58"
"66035030","SALTA","Cerrillos","Barrio Las Tunas","FIBRA OPTICA","10"
"66035030","SALTA","Cerrillos","Barrio Las Tunas","SATELITAL","206"
"66035030","SALTA","Cerrillos","Barrio Los Olmos","SATELITAL","167"
"66035030","SALTA","Cerrillos","Barrio Los Olmos","WIRELESS","20"
"66035030","SALTA","Cerrillos","Barrio Los Pinares","ADSL","223"
"66035030","SALTA","Cerrillos","Barrio Los Pinares","FIBRA OPTICA","30"
"66035030","SALTA","Cerrillos","Barrio Los Pinares","WIRELESS","41"
"66035010","SALTA","Cerrillos","Cerrillos","ADSL","80"
"66035010","SALTA","Cerrillos","Cerrillos","CABLEMODEM","2.778"
"66035010","SALTA","Cerrillos","Cerrillos","CELULAR","13"
"66035010","SALTA","Cerrillos","Cerrillos","FIBRA OPTICA","531"
"66035010","SALTA","Cerrillos","Cerrillos","Otros","80"
"66035010","SALTA","Cerrillos","Cerrillos","SATELITAL","493"
"66035010","SALTA","Cerrillos","Cerrillos","WIRELESS","226"
"66035020","SALTA","Cerrillos","La Merced","CELULAR","1"
"66035020","SALTA","Cerrillos","La Merced","FIBRA OPTICA","866"
"66035020","SALTA","Cerrillos","La Merced","Otros","70"
"66035020","SALTA","Cerrillos","La Merced","SATELITAL","99"
"66035020","SALTA","Cerrillos","La Merced","WIRELESS","50"
"66035030","SALTA","Cerrillos","San Agustín","FIBRA OPTICA","61"
"66035030","SALTA","Cerrillos","San Agustín","Otros","20"
"66035030","SALTA","Cerrillos","San Agustín","SATELITAL","130"
"66035030","SALTA","Cerrillos","San Agustín","WIRELESS","91"
"66035040","SALTA","Cerrillos","Villa Los Álamos","SATELITAL","108"
"66042003","SALTA","Chicoana","Barrio Finca La Maroma","FIBRA OPTICA","52"
"66042003","SALTA","Chicoana","Barrio Finca La Maroma","SATELITAL","9"
"66042005","SALTA","Chicoana","Barrio La Rotonda","FIBRA OPTICA","159"
"66042005","SALTA","Chicoana","Barrio La Rotonda","Otros","10"
"66042005","SALTA","Chicoana","Barrio La Rotonda","SATELITAL","22"
"66042005","SALTA","Chicoana","Barrio La Rotonda","WIRELESS","2"
"66042007","SALTA","Chicoana","Barrio Santa Teresita","FIBRA OPTICA","56"
"66042007","SALTA","Chicoana","Barrio Santa Teresita","SATELITAL","30"
"66042010","SALTA","Chicoana","Chicoana","ADSL","47"
"66042010","SALTA","Chicoana","Chicoana","CELULAR","3"
"66042010","SALTA","Chicoana","Chicoana","FIBRA OPTICA","72"
"66042010","SALTA","Chicoana","Chicoana","Otros","15"
"66042010","SALTA","Chicoana","Chicoana","SATELITAL","103"
"66042010","SALTA","Chicoana","Chicoana","WIRELESS","15"
"66042020","SALTA","Chicoana","El Carril","ADSL","85"
"66042020","SALTA","Chicoana","El Carril","CABLEMODEM","198"
"66042020","SALTA","Chicoana","El Carril","CELULAR","11"
"66042020","SALTA","Chicoana","El Carril","FIBRA OPTICA","888"
"66042020","SALTA","Chicoana","El Carril","Otros","120"
"66042020","SALTA","Chicoana","El Carril","SATELITAL","108"
"66042020","SALTA","Chicoana","El Carril","WIRELESS","114"
"0","SALTA","Chicoana","Otros","SATELITAL","29"
"66049010","SALTA","General Güemes","Campo Santo","ADSL","56"
"66049010","SALTA","General Güemes","Campo Santo","CELULAR","4"
"66049010","SALTA","General Güemes","Campo Santo","FIBRA OPTICA","40"
"66049010","SALTA","General Güemes","Campo Santo","SATELITAL","76"
"66049010","SALTA","General Güemes","Campo Santo","WIRELESS","38"
"66049020","SALTA","General Güemes","Cobos","FIBRA OPTICA","61"
"66049020","SALTA","General Güemes","Cobos","SATELITAL","27"
"66049020","SALTA","General Güemes","Cobos","WIRELESS","3"
"66049030","SALTA","General Güemes","El Bordo","FIBRA OPTICA","61"
"66049030","SALTA","General Güemes","El Bordo","SATELITAL","62"
"66049030","SALTA","General Güemes","El Bordo","WIRELESS","38"
"66049040","SALTA","General Güemes","General Güemes","ADSL","160"
"66049040","SALTA","General Güemes","General Güemes","CELULAR","13"
"66049040","SALTA","General Güemes","General Güemes","FIBRA OPTICA","3.310"
"66049040","SALTA","General Güemes","General Güemes","SATELITAL","276"
"66049040","SALTA","General Güemes","General Güemes","WIRELESS","33"
"0","SALTA","General Güemes","Otros","SATELITAL","52"
"66056010","SALTA","Grl. José de San Martín","Aguaray","ADSL","282"
"66056010","SALTA","Grl. José de San Martín","Aguaray","CABLEMODEM","433"
"66056010","SALTA","Grl. José de San Martín","Aguaray","FIBRA OPTICA","91"
"66056010","SALTA","Grl. José de San Martín","Aguaray","SATELITAL","379"
"66056010","SALTA","Grl. José de San Martín","Aguaray","WIRELESS","3"
"66056020","SALTA","Grl. José de San Martín","Campamento Vespucio","ADSL","42"
"66056020","SALTA","Grl. José de San Martín","Campamento Vespucio","CELULAR","39"
"66056020","SALTA","Grl. José de San Martín","Campamento Vespucio","FIBRA OPTICA","50"
"66056020","SALTA","Grl. José de San Martín","Campamento Vespucio","SATELITAL","55"
"66056030","SALTA","Grl. José de San Martín","Campichuelo","Otros","2"
"66056030","SALTA","Grl. José de San Martín","Campichuelo","SATELITAL","12"
"66056040","SALTA","Grl. José de San Martín","Campo Durán","SATELITAL","45"
"66056050","SALTA","Grl. José de San Martín","Capiazuti","SATELITAL","21"
"66056060","SALTA","Grl. José de San Martín","Carboncito","SATELITAL","2"
"66056070","SALTA","Grl. José de San Martín","Coronel Cornejo","ADSL","2"
"66056070","SALTA","Grl. José de San Martín","Coronel Cornejo","FIBRA OPTICA","1"
"66056070","SALTA","Grl. José de San Martín","Coronel Cornejo","SATELITAL","51"
"66056080","SALTA","Grl. José de San Martín","Dragones","FIBRA OPTICA","103"
"66056080","SALTA","Grl. José de San Martín","Dragones","Otros","0"
"66056080","SALTA","Grl. José de San Martín","Dragones","SATELITAL","48"
"66056090","SALTA","Grl. José de San Martín","Embarcación","ADSL","825"
"66056090","SALTA","Grl. José de San Martín","Embarcación","CABLEMODEM","1.299"
"66056090","SALTA","Grl. José de San Martín","Embarcación","CELULAR","73"
"66056090","SALTA","Grl. José de San Martín","Embarcación","Otros","535"
"66056090","SALTA","Grl. José de San Martín","Embarcación","SATELITAL","649"
"66056100","SALTA","Grl. José de San Martín","General Ballivián","FIBRA OPTICA","43"
"66056100","SALTA","Grl. José de San Martín","General Ballivián","SATELITAL","16"
"66056110","SALTA","Grl. José de San Martín","General Mosconi","ADSL","36"
"66056110","SALTA","Grl. José de San Martín","General Mosconi","FIBRA OPTICA","60"
"66056110","SALTA","Grl. José de San Martín","General Mosconi","SATELITAL","106"
"66056110","SALTA","Grl. José de San Martín","General Mosconi","WIRELESS","2"
"66056120","SALTA","Grl. José de San Martín","Hickman","Otros","69"
"66056120","SALTA","Grl. José de San Martín","Hickman","SATELITAL","31"
"66056130","SALTA","Grl. José de San Martín","Misión Chaqueña","SATELITAL","8"
"66056140","SALTA","Grl. José de San Martín","Misión El Cruce - El Milagro - El Jardín de San Martín","Otros","3"
"66056140","SALTA","Grl. José de San Martín","Misión El Cruce - El Milagro - El Jardín de San Martín","SATELITAL","358"
"66056150","SALTA","Grl. José de San Martín","Misión Kilómetro 6","Otros","2"
"66056150","SALTA","Grl. José de San Martín","Misión Kilómetro 6","SATELITAL","6"
"66056200","SALTA","Grl. José de San Martín","Misión Tierras Fiscales","SATELITAL","1"
"0","SALTA","Grl. José de San Martín","Otros","SATELITAL","211"
"66056170","SALTA","Grl. José de San Martín","Pacará","Otros","2"
"66056170","SALTA","Grl. José de San Martín","Pacará","SATELITAL","11"
"66056180","SALTA","Grl. José de San Martín","Padre Lozano","Otros","0"
"66056180","SALTA","Grl. José de San Martín","Padre Lozano","SATELITAL","11"
"66056190","SALTA","Grl. José de San Martín","Piquirenda","SATELITAL","46"
"66056200","SALTA","Grl. José de San Martín","Profesor Salvador Mazza","ADSL","50"
"66056200","SALTA","Grl. José de San Martín","Profesor Salvador Mazza","FIBRA OPTICA","1.352"
"66056200","SALTA","Grl. José de San Martín","Profesor Salvador Mazza","Otros","0"
"66056200","SALTA","Grl. José de San Martín","Profesor Salvador Mazza","SATELITAL","1.486"
"66056200","SALTA","Grl. José de San Martín","Profesor Salvador Mazza","WIRELESS","30"
"66056220","SALTA","Grl. José de San Martín","Tartagal","ADSL","197"
"66056220","SALTA","Grl. José de San Martín","Tartagal","CABLEMODEM","4.429"
"66056220","SALTA","Grl. José de San Martín","Tartagal","CELULAR","109"
"66056220","SALTA","Grl. José de San Martín","Tartagal","FIBRA OPTICA","4.186"
"66056220","SALTA","Grl. José de San Martín","Tartagal","Otros","3.048"
"66056220","SALTA","Grl. José de San Martín","Tartagal","SATELITAL","1.141"
"66056220","SALTA","Grl. José de San Martín","Tartagal","WIRELESS","14"
"66056230","SALTA","Grl. José de San Martín","Tobantirenda","SATELITAL","64"
"66056240","SALTA","Grl. José de San Martín","Tranquitas","SATELITAL","63"
"66056250","SALTA","Grl. José de San Martín","Yacuy","FIBRA OPTICA","18"
"66056250","SALTA","Grl. José de San Martín","Yacuy","SATELITAL","14"
"66063010","SALTA","Guachipas","Guachipas","Otros","35"
"66063010","SALTA","Guachipas","Guachipas","SATELITAL","87"
"66063010","SALTA","Guachipas","Guachipas","WIRELESS","119"
"0","SALTA","Guachipas","Otros","SATELITAL","89"
"66070010","SALTA","Iruya","Iruya","SATELITAL","407"
"66070010","SALTA","Iruya","Iruya","WIRELESS","139"
"66070020","SALTA","Iruya","Isla de Cañas","SATELITAL","33"
"66070020","SALTA","Iruya","Isla de Cañas","WIRELESS","138"
"0","SALTA","Iruya","Otros","SATELITAL","38"
"66070030","SALTA","Iruya","Pueblo Viejo","SATELITAL","17"
"66077010","SALTA","La Caldera","La Caldera","CELULAR","1"
"66077010","SALTA","La Caldera","La Caldera","FIBRA OPTICA","50"
"66077010","SALTA","La Caldera","La Caldera","Otros","293"
"66077010","SALTA","La Caldera","La Caldera","SATELITAL","214"
"66077010","SALTA","La Caldera","La Caldera","WIRELESS","47"
"0","SALTA","La Caldera","Otros","SATELITAL","10"
"66077020","SALTA","La Caldera","Vaqueros","ADSL","65"
"66077020","SALTA","La Caldera","Vaqueros","CELULAR","7"
"66077020","SALTA","La Caldera","Vaqueros","FIBRA OPTICA","80"
"66077020","SALTA","La Caldera","Vaqueros","Otros","250"
"66077020","SALTA","La Caldera","Vaqueros","SATELITAL","601"
"66077020","SALTA","La Caldera","Vaqueros","WIRELESS","501"
"66084010","SALTA","La Candelaria","El Jardín","FIBRA OPTICA","28"
"66084010","SALTA","La Candelaria","El Jardín","SATELITAL","205"
"66084020","SALTA","La Candelaria","El Tala","CELULAR","1"
"66084020","SALTA","La Candelaria","El Tala","FIBRA OPTICA","20"
"66084020","SALTA","La Candelaria","El Tala","SATELITAL","411"
"66084020","SALTA","La Candelaria","El Tala","WIRELESS","104"
"66084030","SALTA","La Candelaria","La Candelaria","FIBRA OPTICA","32"
"66084030","SALTA","La Candelaria","La Candelaria","SATELITAL","78"
"0","SALTA","La Candelaria","Otros","SATELITAL","5"
"66091010","SALTA","La Poma","Cobres","SATELITAL","34"
"66091020","SALTA","La Poma","La Poma","FIBRA OPTICA","152"
"66091020","SALTA","La Poma","La Poma","SATELITAL","87"
"0","SALTA","La Poma","Otros","SATELITAL","77"
"66098010","SALTA","La Viña","Ampascachi","SATELITAL","7"
"66098010","SALTA","La Viña","Ampascachi","WIRELESS","2"
"66098020","SALTA","La Viña","Cabra Corral","SATELITAL","43"
"66098020","SALTA","La Viña","Cabra Corral","WIRELESS","2"
"66098030","SALTA","La Viña","Coronel Moldes","ADSL","27"
"66098030","SALTA","La Viña","Coronel Moldes","CELULAR","5"
"66098030","SALTA","La Viña","Coronel Moldes","Otros","115"
"66098030","SALTA","La Viña","Coronel Moldes","SATELITAL","166"
"66098030","SALTA","La Viña","Coronel Moldes","WIRELESS","5"
"66098040","SALTA","La Viña","La Viña","Otros","1"
"66098040","SALTA","La Viña","La Viña","SATELITAL","40"
"66098040","SALTA","La Viña","La Viña","WIRELESS","49"
"0","SALTA","La Viña","Otros","SATELITAL","18"
"66098050","SALTA","La Viña","Talapampa","SATELITAL","35"
"66098050","SALTA","La Viña","Talapampa","WIRELESS","2"
"66105010","SALTA","Los Andes","Olacapato","FIBRA OPTICA","19"
"66105010","SALTA","Los Andes","Olacapato","SATELITAL","33"
"66105010","SALTA","Los Andes","Olacapato","WIRELESS","40"
"0","SALTA","Los Andes","Otros","SATELITAL","216"
"66105020","SALTA","Los Andes","San Antonio de los Cobres","Otros","0"
"66105020","SALTA","Los Andes","San Antonio de los Cobres","SATELITAL","590"
"66105020","SALTA","Los Andes","San Antonio de los Cobres","WIRELESS","293"
"66105030","SALTA","Los Andes","Santa Rosa de los Pastos Grandes","FIBRA OPTICA","27"
"66105030","SALTA","Los Andes","Santa Rosa de los Pastos Grandes","SATELITAL","36"
"66105030","SALTA","Los Andes","Santa Rosa de los Pastos Grandes","WIRELESS","17"
"66105040","SALTA","Los Andes","Tolar Grande","SATELITAL","79"
"66105040","SALTA","Los Andes","Tolar Grande","WIRELESS","3"
"66112010","SALTA","Metán","El Galpón","ADSL","64"
"66112010","SALTA","Metán","El Galpón","CABLEMODEM","85"
"66112010","SALTA","Metán","El Galpón","CELULAR","10"
"66112010","SALTA","Metán","El Galpón","FIBRA OPTICA","86"
"66112010","SALTA","Metán","El Galpón","SATELITAL","50"
"66112020","SALTA","Metán","El Tunal","FIBRA OPTICA","65"
"66112020","SALTA","Metán","El Tunal","SATELITAL","12"
"66112030","SALTA","Metán","Lumbreras","FIBRA OPTICA","38"
"66112030","SALTA","Metán","Lumbreras","SATELITAL","31"
"66112050","SALTA","Metán","Metán Viejo","FIBRA OPTICA","40"
"66112050","SALTA","Metán","Metán Viejo","SATELITAL","39"
"0","SALTA","Metán","Otros","SATELITAL","157"
"66112070","SALTA","Metán","Río Piedras","ADSL","3"
"66112070","SALTA","Metán","Río Piedras","FIBRA OPTICA","13"
"66112070","SALTA","Metán","Río Piedras","SATELITAL","18"
"66112040","SALTA","Metán","San José de Metán","ADSL","190"
"66112040","SALTA","Metán","San José de Metán","CABLEMODEM","604"
"66112040","SALTA","Metán","San José de Metán","CELULAR","19"
"66112040","SALTA","Metán","San José de Metán","FIBRA OPTICA","1.840"
"66112040","SALTA","Metán","San José de Metán","SATELITAL","223"
"66112080","SALTA","Metán","San José de Orquera","SATELITAL","22"
"66119010","SALTA","Molinos","La Puerta","SATELITAL","9"
"66119020","SALTA","Molinos","Molinos","FIBRA OPTICA","406"
"66119020","SALTA","Molinos","Molinos","SATELITAL","28"
"0","SALTA","Molinos","Otros","SATELITAL","45"
"66119030","SALTA","Molinos","Seclantás","FIBRA OPTICA","250"
"66119030","SALTA","Molinos","Seclantás","SATELITAL","38"
"66126010","SALTA","Orán","Aguas Blancas","FIBRA OPTICA","56"
"66126010","SALTA","Orán","Aguas Blancas","SATELITAL","184"
"66126010","SALTA","Orán","Aguas Blancas","WIRELESS","75"
"66126020","SALTA","Orán","Colonia Santa Rosa","CABLEMODEM","293"
"66126020","SALTA","Orán","Colonia Santa Rosa","FIBRA OPTICA","14"
"66126020","SALTA","Orán","Colonia Santa Rosa","Otros","100"
"66126020","SALTA","Orán","Colonia Santa Rosa","SATELITAL","140"
"66126020","SALTA","Orán","Colonia Santa Rosa","WIRELESS","85"
"66126030","SALTA","Orán","El Tabacal","FIBRA OPTICA","143"
"66126030","SALTA","Orán","El Tabacal","SATELITAL","11"
"66126040","SALTA","Orán","Hipólito Yrigoyen","ADSL","286"
"66126040","SALTA","Orán","Hipólito Yrigoyen","CABLEMODEM","423"
"66126040","SALTA","Orán","Hipólito Yrigoyen","CELULAR","32"
"66126040","SALTA","Orán","Hipólito Yrigoyen","FIBRA OPTICA","187"
"66126040","SALTA","Orán","Hipólito Yrigoyen","Otros","40"
"66126040","SALTA","Orán","Hipólito Yrigoyen","SATELITAL","147"
"66126040","SALTA","Orán","Hipólito Yrigoyen","WIRELESS","107"
"66126010","SALTA","Orán","La Misión","SATELITAL","1"
"0","SALTA","Orán","Otros","SATELITAL","255"
"66126060","SALTA","Orán","Pichanal","ADSL","195"
"66126060","SALTA","Orán","Pichanal","CABLEMODEM","97"
"66126060","SALTA","Orán","Pichanal","CELULAR","27"
"66126060","SALTA","Orán","Pichanal","FIBRA OPTICA","841"
"66126060","SALTA","Orán","Pichanal","Otros","103"
"66126060","SALTA","Orán","Pichanal","SATELITAL","667"
"66126060","SALTA","Orán","Pichanal","WIRELESS","3"
"66126070","SALTA","Orán","San Ramón de la Nueva Orán","ADSL","297"
"66126070","SALTA","Orán","San Ramón de la Nueva Orán","CELULAR","136"
"66126070","SALTA","Orán","San Ramón de la Nueva Orán","FIBRA OPTICA","8.392"
"66126070","SALTA","Orán","San Ramón de la Nueva Orán","Otros","580"
"66126070","SALTA","Orán","San Ramón de la Nueva Orán","SATELITAL","1.057"
"66126070","SALTA","Orán","San Ramón de la Nueva Orán","WIRELESS","25"
"66126080","SALTA","Orán","Urundel","SATELITAL","30"
"66126080","SALTA","Orán","Urundel","WIRELESS","86"
"0","SALTA","OTROS","Otros","Otros","13"
"66133010","SALTA","Rivadavia","Alto de la Sierra","Otros","3"
"66133010","SALTA","Rivadavia","Alto de la Sierra","SATELITAL","230"
"66133010","SALTA","Rivadavia","Alto de la Sierra","WIRELESS","5"
"66133020","SALTA","Rivadavia","Capitán Juan Pagé","FIBRA OPTICA","61"
"66133020","SALTA","Rivadavia","Capitán Juan Pagé","SATELITAL","12"
"66133030","SALTA","Rivadavia","Coronel Juan Solá","ADSL","12"
"66133030","SALTA","Rivadavia","Coronel Juan Solá","CELULAR","6"
"66133030","SALTA","Rivadavia","Coronel Juan Solá","FIBRA OPTICA","163"
"66133030","SALTA","Rivadavia","Coronel Juan Solá","SATELITAL","199"
"66133030","SALTA","Rivadavia","Coronel Juan Solá","WIRELESS","30"
"66133035","SALTA","Rivadavia","Hito 1","SATELITAL","49"
"66133040","SALTA","Rivadavia","La Unión","SATELITAL","52"
"66133050","SALTA","Rivadavia","Los Blancos","FIBRA OPTICA","59"
"66133050","SALTA","Rivadavia","Los Blancos","SATELITAL","16"
"66133050","SALTA","Rivadavia","Los Blancos","WIRELESS","3"
"0","SALTA","Rivadavia","Otros","SATELITAL","1.000"
"66133060","SALTA","Rivadavia","Pluma de Pato","FIBRA OPTICA","56"
"66133060","SALTA","Rivadavia","Pluma de Pato","SATELITAL","10"
"66133070","SALTA","Rivadavia","Rivadavia","SATELITAL","177"
"66133080","SALTA","Rivadavia","Santa María","Otros","5"
"66133080","SALTA","Rivadavia","Santa María","SATELITAL","147"
"66133090","SALTA","Rivadavia","Santa Rosa","SATELITAL","19"
"66133100","SALTA","Rivadavia","Santa Victoria Este","ADSL","5"
"66133100","SALTA","Rivadavia","Santa Victoria Este","CELULAR","1"
"66133100","SALTA","Rivadavia","Santa Victoria Este","Otros","10"
"66133100","SALTA","Rivadavia","Santa Victoria Este","SATELITAL","385"
"66133100","SALTA","Rivadavia","Santa Victoria Este","WIRELESS","70"
"66140010","SALTA","Rosario de la Frontera","Antilla","SATELITAL","66"
"66140020","SALTA","Rosario de la Frontera","Copo Quile","FIBRA OPTICA","27"
"66140020","SALTA","Rosario de la Frontera","Copo Quile","SATELITAL","71"
"66140030","SALTA","Rosario de la Frontera","El Naranjo","FIBRA OPTICA","27"
"66140030","SALTA","Rosario de la Frontera","El Naranjo","SATELITAL","44"
"66140040","SALTA","Rosario de la Frontera","El Potrero","SATELITAL","221"
"0","SALTA","Rosario de la Frontera","Otros","SATELITAL","94"
"66140050","SALTA","Rosario de la Frontera","Rosario de la Frontera","ADSL","33"
"66140050","SALTA","Rosario de la Frontera","Rosario de la Frontera","CABLEMODEM","375"
"66140050","SALTA","Rosario de la Frontera","Rosario de la Frontera","CELULAR","1"
"66140050","SALTA","Rosario de la Frontera","Rosario de la Frontera","FIBRA OPTICA","3.393"
"66140050","SALTA","Rosario de la Frontera","Rosario de la Frontera","SATELITAL","297"
"66140050","SALTA","Rosario de la Frontera","Rosario de la Frontera","WIRELESS","79"
"66140060","SALTA","Rosario de la Frontera","San Felipe","SATELITAL","3"
"66147010","SALTA","Rosario de Lerma","Campo Quijano","ADSL","59"
"66147010","SALTA","Rosario de Lerma","Campo Quijano","CELULAR","7"
"66147010","SALTA","Rosario de Lerma","Campo Quijano","FIBRA OPTICA","392"
"66147010","SALTA","Rosario de Lerma","Campo Quijano","SATELITAL","249"
"66147010","SALTA","Rosario de Lerma","Campo Quijano","WIRELESS","153"
"66147015","SALTA","Rosario de Lerma","La Merced Del Encón","FIBRA OPTICA","578"
"66147015","SALTA","Rosario de Lerma","La Merced del Encón","SATELITAL","481"
"66147015","SALTA","Rosario de Lerma","La Merced Del Encón","WIRELESS","144"
"66147020","SALTA","Rosario de Lerma","La Silleta","ADSL","28"
"66147020","SALTA","Rosario de Lerma","La Silleta","FIBRA OPTICA","552"
"66147020","SALTA","Rosario de Lerma","La Silleta","SATELITAL","163"
"66147020","SALTA","Rosario de Lerma","La Silleta","WIRELESS","101"
"0","SALTA","Rosario de Lerma","Otros","SATELITAL","158"
"66147030","SALTA","Rosario de Lerma","Rosario de Lerma","ADSL","280"
"66147030","SALTA","Rosario de Lerma","Rosario de Lerma","CABLEMODEM","317"
"66147030","SALTA","Rosario de Lerma","Rosario de Lerma","CELULAR","67"
"66147030","SALTA","Rosario de Lerma","Rosario de Lerma","FIBRA OPTICA","1.728"
"66147030","SALTA","Rosario de Lerma","Rosario de Lerma","Otros","10"
"66147030","SALTA","Rosario de Lerma","Rosario de Lerma","SATELITAL","262"
"66147030","SALTA","Rosario de Lerma","Rosario de Lerma","WIRELESS","46"
"66154010","SALTA","San Carlos","Angastaco","FIBRA OPTICA","246"
"66154010","SALTA","San Carlos","Angastaco","SATELITAL","22"
"66154020","SALTA","San Carlos","Animaná","FIBRA OPTICA","155"
"66154020","SALTA","San Carlos","Animaná","Otros","0"
"66154020","SALTA","San Carlos","Animaná","SATELITAL","14"
"66154030","SALTA","San Carlos","El Barrial","Otros","400"
"66154030","SALTA","San Carlos","El Barrial","SATELITAL","3"
"0","SALTA","San Carlos","Otros","SATELITAL","75"
"66154040","SALTA","San Carlos","San Carlos","FIBRA OPTICA","545"
"66154040","SALTA","San Carlos","San Carlos","Otros","0"
"66154040","SALTA","San Carlos","San Carlos","SATELITAL","33"
"66161010","SALTA","Santa Victoria","Acoyte","SATELITAL","7"
"66161010","SALTA","Santa Victoria","Acoyte","WIRELESS","10"
"66161020","SALTA","Santa Victoria","Campo La Cruz","Otros","50"
"66161020","SALTA","Santa Victoria","Campo La Cruz","SATELITAL","2"
"66161030","SALTA","Santa Victoria","Los Toldos","SATELITAL","81"
"66161030","SALTA","Santa Victoria","Los Toldos","WIRELESS","41"
"66161040","SALTA","Santa Victoria","Nazareno","FIBRA OPTICA","57"
"66161040","SALTA","Santa Victoria","Nazareno","Otros","135"
"66161040","SALTA","Santa Victoria","Nazareno","SATELITAL","8"
"0","SALTA","Santa Victoria","Otros","SATELITAL","74"
"66161050","SALTA","Santa Victoria","Poscaya","Otros","30"
"66161050","SALTA","Santa Victoria","Poscaya","SATELITAL","23"
"66161060","SALTA","Santa Victoria","San Marcos","Otros","30"
"66161060","SALTA","Santa Victoria","San Marcos","SATELITAL","92"
"66161070","SALTA","Santa Victoria","Santa Victoria","FIBRA OPTICA","65"
"66161070","SALTA","Santa Victoria","Santa Victoria","SATELITAL","146"
"66161070","SALTA","Santa Victoria","Santa Victoria","WIRELESS","200"
"70063040","SAN JUAN","9 de Julio","9 de Julio","FIBRA OPTICA","662"
"70063040","SAN JUAN","9 de Julio","9 de Julio","SATELITAL","35"
"70063040","SAN JUAN","9 de Julio","9 de Julio","WIRELESS","185"
"70063010","SAN JUAN","9 de Julio","Alto de Sierra","SATELITAL","15"
"70063010","SAN JUAN","9 de Julio","Alto de Sierra","WIRELESS","11"
"70063020","SAN JUAN","9 de Julio","Colonia Fiorito","WIRELESS","13"
"70063030","SAN JUAN","9 de Julio","Las Chacritas","FIBRA OPTICA","428"
"70063030","SAN JUAN","9 de Julio","Las Chacritas","SATELITAL","38"
"70063030","SAN JUAN","9 de Julio","Las Chacritas","WIRELESS","44"
"0","SAN JUAN","9 de Julio","OTROS","SATELITAL","1"
"70126010","SAN JUAN","25 de Mayo","El Encón","SATELITAL","90"
"70126010","SAN JUAN","25 de Mayo","La Chimbera","SATELITAL","11"
"0","SAN JUAN","25 de Mayo","Otros","SATELITAL","43"
"70126020","SAN JUAN","25 de Mayo","Tupelí","SATELITAL","5"
"70126020","SAN JUAN","25 de Mayo","Tupelí","WIRELESS","60"
"70126010","SAN JUAN","25 de Mayo","Villa Borjas","SATELITAL","22"
"70126010","SAN JUAN","25 de Mayo","Villa Borjas","WIRELESS","9"
"70126030","SAN JUAN","25 de Mayo","Villa Borjas - La Chimbera","WIRELESS","80"
"70126040","SAN JUAN","25 de Mayo","Villa El Tango","SATELITAL","9"
"70126050","SAN JUAN","25 de Mayo","Villa Santa Rosa","FIBRA OPTICA","2"
"70126050","SAN JUAN","25 de Mayo","Villa Santa Rosa","SATELITAL","73"
"70126050","SAN JUAN","25 de Mayo","Villa Santa Rosa","WIRELESS","69"
"70007010","SAN JUAN","Albardón","El Rincón","DIAL UP","1"
"70007010","SAN JUAN","Albardón","El Rincón","FIBRA OPTICA","1.051"
"70007010","SAN JUAN","Albardón","El Rincón","SATELITAL","82"
"70007010","SAN JUAN","Albardón","El Rincón","WIRELESS","2"
"70007010","SAN JUAN","Albardón","La Cañada","SATELITAL","19"
"0","SAN JUAN","Albardón","Otros","Otros","300"
"70007010","SAN JUAN","Albardón","Villa Ampacama","SATELITAL","9"
"70007010","SAN JUAN","Albardón","Villa General San Martin","SATELITAL","42"
"70007010","SAN JUAN","Albardón","Villa General San Martin","WIRELESS","64"
"70007020","SAN JUAN","Albardón","Villa General San Martín - Campo Afuera","FIBRA OPTICA","24"
"70007020","SAN JUAN","Albardón","Villa General San Martín - Campo Afuera","WIRELESS","160"
"70014010","SAN JUAN","Angaco","Las Tapias","SATELITAL","22"
"0","SAN JUAN","Angaco","Otros","Otros","72"
"0","SAN JUAN","Angaco","Otros","SATELITAL","1"
"70014010","SAN JUAN","Angaco","Villa El Salvador","SATELITAL","13"
"70014010","SAN JUAN","Angaco","Villa El Salvador","WIRELESS","22"
"70014020","SAN JUAN","Angaco","Villa El Salvador - Villa Sefair","WIRELESS","93"
"70021020","SAN JUAN","Calingasta","Barreal","SATELITAL","308"
"70021010","SAN JUAN","Calingasta","Barreal - Villa Pituil","DIAL UP","1"
"70021010","SAN JUAN","Calingasta","Barreal - Villa Pituil","FIBRA OPTICA","520"
"70021010","SAN JUAN","Calingasta","Barreal - Villa Pituil","SATELITAL","99"
"70021010","SAN JUAN","Calingasta","Barreal - Villa Pituil","WIRELESS","544"
"70021020","SAN JUAN","Calingasta","Calingasta","FIBRA OPTICA","410"
"70021020","SAN JUAN","Calingasta","Calingasta","SATELITAL","109"
"70021020","SAN JUAN","Calingasta","Calingasta","WIRELESS","351"
"0","SAN JUAN","Calingasta","Otros","SATELITAL","87"
"70021030","SAN JUAN","Calingasta","Tamberías","DIAL UP","1"
"70021030","SAN JUAN","Calingasta","Tamberías","SATELITAL","66"
"70021030","SAN JUAN","Calingasta","Tamberías","WIRELESS","272"
"70028010","SAN JUAN","Capital","San Juan","ADSL","54"
"70028010","SAN JUAN","Capital","San Juan","CABLEMODEM","5.275"
"70028010","SAN JUAN","Capital","San Juan","CELULAR","2"
"70028010","SAN JUAN","Capital","San Juan","DIAL UP","186"
"70028010","SAN JUAN","Capital","San Juan","FIBRA OPTICA","45.202"
"70028010","SAN JUAN","Capital","San Juan","SATELITAL","1.527"
"70028010","SAN JUAN","Capital","San Juan","WIRELESS","3.065"
"70035015","SAN JUAN","Caucete","Barrio Justo P. Castro IV","SATELITAL","14"
"70035010","SAN JUAN","Caucete","Bermejo","SATELITAL","11"
"70035020","SAN JUAN","Caucete","Caucete","FIBRA OPTICA","2.722"
"70035020","SAN JUAN","Caucete","Caucete","Otros","2.500"
"70035020","SAN JUAN","Caucete","Caucete","SATELITAL","108"
"70035020","SAN JUAN","Caucete","Caucete","WIRELESS","563"
"70035030","SAN JUAN","Caucete","El Rincón","SATELITAL","12"
"70035050","SAN JUAN","Caucete","Las Talas","SATELITAL","17"
"70035050","SAN JUAN","Caucete","Los Medanos","SATELITAL","7"
"70035050","SAN JUAN","Caucete","Marayes","SATELITAL","8"
"0","SAN JUAN","Caucete","Otros","SATELITAL","20"
"70035060","SAN JUAN","Caucete","Pie de Palo","SATELITAL","15"
"70035070","SAN JUAN","Caucete","Vallecito","Otros","250"
"70035070","SAN JUAN","Caucete","Vallecito","SATELITAL","17"
"70035080","SAN JUAN","Caucete","Villa Independencia","SATELITAL","19"
"70035080","SAN JUAN","Caucete","Villa Independencia","WIRELESS","12"
"70042010","SAN JUAN","Chimbas","Chimbas","ADSL","3"
"70042010","SAN JUAN","Chimbas","Chimbas","CELULAR","1"
"70042010","SAN JUAN","Chimbas","Chimbas","DIAL UP","4"
"70042010","SAN JUAN","Chimbas","Chimbas","FIBRA OPTICA","9.457"
"70042010","SAN JUAN","Chimbas","Chimbas","SATELITAL","13"
"70042010","SAN JUAN","Chimbas","Chimbas","WIRELESS","2.844"
"70042010","SAN JUAN","Chimbas","El Mogote","SATELITAL","11"
"70042010","SAN JUAN","Chimbas","Villa Paula Albarracin","SATELITAL","158"
"70042010","SAN JUAN","Chimbas","Villa Paula Albarracin","WIRELESS","83"
"70049010","SAN JUAN","Iglesia","Angualasto","FIBRA OPTICA","18"
"70049010","SAN JUAN","Iglesia","Angualasto","SATELITAL","19"
"70049010","SAN JUAN","Iglesia","Angualasto","WIRELESS","42"
"70049020","SAN JUAN","Iglesia","Bella Vista","FIBRA OPTICA","11"
"70049020","SAN JUAN","Iglesia","Bella Vista","SATELITAL","24"
"70049020","SAN JUAN","Iglesia","Bella Vista","WIRELESS","25"
"70049030","SAN JUAN","Iglesia","Iglesia","FIBRA OPTICA","33"
"70049030","SAN JUAN","Iglesia","Iglesia","SATELITAL","43"
"70049030","SAN JUAN","Iglesia","Iglesia","WIRELESS","78"
"70049040","SAN JUAN","Iglesia","Las Flores","FIBRA OPTICA","37"
"70049040","SAN JUAN","Iglesia","Las Flores","SATELITAL","99"
"70049040","SAN JUAN","Iglesia","Las Flores","WIRELESS","87"
"0","SAN JUAN","Iglesia","Otros","SATELITAL","151"
"70049050","SAN JUAN","Iglesia","Pismanta","SATELITAL","10"
"70049060","SAN JUAN","Iglesia","Rodeo","FIBRA OPTICA","189"
"70049060","SAN JUAN","Iglesia","Rodeo","Otros","10"
"70049060","SAN JUAN","Iglesia","Rodeo","SATELITAL","203"
"70049060","SAN JUAN","Iglesia","Rodeo","WIRELESS","440"
"70049070","SAN JUAN","Iglesia","Tudcum","FIBRA OPTICA","31"
"70049070","SAN JUAN","Iglesia","Tudcum","SATELITAL","31"
"70049070","SAN JUAN","Iglesia","Tudcum","WIRELESS","72"
"70056040","SAN JUAN","Jáchal","El Fiscal","SATELITAL","16"
"70056020","SAN JUAN","Jáchal","Gran China","SATELITAL","6"
"70056020","SAN JUAN","Jáchal","Gran China","WIRELESS","32"
"70056030","SAN JUAN","Jáchal","Huaco","SATELITAL","8"
"70056030","SAN JUAN","Jáchal","Huaco","WIRELESS","96"
"70056040","SAN JUAN","Jáchal","La Falda","SATELITAL","10"
"70056040","SAN JUAN","Jáchal","Mogna","SATELITAL","18"
"70056050","SAN JUAN","Jáchal","Niquivil","FIBRA OPTICA","11"
"70056050","SAN JUAN","Jáchal","Niquivil","SATELITAL","18"
"70056050","SAN JUAN","Jáchal","Niquivil","WIRELESS","25"
"0","SAN JUAN","Jáchal","Otros","SATELITAL","72"
"70056060","SAN JUAN","Jáchal","Pampa Vieja","FIBRA OPTICA","2"
"70056060","SAN JUAN","Jáchal","Pampa Vieja","WIRELESS","61"
"70056070","SAN JUAN","Jáchal","San Isidro","FIBRA OPTICA","17"
"70056070","SAN JUAN","Jáchal","San Isidro","SATELITAL","19"
"70056070","SAN JUAN","Jáchal","San Isidro","WIRELESS","86"
"70056080","SAN JUAN","Jáchal","San José de Jáchal","FIBRA OPTICA","634"
"70056080","SAN JUAN","Jáchal","San José de Jáchal","SATELITAL","138"
"70056080","SAN JUAN","Jáchal","San José de Jáchal","WIRELESS","1.194"
"70056090","SAN JUAN","Jáchal","Tamberías","FIBRA OPTICA","11"
"70056090","SAN JUAN","Jáchal","Tamberías","SATELITAL","10"
"70056090","SAN JUAN","Jáchal","Tamberías","WIRELESS","69"
"70056100","SAN JUAN","Jáchal","Villa Malvinas Argentinas","SATELITAL","10"
"70056110","SAN JUAN","Jáchal","Villa Mercedes","FIBRA OPTICA","19"
"70056110","SAN JUAN","Jáchal","Villa Mercedes","SATELITAL","46"
"70056110","SAN JUAN","Jáchal","Villa Mercedes","WIRELESS","137"
"0","SAN JUAN","Otros","Otros","Otros","450"
"70070005","SAN JUAN","Pocito","Barrio Municipal","SATELITAL","5"
"70070010","SAN JUAN","Pocito","Barrio Ruta 40","SATELITAL","1"
"70070020","SAN JUAN","Pocito","Carpintería","SATELITAL","7"
"70070010","SAN JUAN","Pocito","La Rinconada","SATELITAL","61"
"70070025","SAN JUAN","Pocito","Las Piedritas","SATELITAL","20"
"70070030","SAN JUAN","Pocito","Quinto Cuartel","SATELITAL","21"
"70070030","SAN JUAN","Pocito","Quinto Cuartel","WIRELESS","97"
"70070010","SAN JUAN","Pocito","Villa Aberastain","SATELITAL","49"
"70070010","SAN JUAN","Pocito","Villa Aberastain","WIRELESS","48"
"70070040","SAN JUAN","Pocito","Villa Aberastain - La Rinconada","ADSL","2"
"70070040","SAN JUAN","Pocito","Villa Aberastain - La Rinconada","CABLEMODEM","499"
"70070040","SAN JUAN","Pocito","Villa Aberastain - La Rinconada","FIBRA OPTICA","1.495"
"70070040","SAN JUAN","Pocito","Villa Aberastain - La Rinconada","SATELITAL","1"
"70070040","SAN JUAN","Pocito","Villa Aberastain - La Rinconada","WIRELESS","536"
"70070050","SAN JUAN","Pocito","Villa Barbosa - Villa Nacusi","SATELITAL","137"
"70070050","SAN JUAN","Pocito","Villa Barbosa - Villa Nacusi","WIRELESS","42"
"70070010","SAN JUAN","Pocito","Villa Barboza","SATELITAL","59"
"70070060","SAN JUAN","Pocito","Villa Centenario","SATELITAL","43"
"70077010","SAN JUAN","Rawson","El Medanito","SATELITAL","182"
"70077010","SAN JUAN","Rawson","El Medanito","WIRELESS","11"
"0","SAN JUAN","Rawson","Otros","SATELITAL","2"
"70077010","SAN JUAN","Rawson","Rawson","ADSL","1"
"70077010","SAN JUAN","Rawson","Rawson","CABLEMODEM","4.306"
"70077010","SAN JUAN","Rawson","Rawson","DIAL UP","11"
"70077010","SAN JUAN","Rawson","Rawson","FIBRA OPTICA","26.370"
"70077010","SAN JUAN","Rawson","Rawson","SATELITAL","127"
"70077010","SAN JUAN","Rawson","Rawson","WIRELESS","1.861"
"70077020","SAN JUAN","Rawson","Villa Bolaños","SATELITAL","178"
"70077020","SAN JUAN","Rawson","Villa Bolaños","WIRELESS","185"
"70077020","SAN JUAN","Rawson","Villa Krause","SATELITAL","260"
"70077020","SAN JUAN","Rawson","Villa Krause","WIRELESS","271"
"70084010","SAN JUAN","Rivadavia","Rivadavia","ADSL","2"
"70084010","SAN JUAN","Rivadavia","Rivadavia","CABLEMODEM","3.483"
"70084010","SAN JUAN","Rivadavia","Rivadavia","DIAL UP","6"
"70084010","SAN JUAN","Rivadavia","Rivadavia","FIBRA OPTICA","7.956"
"70084010","SAN JUAN","Rivadavia","Rivadavia","SATELITAL","463"
"70084010","SAN JUAN","Rivadavia","Rivadavia","WIRELESS","1.818"
"70091010","SAN JUAN","San Martín","Barrio Sadop","SATELITAL","5"
"70091020","SAN JUAN","San Martín","Dos Acequias (Est. Los Angacos)","SATELITAL","11"
"70091020","SAN JUAN","San Martín","Dos Acequias (Est. Los Angacos)","WIRELESS","74"
"0","SAN JUAN","San Martín","Otros","SATELITAL","2"
"70091030","SAN JUAN","San Martín","San Isidro (Est. Los Angacos)","SATELITAL","10"
"70091050","SAN JUAN","San Martín","Villa Dominguito (Est. Puntilla Blanca)","SATELITAL","7"
"70091060","SAN JUAN","San Martín","Villa Don Bosco (Est. Angaco Sud)","SATELITAL","8"
"70091060","SAN JUAN","San Martín","Villa Don Bosco (Est. Angaco Sud)","WIRELESS","72"
"70091040","SAN JUAN","San Martín","Villa El Salvador","SATELITAL","5"
"70091070","SAN JUAN","San Martín","Villa San Martín","FIBRA OPTICA","14"
"70091070","SAN JUAN","San Martín","Villa San Martín","Otros","210"
"70091070","SAN JUAN","San Martín","Villa San Martín","SATELITAL","11"
"70091070","SAN JUAN","San Martín","Villa San Martín","WIRELESS","72"
"70098010","SAN JUAN","Santa Lucía","Alto De Sierra","SATELITAL","14"
"70098010","SAN JUAN","Santa Lucía","Alto De Sierra","WIRELESS","88"
"70098010","SAN JUAN","Santa Lucía","Colonia Gutierrez","SATELITAL","411"
"70098010","SAN JUAN","Santa Lucía","Santa Lucía","ADSL","1"
"70098010","SAN JUAN","Santa Lucía","Santa Lucía","CABLEMODEM","948"
"70098010","SAN JUAN","Santa Lucía","Santa Lucía","CELULAR","1"
"70098010","SAN JUAN","Santa Lucía","Santa Lucía","DIAL UP","6"
"70098010","SAN JUAN","Santa Lucía","Santa Lucía","FIBRA OPTICA","6.985"
"70098010","SAN JUAN","Santa Lucía","Santa Lucía","SATELITAL","103"
"70098010","SAN JUAN","Santa Lucía","Santa Lucía","WIRELESS","2.367"
"70105010","SAN JUAN","Sarmiento","Cañada Honda","FIBRA OPTICA","1"
"70105010","SAN JUAN","Sarmiento","Cañada Honda","SATELITAL","25"
"70105020","SAN JUAN","Sarmiento","Cienaguita","SATELITAL","38"
"70105020","SAN JUAN","Sarmiento","Cienaguita","WIRELESS","1"
"70105030","SAN JUAN","Sarmiento","Colonia Fiscal","SATELITAL","6"
"70105040","SAN JUAN","Sarmiento","Divisadero","SATELITAL","16"
"70105050","SAN JUAN","Sarmiento","Guanacache","SATELITAL","20"
"70105060","SAN JUAN","Sarmiento","Las Lagunas","SATELITAL","10"
"70105070","SAN JUAN","Sarmiento","Los Berros","FIBRA OPTICA","1"
"70105070","SAN JUAN","Sarmiento","Los Berros","SATELITAL","44"
"70105070","SAN JUAN","Sarmiento","Los Berros","WIRELESS","54"
"0","SAN JUAN","Sarmiento","Otros","SATELITAL","29"
"70105080","SAN JUAN","Sarmiento","Pedernal","SATELITAL","82"
"70105090","SAN JUAN","Sarmiento","Punta del Médano","SATELITAL","20"
"70105100","SAN JUAN","Sarmiento","Villa Media Agua","FIBRA OPTICA","44"
"70105100","SAN JUAN","Sarmiento","Villa Media Agua","SATELITAL","73"
"70105100","SAN JUAN","Sarmiento","Villa Media Agua","WIRELESS","263"
"0","SAN JUAN","Ullum","Otros","SATELITAL","15"
"70112010","SAN JUAN","Ullum","Villa Ibáñez","DIAL UP","1"
"70112010","SAN JUAN","Ullum","Villa Ibáñez","SATELITAL","43"
"70112010","SAN JUAN","Ullum","Villa Ibáñez","WIRELESS","411"
"70119010","SAN JUAN","Valle Fértil","Astica","SATELITAL","47"
"70119010","SAN JUAN","Valle Fértil","Astica","WIRELESS","30"
"70119020","SAN JUAN","Valle Fértil","Balde del Rosario","SATELITAL","25"
"70119030","SAN JUAN","Valle Fértil","Chucuma","SATELITAL","11"
"70119040","SAN JUAN","Valle Fértil","Los Baldecitos","SATELITAL","12"
"0","SAN JUAN","Valle Fértil","Otros","Otros","190"
"0","SAN JUAN","Valle Fértil","Otros","SATELITAL","102"
"70119050","SAN JUAN","Valle Fértil","Usno","SATELITAL","19"
"70119060","SAN JUAN","Valle Fértil","Villa San Agustín","FIBRA OPTICA","1"
"70119060","SAN JUAN","Valle Fértil","Villa San Agustín","SATELITAL","386"
"70119060","SAN JUAN","Valle Fértil","Villa San Agustín","WIRELESS","260"
"0","SAN JUAN","Zonda","Otros","SATELITAL","18"
"70133010","SAN JUAN","Zonda","Villa Basilio Nievas","SATELITAL","82"
"70133010","SAN JUAN","Zonda","Villa Basilio Nievas","WIRELESS","386"
"70133010","SAN JUAN","Zonda","Villa Tacu","SATELITAL","15"
"74007010","SAN LUIS","Ayacucho","Baldecito De La Pampa","SATELITAL","3"
"74007050","SAN LUIS","Ayacucho","Balde De Azcurra","SATELITAL","5"
"74007010","SAN LUIS","Ayacucho","Balde Del Carmen","SATELITAL","1"
"74007070","SAN LUIS","Ayacucho","Balde De Los Torres","SATELITAL","2"
"74007070","SAN LUIS","Ayacucho","Balde Retamo","SATELITAL","2"
"74007010","SAN LUIS","Ayacucho","Candelaria","FIBRA OPTICA","518"
"74007010","SAN LUIS","Ayacucho","Candelaria","SATELITAL","33"
"74007010","SAN LUIS","Ayacucho","Candelaria","WIRELESS","623"
"74007010","SAN LUIS","Ayacucho","Carpinteria","SATELITAL","12"
"74007070","SAN LUIS","Ayacucho","El Calden","SATELITAL","1"
"74007010","SAN LUIS","Ayacucho","El Vinagrillo","SATELITAL","8"
"74007070","SAN LUIS","Ayacucho","El Zapallar","SATELITAL","14"
"74007070","SAN LUIS","Ayacucho","La Aguada","SATELITAL","5"
"74007010","SAN LUIS","Ayacucho","La Avenencia","SATELITAL","9"
"74007010","SAN LUIS","Ayacucho","La Botija","SATELITAL","8"
"74007070","SAN LUIS","Ayacucho","La Brea","SATELITAL","4"
"74007010","SAN LUIS","Ayacucho","La Majada","SATELITAL","62"
"74007010","SAN LUIS","Ayacucho","La Majada","WIRELESS","235"
"74007010","SAN LUIS","Ayacucho","La Salvadora","SATELITAL","1"
"74007010","SAN LUIS","Ayacucho","Las Chacras","SATELITAL","30"
"74007050","SAN LUIS","Ayacucho","Las Chimbas","SATELITAL","2"
"74007070","SAN LUIS","Ayacucho","Las Lagunitas","SATELITAL","6"
"74007030","SAN LUIS","Ayacucho","Leandro N. Alem","WIRELESS","9"
"74007010","SAN LUIS","Ayacucho","Lomas Blancas","SATELITAL","7"
"74007010","SAN LUIS","Ayacucho","Lomas Blancas","WIRELESS","26"
"74007040","SAN LUIS","Ayacucho","Luján","FIBRA OPTICA","2"
"74007040","SAN LUIS","Ayacucho","Luján","SATELITAL","199"
"74007040","SAN LUIS","Ayacucho","Luján","WIRELESS","1.014"
"0","SAN LUIS","Ayacucho","Otros","SATELITAL","36"
"74007010","SAN LUIS","Ayacucho","Pampa Grande","SATELITAL","8"
"74007010","SAN LUIS","Ayacucho","Pozo Del Molle","SATELITAL","17"
"74007050","SAN LUIS","Ayacucho","Quines","SATELITAL","337"
"74007050","SAN LUIS","Ayacucho","Quines","WIRELESS","1.429"
"74007010","SAN LUIS","Ayacucho","Río Juan Gómez","SATELITAL","24"
"74007010","SAN LUIS","Ayacucho","Río Juan Gómez","WIRELESS","41"
"74007070","SAN LUIS","Ayacucho","San Francisco del Monte de Oro","SATELITAL","286"
"74007070","SAN LUIS","Ayacucho","San Francisco del Monte de Oro","WIRELESS","1.868"
"74007070","SAN LUIS","Ayacucho","San Ignacio","SATELITAL","5"
"74007070","SAN LUIS","Ayacucho","San Miguel","SATELITAL","22"
"74007050","SAN LUIS","Ayacucho","San Roque","SATELITAL","16"
"74007070","SAN LUIS","Ayacucho","Santa Ana","SATELITAL","4"
"74007010","SAN LUIS","Ayacucho","Santa Rosa De Catantal","SATELITAL","14"
"74007070","SAN LUIS","Ayacucho","Santa Teresa","SATELITAL","9"
"74007010","SAN LUIS","Ayacucho","Talita","SATELITAL","1"
"74014030","SAN LUIS","Belgrano","Arbol Solo","SATELITAL","7"
"74014030","SAN LUIS","Belgrano","Bella Estancia","SATELITAL","3"
"74014030","SAN LUIS","Belgrano","Buen Orden","SATELITAL","3"
"74014010","SAN LUIS","Belgrano","El Barrial","SATELITAL","6"
"74014010","SAN LUIS","Belgrano","El Milagro","SATELITAL","13"
"74014010","SAN LUIS","Belgrano","El Recodo","SATELITAL","4"
"74014010","SAN LUIS","Belgrano","Estancia De Amieva","SATELITAL","5"
"74014030","SAN LUIS","Belgrano","Hualtaran","SATELITAL","14"
"74014010","SAN LUIS","Belgrano","La Calera","FIBRA OPTICA","111"
"74014010","SAN LUIS","Belgrano","La Calera","SATELITAL","53"
"74014010","SAN LUIS","Belgrano","La Calera","WIRELESS","196"
"74014030","SAN LUIS","Belgrano","Las Lagunitas","SATELITAL","5"
"74014010","SAN LUIS","Belgrano","Los Molles","SATELITAL","63"
"74014010","SAN LUIS","Belgrano","Los Molles","WIRELESS","423"
"74014030","SAN LUIS","Belgrano","Los Ramblones","SATELITAL","4"
"74014040","SAN LUIS","Belgrano","Naranjo Esquino","SATELITAL","6"
"74014020","SAN LUIS","Belgrano","Nogolí","FIBRA OPTICA","180"
"74014020","SAN LUIS","Belgrano","Nogolí","SATELITAL","71"
"74014020","SAN LUIS","Belgrano","Nogolí","WIRELESS","623"
"0","SAN LUIS","Belgrano","Otros","SATELITAL","65"
"74014010","SAN LUIS","Belgrano","Pozo Cavado","SATELITAL","6"
"74014010","SAN LUIS","Belgrano","Pozo Del Tala","SATELITAL","9"
"74014040","SAN LUIS","Belgrano","Represa Del Carmen","SATELITAL","8"
"74014030","SAN LUIS","Belgrano","San Antonio","SATELITAL","23"
"74014040","SAN LUIS","Belgrano","San Pedro","SATELITAL","4"
"74014040","SAN LUIS","Belgrano","San Pedro","WIRELESS","0"
"74014010","SAN LUIS","Belgrano","Suyuque Nuevo","SATELITAL","20"
"74014010","SAN LUIS","Belgrano","Toro Negro","SATELITAL","15"
"74014030","SAN LUIS","Belgrano","Villa de la Quebrada","FIBRA OPTICA","157"
"74014030","SAN LUIS","Belgrano","Villa de la Quebrada","SATELITAL","88"
"74014030","SAN LUIS","Belgrano","Villa de la Quebrada","WIRELESS","737"
"74014040","SAN LUIS","Belgrano","Villa General Roca","FIBRA OPTICA","59"
"74014040","SAN LUIS","Belgrano","Villa General Roca","SATELITAL","12"
"74014040","SAN LUIS","Belgrano","Villa General Roca","WIRELESS","184"
"74028030","SAN LUIS","Chacabuco","Balcarce","SATELITAL","65"
"74028010","SAN LUIS","Chacabuco","Concarán","SATELITAL","201"
"74028010","SAN LUIS","Chacabuco","Concarán","WIRELESS","1.913"
"74028020","SAN LUIS","Chacabuco","Cortaderas","FIBRA OPTICA","205"
"74028020","SAN LUIS","Chacabuco","Cortaderas","SATELITAL","356"
"74028020","SAN LUIS","Chacabuco","Cortaderas","WIRELESS","886"
"74028020","SAN LUIS","Chacabuco","El Algarrobal","SATELITAL","4"
"74028080","SAN LUIS","Chacabuco","El Churrasco","SATELITAL","5"
"74028030","SAN LUIS","Chacabuco","El Recuerdo","SATELITAL","20"
"74028080","SAN LUIS","Chacabuco","El Sifon","SATELITAL","9"
"74028020","SAN LUIS","Chacabuco","El Tala","SATELITAL","9"
"74028020","SAN LUIS","Chacabuco","La Celestina","SATELITAL","7"
"74028030","SAN LUIS","Chacabuco","Las Rosas","SATELITAL","2"
"74028030","SAN LUIS","Chacabuco","Naschel","SATELITAL","153"
"74028030","SAN LUIS","Chacabuco","Naschel","WIRELESS","1.124"
"0","SAN LUIS","Chacabuco","Otros","SATELITAL","4"
"74028040","SAN LUIS","Chacabuco","Papagayos","SATELITAL","29"
"74028040","SAN LUIS","Chacabuco","Papagayos","WIRELESS","56"
"74028030","SAN LUIS","Chacabuco","Pozo Cavado","SATELITAL","1"
"74028030","SAN LUIS","Chacabuco","Punta De La Loma","SATELITAL","5"
"74028050","SAN LUIS","Chacabuco","Renca","SATELITAL","37"
"74028050","SAN LUIS","Chacabuco","Renca","WIRELESS","261"
"74028020","SAN LUIS","Chacabuco","San Felipe","SATELITAL","12"
"74028020","SAN LUIS","Chacabuco","San Miguel","SATELITAL","7"
"74028060","SAN LUIS","Chacabuco","San Pablo","SATELITAL","27"
"74028060","SAN LUIS","Chacabuco","San Pablo","WIRELESS","125"
"74028030","SAN LUIS","Chacabuco","Santa Martina","SATELITAL","6"
"74028070","SAN LUIS","Chacabuco","Tilisarao","SATELITAL","238"
"74028070","SAN LUIS","Chacabuco","Tilisarao","WIRELESS","1.547"
"74028080","SAN LUIS","Chacabuco","Villa del Carmen","FIBRA OPTICA","120"
"74028080","SAN LUIS","Chacabuco","Villa del Carmen","SATELITAL","29"
"74028080","SAN LUIS","Chacabuco","Villa del Carmen","WIRELESS","328"
"74028090","SAN LUIS","Chacabuco","Villa Larca","FIBRA OPTICA","171"
"74028090","SAN LUIS","Chacabuco","Villa Larca","SATELITAL","93"
"74028090","SAN LUIS","Chacabuco","Villa Larca","WIRELESS","468"
"74021030","SAN LUIS","Coronel Pringles","Balde De La Isla","SATELITAL","9"
"74021010","SAN LUIS","Coronel Pringles","Carolina","FIBRA OPTICA","11"
"74021010","SAN LUIS","Coronel Pringles","Carolina","SATELITAL","42"
"74021010","SAN LUIS","Coronel Pringles","Carolina","WIRELESS","332"
"74021030","SAN LUIS","Coronel Pringles","Cienaga De Intihuasi","SATELITAL","3"
"74021030","SAN LUIS","Coronel Pringles","El Baldecito","SATELITAL","9"
"74021060","SAN LUIS","Coronel Pringles","El Durazno","FIBRA OPTICA","1"
"74021060","SAN LUIS","Coronel Pringles","El Durazno","SATELITAL","77"
"74021060","SAN LUIS","Coronel Pringles","El Durazno","WIRELESS","132"
"74021010","SAN LUIS","Coronel Pringles","Eleodoro Lobos","SATELITAL","13"
"74021020","SAN LUIS","Coronel Pringles","El Trapiche","FIBRA OPTICA","460"
"74021020","SAN LUIS","Coronel Pringles","El Trapiche","SATELITAL","280"
"74021020","SAN LUIS","Coronel Pringles","El Trapiche","WIRELESS","1.715"
"74021025","SAN LUIS","Coronel Pringles","Estancia Grande","SATELITAL","48"
"74021030","SAN LUIS","Coronel Pringles","Fraga","FIBRA OPTICA","213"
"74021030","SAN LUIS","Coronel Pringles","Fraga","SATELITAL","27"
"74021030","SAN LUIS","Coronel Pringles","Fraga","WIRELESS","332"
"74021030","SAN LUIS","Coronel Pringles","Intihuasi","SATELITAL","14"
"74021040","SAN LUIS","Coronel Pringles","La Bajada","SATELITAL","7"
"74021040","SAN LUIS","Coronel Pringles","La Bajada","WIRELESS","48"
"74021050","SAN LUIS","Coronel Pringles","La Florida","FIBRA OPTICA","34"
"74021050","SAN LUIS","Coronel Pringles","La Florida","SATELITAL","87"
"74021050","SAN LUIS","Coronel Pringles","La Florida","WIRELESS","477"
"74021010","SAN LUIS","Coronel Pringles","La Petra","SATELITAL","6"
"74021030","SAN LUIS","Coronel Pringles","Las Barranquitas","SATELITAL","27"
"74021030","SAN LUIS","Coronel Pringles","Las Pircas","SATELITAL","8"
"74021060","SAN LUIS","Coronel Pringles","La Toma","ADSL","100"
"74021060","SAN LUIS","Coronel Pringles","La Toma","FIBRA OPTICA","1.029"
"74021060","SAN LUIS","Coronel Pringles","La Toma","SATELITAL","146"
"74021060","SAN LUIS","Coronel Pringles","La Toma","WIRELESS","1.955"
"74021010","SAN LUIS","Coronel Pringles","La Totora","SATELITAL","8"
"74021030","SAN LUIS","Coronel Pringles","Loma Alta","SATELITAL","1"
"74021030","SAN LUIS","Coronel Pringles","Marmol Verde","SATELITAL","11"
"0","SAN LUIS","Coronel Pringles","Otros","SATELITAL","94"
"74021030","SAN LUIS","Coronel Pringles","Pampa Del Tamboreo","SATELITAL","24"
"74021030","SAN LUIS","Coronel Pringles","Paso Del Rey","SATELITAL","14"
"74021070","SAN LUIS","Coronel Pringles","Riocito","SATELITAL","16"
"74021080","SAN LUIS","Coronel Pringles","Río Grande","SATELITAL","48"
"74021080","SAN LUIS","Coronel Pringles","Río Grande","WIRELESS","321"
"74021090","SAN LUIS","Coronel Pringles","Saladillo","FIBRA OPTICA","46"
"74021090","SAN LUIS","Coronel Pringles","Saladillo","SATELITAL","28"
"74021090","SAN LUIS","Coronel Pringles","Saladillo","WIRELESS","79"
"74021030","SAN LUIS","Coronel Pringles","Valle De Pancanta","SATELITAL","24"
"74035055","SAN LUIS","General Pedernera","5Ta Brigada","SATELITAL","5"
"74035040","SAN LUIS","General Pedernera","Caldenadas","SATELITAL","12"
"74035055","SAN LUIS","General Pedernera","Colonia Don Antonio","SATELITAL","5"
"74035055","SAN LUIS","General Pedernera","Coronel Alzogaray","SATELITAL","8"
"74035055","SAN LUIS","General Pedernera","Coronel Alzogaray","WIRELESS","1"
"74035055","SAN LUIS","General Pedernera","Country Club Los Caldenes","SATELITAL","11"
"74035055","SAN LUIS","General Pedernera","Dique Vulpiani","SATELITAL","46"
"74035010","SAN LUIS","General Pedernera","Juan Jorba","FIBRA OPTICA","21"
"74035010","SAN LUIS","General Pedernera","Juan Jorba","SATELITAL","28"
"74035010","SAN LUIS","General Pedernera","Juan Jorba","WIRELESS","118"
"74035020","SAN LUIS","General Pedernera","Juan Llerena","SATELITAL","3"
"74035020","SAN LUIS","General Pedernera","Juan Llerena","WIRELESS","158"
"74035030","SAN LUIS","General Pedernera","Justo Daract","ADSL","1"
"74035030","SAN LUIS","General Pedernera","Justo Daract","DIAL UP","4"
"74035030","SAN LUIS","General Pedernera","Justo Daract","FIBRA OPTICA","578"
"74035030","SAN LUIS","General Pedernera","Justo Daract","SATELITAL","123"
"74035030","SAN LUIS","General Pedernera","Justo Daract","WIRELESS","1.559"
"74035040","SAN LUIS","General Pedernera","La Angelina","SATELITAL","10"
"74035040","SAN LUIS","General Pedernera","La Angelina","WIRELESS","9"
"74035055","SAN LUIS","General Pedernera","La Esquina","SATELITAL","31"
"74035040","SAN LUIS","General Pedernera","La Punilla","FIBRA OPTICA","38"
"74035040","SAN LUIS","General Pedernera","La Punilla","SATELITAL","64"
"74035040","SAN LUIS","General Pedernera","La Punilla","WIRELESS","103"
"74035055","SAN LUIS","General Pedernera","La Ribera","SATELITAL","151"
"74035055","SAN LUIS","General Pedernera","Las Isletas","SATELITAL","4"
"74035050","SAN LUIS","General Pedernera","Lavaisse","SATELITAL","26"
"74035050","SAN LUIS","General Pedernera","Lavaisse","WIRELESS","50"
"74035055","SAN LUIS","General Pedernera","Liborio Luna","SATELITAL","28"
"74035055","SAN LUIS","General Pedernera","Nación Ranquel","SATELITAL","10"
"0","SAN LUIS","General Pedernera","Otros","SATELITAL","246"
"74035055","SAN LUIS","General Pedernera","Rio Quinto","SATELITAL","5"
"74035060","SAN LUIS","General Pedernera","San José del Morro","SATELITAL","25"
"74035060","SAN LUIS","General Pedernera","San José del Morro","WIRELESS","306"
"74035070","SAN LUIS","General Pedernera","Villa Mercedes","ADSL","11"
"74035070","SAN LUIS","General Pedernera","Villa Mercedes","CABLEMODEM","9.873"
"74035070","SAN LUIS","General Pedernera","Villa Mercedes","DIAL UP","62"
"74035070","SAN LUIS","General Pedernera","Villa Mercedes","FIBRA OPTICA","29.495"
"74035070","SAN LUIS","General Pedernera","Villa Mercedes","SATELITAL","618"
"74035070","SAN LUIS","General Pedernera","Villa Mercedes","WIRELESS","8.125"
"74035080","SAN LUIS","General Pedernera","Villa Reynolds","SATELITAL","96"
"74035090","SAN LUIS","General Pedernera","Villa Salles","WIRELESS","39"
"74042010","SAN LUIS","Gobernador Dupuy","Anchorena","DIAL UP","1"
"74042010","SAN LUIS","Gobernador Dupuy","Anchorena","SATELITAL","96"
"74042010","SAN LUIS","Gobernador Dupuy","Anchorena","WIRELESS","181"
"74042020","SAN LUIS","Gobernador Dupuy","Arizona","DIAL UP","2"
"74042020","SAN LUIS","Gobernador Dupuy","Arizona","SATELITAL","168"
"74042020","SAN LUIS","Gobernador Dupuy","Arizona","WIRELESS","184"
"74042030","SAN LUIS","Gobernador Dupuy","Bagual","SATELITAL","26"
"74042030","SAN LUIS","Gobernador Dupuy","Bagual","WIRELESS","107"
"74042040","SAN LUIS","Gobernador Dupuy","Batavia","SATELITAL","109"
"74042040","SAN LUIS","Gobernador Dupuy","Batavia","WIRELESS","89"
"74042050","SAN LUIS","Gobernador Dupuy","Buena Esperanza","DIAL UP","1"
"74042050","SAN LUIS","Gobernador Dupuy","Buena Esperanza","SATELITAL","360"
"74042050","SAN LUIS","Gobernador Dupuy","Buena Esperanza","WIRELESS","1.067"
"74042060","SAN LUIS","Gobernador Dupuy","Fortín El Patria","SATELITAL","60"
"74042060","SAN LUIS","Gobernador Dupuy","Fortín El Patria","WIRELESS","175"
"74042070","SAN LUIS","Gobernador Dupuy","Fortuna","FIBRA OPTICA","145"
"74042070","SAN LUIS","Gobernador Dupuy","Fortuna","SATELITAL","64"
"74042070","SAN LUIS","Gobernador Dupuy","Fortuna","WIRELESS","136"
"74042080","SAN LUIS","Gobernador Dupuy","La Maroma","SATELITAL","6"
"74042090","SAN LUIS","Gobernador Dupuy","Los Overos","SATELITAL","6"
"74042100","SAN LUIS","Gobernador Dupuy","Martín de Loyola","SATELITAL","23"
"74042100","SAN LUIS","Gobernador Dupuy","Martín de Loyola","WIRELESS","27"
"74042110","SAN LUIS","Gobernador Dupuy","Nahuel Mapá","WIRELESS","30"
"74042120","SAN LUIS","Gobernador Dupuy","Navia","SATELITAL","2"
"74042120","SAN LUIS","Gobernador Dupuy","Navia","WIRELESS","67"
"74042130","SAN LUIS","Gobernador Dupuy","Nueva Galia","FIBRA OPTICA","211"
"74042130","SAN LUIS","Gobernador Dupuy","Nueva Galia","SATELITAL","78"
"74042130","SAN LUIS","Gobernador Dupuy","Nueva Galia","WIRELESS","446"
"0","SAN LUIS","Gobernador Dupuy","Otros","SATELITAL","151"
"74042140","SAN LUIS","Gobernador Dupuy","Unión","SATELITAL","316"
"74042140","SAN LUIS","Gobernador Dupuy","Unión","WIRELESS","708"
"74049020","SAN LUIS","Junín","Bajo De Veliz","SATELITAL","1"
"74049050","SAN LUIS","Junín","Balde De Escudero","SATELITAL","6"
"74049010","SAN LUIS","Junín","Carpinteria","ADSL","149"
"74049010","SAN LUIS","Junín","Carpinteria","CABLEMODEM","10"
"74049010","SAN LUIS","Junín","Carpinteria","FIBRA OPTICA","335"
"74049010","SAN LUIS","Junín","Carpinteria","SATELITAL","380"
"74049010","SAN LUIS","Junín","Carpinteria","WIRELESS","939"
"74049080","SAN LUIS","Junín","Cerrito Blanco","SATELITAL","7"
"74049020","SAN LUIS","Junín","Cerro de Oro","ADSL","13"
"74049020","SAN LUIS","Junín","Cerro de Oro","CABLEMODEM","14"
"74049020","SAN LUIS","Junín","Cerro de Oro","FIBRA OPTICA","117"
"74049020","SAN LUIS","Junín","Cerro de Oro","SATELITAL","272"
"74049020","SAN LUIS","Junín","Cerro de Oro","WIRELESS","230"
"74049040","SAN LUIS","Junín","El Duraznito","SATELITAL","5"
"74049040","SAN LUIS","Junín","La Chilca","SATELITAL","3"
"74049030","SAN LUIS","Junín","Lafinur","SATELITAL","6"
"74049030","SAN LUIS","Junín","Lafinur","WIRELESS","89"
"74049050","SAN LUIS","Junín","La Lomita","SATELITAL","7"
"74049050","SAN LUIS","Junín","Las Palomas","SATELITAL","21"
"74049040","SAN LUIS","Junín","Los Cajones","SATELITAL","11"
"74049040","SAN LUIS","Junín","Los Cajones","WIRELESS","193"
"74049040","SAN LUIS","Junín","Los Lobos","SATELITAL","1"
"74049050","SAN LUIS","Junín","Los Molles","FIBRA OPTICA","139"
"74049050","SAN LUIS","Junín","Los Molles","SATELITAL","170"
"74049050","SAN LUIS","Junín","Los Molles","WIRELESS","493"
"74049060","SAN LUIS","Junín","Merlo","ADSL","722"
"74049060","SAN LUIS","Junín","Merlo","CABLEMODEM","62"
"74049060","SAN LUIS","Junín","Merlo","FIBRA OPTICA","4.249"
"74049060","SAN LUIS","Junín","Merlo","SATELITAL","1.293"
"74049060","SAN LUIS","Junín","Merlo","WIRELESS","3.776"
"74049040","SAN LUIS","Junín","Ojo Del Rio","SATELITAL","9"
"0","SAN LUIS","Junín","Otros","SATELITAL","14"
"74049070","SAN LUIS","Junín","Santa Rosa del Conlara","ADSL","142"
"74049070","SAN LUIS","Junín","Santa Rosa del Conlara","FIBRA OPTICA","998"
"74049070","SAN LUIS","Junín","Santa Rosa del Conlara","SATELITAL","215"
"74049070","SAN LUIS","Junín","Santa Rosa del Conlara","WIRELESS","1.694"
"74049080","SAN LUIS","Junín","Talita","SATELITAL","13"
"74049080","SAN LUIS","Junín","Talita","WIRELESS","145"
"74056010","SAN LUIS","La Capital","Alto Pelado","SATELITAL","8"
"74056010","SAN LUIS","La Capital","Alto Pelado","WIRELESS","64"
"74056020","SAN LUIS","La Capital","Alto Pencoso","SATELITAL","6"
"74056020","SAN LUIS","La Capital","Alto Pencoso","WIRELESS","145"
"74056030","SAN LUIS","La Capital","Balde","FIBRA OPTICA","127"
"74056030","SAN LUIS","La Capital","Balde","SATELITAL","13"
"74056030","SAN LUIS","La Capital","Balde","WIRELESS","239"
"74056040","SAN LUIS","La Capital","Beazley","SATELITAL","42"
"74056040","SAN LUIS","La Capital","Beazley","WIRELESS","234"
"74056070","SAN LUIS","La Capital","Boca Del Tigre","SATELITAL","20"
"74056050","SAN LUIS","La Capital","Cazador","SATELITAL","10"
"74056050","SAN LUIS","La Capital","Cazador","WIRELESS","27"
"74056070","SAN LUIS","La Capital","Cerro Colorado","SATELITAL","70"
"74056070","SAN LUIS","La Capital","Charlone","SATELITAL","40"
"74056060","SAN LUIS","La Capital","Chosmes","SATELITAL","5"
"74056060","SAN LUIS","La Capital","Chosmes","WIRELESS","12"
"74056070","SAN LUIS","La Capital","CRUZ DE PIEDRA","SATELITAL","71"
"74056070","SAN LUIS","La Capital","Daniel Donovan","SATELITAL","43"
"74056070","SAN LUIS","La Capital","Desaguadero","SATELITAL","2"
"74056070","SAN LUIS","La Capital","Desaguadero","WIRELESS","37"
"74056070","SAN LUIS","La Capital","El Charabon","SATELITAL","5"
"74056070","SAN LUIS","La Capital","El Chorrillo","SATELITAL","410"
"74056080","SAN LUIS","La Capital","El Volcán","CABLEMODEM","18"
"74056080","SAN LUIS","La Capital","El Volcán","FIBRA OPTICA","441"
"74056080","SAN LUIS","La Capital","El Volcán","SATELITAL","183"
"74056080","SAN LUIS","La Capital","El Volcán","WIRELESS","1.096"
"74056070","SAN LUIS","La Capital","Estancia Grande","SATELITAL","1"
"74056090","SAN LUIS","La Capital","Jarilla","SATELITAL","1"
"74056090","SAN LUIS","La Capital","Jarilla","WIRELESS","33"
"74056100","SAN LUIS","La Capital","Juana Koslay","CABLEMODEM","295"
"74056100","SAN LUIS","La Capital","Juana Koslay","DIAL UP","2"
"74056100","SAN LUIS","La Capital","Juana Koslay","FIBRA OPTICA","2.229"
"74056100","SAN LUIS","La Capital","Juana Koslay","WIRELESS","2.618"
"74056070","SAN LUIS","La Capital","Juan W. Gez","SATELITAL","3"
"74056105","SAN LUIS","La Capital","La Punta","CABLEMODEM","521"
"74056105","SAN LUIS","La Capital","La Punta","FIBRA OPTICA","1.477"
"74056105","SAN LUIS","La Capital","La Punta","SATELITAL","658"
"74056070","SAN LUIS","La Capital","Las Barrancas","SATELITAL","20"
"74056070","SAN LUIS","La Capital","Las Barrancas","WIRELESS","16"
"74056070","SAN LUIS","La Capital","Las Chacras","SATELITAL","310"
"74056070","SAN LUIS","La Capital","Los Algarrobos Blancos","SATELITAL","220"
"74056110","SAN LUIS","La Capital","Mosmota","SATELITAL","2"
"0","SAN LUIS","La Capital","Otros","SATELITAL","116"
"74056120","SAN LUIS","La Capital","Potrero de los Funes","FIBRA OPTICA","98"
"74056120","SAN LUIS","La Capital","Potrero de los Funes","SATELITAL","305"
"74056120","SAN LUIS","La Capital","Potrero de los Funes","WIRELESS","3.923"
"74056110","SAN LUIS","La Capital","Pozo Del Carril","SATELITAL","62"
"74056130","SAN LUIS","La Capital","Salinas del Bebedero","SATELITAL","13"
"74056130","SAN LUIS","La Capital","Salinas del Bebedero","WIRELESS","39"
"74056140","SAN LUIS","La Capital","San Jerónimo","FIBRA OPTICA","102"
"74056140","SAN LUIS","La Capital","San Jerónimo","SATELITAL","10"
"74056140","SAN LUIS","La Capital","San Jerónimo","WIRELESS","188"
"74056150","SAN LUIS","La Capital","San Luis","ADSL","30"
"74056150","SAN LUIS","La Capital","San Luis","CABLEMODEM","18.505"
"74056150","SAN LUIS","La Capital","San Luis","CELULAR","5"
"74056150","SAN LUIS","La Capital","San Luis","DIAL UP","58"
"74056150","SAN LUIS","La Capital","San Luis","FIBRA OPTICA","36.297"
"74056150","SAN LUIS","La Capital","San Luis","SATELITAL","1.621"
"74056150","SAN LUIS","La Capital","San Luis","WIRELESS","14.377"
"74056070","SAN LUIS","La Capital","San Roque","SATELITAL","125"
"74056070","SAN LUIS","La Capital","Santa Rosa","SATELITAL","6"
"74056140","SAN LUIS","La Capital","Varela","SATELITAL","11"
"74056140","SAN LUIS","La Capital","Varela","WIRELESS","13"
"74056160","SAN LUIS","La Capital","Zanjitas","SATELITAL","44"
"74056160","SAN LUIS","La Capital","Zanjitas","WIRELESS","99"
"74063050","SAN LUIS","Libertador Grl. San Martín","Barranca Alta","SATELITAL","1"
"74063050","SAN LUIS","Libertador Grl. San Martín","Casa De Los Tigres","SATELITAL","8"
"74063050","SAN LUIS","Libertador Grl. San Martín","El Estanquito","SATELITAL","16"
"74063020","SAN LUIS","Libertador Grl. San Martín","El Paraguay","SATELITAL","12"
"74063050","SAN LUIS","Libertador Grl. San Martín","El Paraiso","SATELITAL","18"
"74063050","SAN LUIS","Libertador Grl. San Martín","El Puesto","SATELITAL","15"
"74063050","SAN LUIS","Libertador Grl. San Martín","El Puesto","WIRELESS","0"
"74063010","SAN LUIS","Libertador Grl. San Martín","La Cocha","SATELITAL","2"
"74063020","SAN LUIS","Libertador Grl. San Martín","La Ramada","SATELITAL","14"
"74063020","SAN LUIS","Libertador Grl. San Martín","La Ramada","WIRELESS","15"
"74063020","SAN LUIS","Libertador Grl. San Martín","Las Aguadas","SATELITAL","34"
"74063020","SAN LUIS","Libertador Grl. San Martín","Las Aguadas","WIRELESS","57"
"74063030","SAN LUIS","Libertador Grl. San Martín","Las Chacras","SATELITAL","78"
"74063030","SAN LUIS","Libertador Grl. San Martín","Las Chacras","WIRELESS","63"
"74063040","SAN LUIS","Libertador Grl. San Martín","Las Lagunas","SATELITAL","36"
"74063040","SAN LUIS","Libertador Grl. San Martín","Las Lagunas","WIRELESS","97"
"74063020","SAN LUIS","Libertador Grl. San Martín","La Totora","SATELITAL","26"
"74063010","SAN LUIS","Libertador Grl. San Martín","La Vertiente","SATELITAL","32"
"74063010","SAN LUIS","Libertador Grl. San Martín","La Vertiente","WIRELESS","9"
"74063020","SAN LUIS","Libertador Grl. San Martín","Los Comederos","SATELITAL","13"
"74063050","SAN LUIS","Libertador Grl. San Martín","Mesilla Del Cura","SATELITAL","5"
"0","SAN LUIS","Libertador Grl. San Martín","Otros","SATELITAL","35"
"74063050","SAN LUIS","Libertador Grl. San Martín","Paso Grande","FIBRA OPTICA","43"
"74063050","SAN LUIS","Libertador Grl. San Martín","Paso Grande","SATELITAL","37"
"74063050","SAN LUIS","Libertador Grl. San Martín","Paso Grande","WIRELESS","239"
"74063020","SAN LUIS","Libertador Grl. San Martín","Planta De Sandia","SATELITAL","11"
"74063060","SAN LUIS","Libertador Grl. San Martín","Potrerillo","SATELITAL","71"
"74063060","SAN LUIS","Libertador Grl. San Martín","Potrerillo","WIRELESS","44"
"74063050","SAN LUIS","Libertador Grl. San Martín","Rincon Del Carmen","SATELITAL","9"
"74063020","SAN LUIS","Libertador Grl. San Martín","San Fernando","SATELITAL","4"
"74063050","SAN LUIS","Libertador Grl. San Martín","San Isidro","SATELITAL","10"
"74063070","SAN LUIS","Libertador Grl. San Martín","San Martín","FIBRA OPTICA","113"
"74063070","SAN LUIS","Libertador Grl. San Martín","San Martín","SATELITAL","36"
"74063070","SAN LUIS","Libertador Grl. San Martín","San Martín","WIRELESS","354"
"74063050","SAN LUIS","Libertador Grl. San Martín","San Vicente","SATELITAL","11"
"74063050","SAN LUIS","Libertador Grl. San Martín","Tala Verde","SATELITAL","11"
"74063080","SAN LUIS","Libertador Grl. San Martín","Villa de Praga","FIBRA OPTICA","26"
"74063080","SAN LUIS","Libertador Grl. San Martín","Villa de Praga","SATELITAL","37"
"74063080","SAN LUIS","Libertador Grl. San Martín","Villa de Praga","WIRELESS","158"
"0","SAN LUIS","Otros","Otros","Otros","70"
"78007010","SANTA CRUZ","Corpen Aike","Comandante Luis Piedrabuena","ADSL","246"
"78007010","SANTA CRUZ","Corpen Aike","Comandante Luis Piedrabuena","CABLEMODEM","259"
"78007010","SANTA CRUZ","Corpen Aike","Comandante Luis Piedrabuena","DIAL UP","1"
"78007010","SANTA CRUZ","Corpen Aike","Comandante Luis Piedrabuena","FIBRA OPTICA","1.508"
"78007010","SANTA CRUZ","Corpen Aike","Comandante Luis Piedrabuena","Otros","176"
"78007010","SANTA CRUZ","Corpen Aike","Comandante Luis Piedrabuena","SATELITAL","278"
"78007010","SANTA CRUZ","Corpen Aike","Comandante Luis Piedrabuena","WIRELESS","334"
"0","SANTA CRUZ","Corpen Aike","Otros","SATELITAL","95"
"78007020","SANTA CRUZ","Corpen Aike","Puerto Santa Cruz","ADSL","264"
"78007020","SANTA CRUZ","Corpen Aike","Puerto Santa Cruz","DIAL UP","3"
"78007020","SANTA CRUZ","Corpen Aike","Puerto Santa Cruz","FIBRA OPTICA","1.134"
"78007020","SANTA CRUZ","Corpen Aike","Puerto Santa Cruz","SATELITAL","224"
"78007020","SANTA CRUZ","Corpen Aike","Puerto Santa Cruz","WIRELESS","89"
"78014010","SANTA CRUZ","Deseado","Caleta Olivia","FIBRA OPTICA","6.126"
"78014010","SANTA CRUZ","Deseado","Caleta Olivia","SATELITAL","1.187"
"78014010","SANTA CRUZ","Deseado","Caleta Olivia","WIRELESS","464"
"78014020","SANTA CRUZ","Deseado","Cañadón Seco","SATELITAL","68"
"78014020","SANTA CRUZ","Deseado","Cañadón Seco","WIRELESS","76"
"78014030","SANTA CRUZ","Deseado","Fitz Roy","SATELITAL","39"
"78014040","SANTA CRUZ","Deseado","Jaramillo","SATELITAL","51"
"78014050","SANTA CRUZ","Deseado","Koluel Kaike","SATELITAL","40"
"78014060","SANTA CRUZ","Deseado","Las Heras","FIBRA OPTICA","5.096"
"78014060","SANTA CRUZ","Deseado","Las Heras","SATELITAL","1.513"
"78014060","SANTA CRUZ","Deseado","Las Heras","WIRELESS","1.158"
"0","SANTA CRUZ","Deseado","Otros","SATELITAL","325"
"78014070","SANTA CRUZ","Deseado","Pico Truncado","FIBRA OPTICA","2.168"
"78014070","SANTA CRUZ","Deseado","Pico Truncado","SATELITAL","788"
"78014070","SANTA CRUZ","Deseado","Pico Truncado","WIRELESS","1.039"
"78014080","SANTA CRUZ","Deseado","Puerto Deseado","ADSL","821"
"78014080","SANTA CRUZ","Deseado","Puerto Deseado","DIAL UP","7"
"78014080","SANTA CRUZ","Deseado","Puerto Deseado","SATELITAL","2.095"
"78014090","SANTA CRUZ","Deseado","Tellier","SATELITAL","27"
"78021060","SANTA CRUZ","Güer Aike","28 de Noviembre","FIBRA OPTICA","10"
"78021060","SANTA CRUZ","Güer Aike","28 de Noviembre","Otros","5"
"78021060","SANTA CRUZ","Güer Aike","28 de Noviembre","SATELITAL","764"
"78021060","SANTA CRUZ","Güer Aike","28 de Noviembre","WIRELESS","195"
"78021010","SANTA CRUZ","Güer Aike","El Turbio (Est. Gobernador Mayer)","SATELITAL","7"
"78021020","SANTA CRUZ","Güer Aike","Julia Dufour","SATELITAL","39"
"78021030","SANTA CRUZ","Güer Aike","Mina 3","SATELITAL","35"
"0","SANTA CRUZ","Güer Aike","Otros","SATELITAL","216"
"78021040","SANTA CRUZ","Güer Aike","Río Gallegos","ADSL","660"
"78021040","SANTA CRUZ","Güer Aike","Río Gallegos","CABLEMODEM","12.224"
"78021040","SANTA CRUZ","Güer Aike","Río Gallegos","DIAL UP","143"
"78021040","SANTA CRUZ","Güer Aike","Río Gallegos","FIBRA OPTICA","29.910"
"78021040","SANTA CRUZ","Güer Aike","Río Gallegos","Otros","286"
"78021040","SANTA CRUZ","Güer Aike","Río Gallegos","SATELITAL","2.311"
"78021040","SANTA CRUZ","Güer Aike","Río Gallegos","WIRELESS","6.968"
"78021050","SANTA CRUZ","Güer Aike","Rospentek","SATELITAL","83"
"78021070","SANTA CRUZ","Güer Aike","Yacimientos Río Turbio","ADSL","168"
"78021070","SANTA CRUZ","Güer Aike","Yacimientos Río Turbio","SATELITAL","866"
"78028010","SANTA CRUZ","Lago Argentino","El Calafate","ADSL","111"
"78028010","SANTA CRUZ","Lago Argentino","El Calafate","FIBRA OPTICA","7.284"
"78028010","SANTA CRUZ","Lago Argentino","El Calafate","Otros","2.274"
"78028010","SANTA CRUZ","Lago Argentino","El Calafate","SATELITAL","1.837"
"78028010","SANTA CRUZ","Lago Argentino","El Calafate","WIRELESS","80"
"78028020","SANTA CRUZ","Lago Argentino","El Chaltén","FIBRA OPTICA","433"
"78028020","SANTA CRUZ","Lago Argentino","El Chaltén","Otros","5"
"78028020","SANTA CRUZ","Lago Argentino","El Chaltén","SATELITAL","481"
"78028020","SANTA CRUZ","Lago Argentino","El Chaltén","WIRELESS","2"
"0","SANTA CRUZ","Lago Argentino","Otros","SATELITAL","188"
"78028030","SANTA CRUZ","Lago Argentino","Tres Lagos","FIBRA OPTICA","132"
"78028030","SANTA CRUZ","Lago Argentino","Tres Lagos","SATELITAL","51"
"78028030","SANTA CRUZ","Lago Argentino","Tres Lagos","WIRELESS","13"
"78035010","SANTA CRUZ","Lago Buenos Aires","Los Antiguos","DIAL UP","2"
"78035010","SANTA CRUZ","Lago Buenos Aires","Los Antiguos","SATELITAL","721"
"0","SANTA CRUZ","Lago Buenos Aires","Otros","SATELITAL","176"
"78035020","SANTA CRUZ","Lago Buenos Aires","Perito Moreno","CABLEMODEM","2.600"
"78035020","SANTA CRUZ","Lago Buenos Aires","Perito Moreno","DIAL UP","4"
"78035020","SANTA CRUZ","Lago Buenos Aires","Perito Moreno","FIBRA OPTICA","652"
"78035020","SANTA CRUZ","Lago Buenos Aires","Perito Moreno","Otros","100"
"78035020","SANTA CRUZ","Lago Buenos Aires","Perito Moreno","SATELITAL","475"
"78035020","SANTA CRUZ","Lago Buenos Aires","Perito Moreno","WIRELESS","13"
"0","SANTA CRUZ","Magallanes","Otros","SATELITAL","173"
"78042010","SANTA CRUZ","Magallanes","Puerto San Julián","ADSL","295"
"78042010","SANTA CRUZ","Magallanes","Puerto San Julián","CABLEMODEM","540"
"78042010","SANTA CRUZ","Magallanes","Puerto San Julián","FIBRA OPTICA","3.467"
"78042010","SANTA CRUZ","Magallanes","Puerto San Julián","SATELITAL","698"
"78042010","SANTA CRUZ","Magallanes","Puerto San Julián","WIRELESS","97"
"78049010","SANTA CRUZ","Río Chico","Bajo Caracoles","SATELITAL","8"
"78049020","SANTA CRUZ","Río Chico","Gobernador Gregores","FIBRA OPTICA","159"
"78049020","SANTA CRUZ","Río Chico","Gobernador Gregores","SATELITAL","286"
"78049020","SANTA CRUZ","Río Chico","Gobernador Gregores","WIRELESS","9"
"78049030","SANTA CRUZ","Río Chico","Hipólito Yrigoyen","SATELITAL","117"
"0","SANTA CRUZ","Río Chico","Otros","SATELITAL","97"
"82077020","SANTA FE","9 de Julio","Campo Garay","SATELITAL","9"
"82077010","SANTA FE","9 de Julio","Esteban Rams","SATELITAL","7"
"82077010","SANTA FE","9 de Julio","Esteban Rams","WIRELESS","72"
"82077020","SANTA FE","9 de Julio","Gato Colorado","SATELITAL","75"
"82077030","SANTA FE","9 de Julio","Gregoria Pérez de Denis (Est. El Nochero)","SATELITAL","136"
"82077030","SANTA FE","9 de Julio","Gregoria Pérez de Denis (Est. El Nochero)","WIRELESS","140"
"82077020","SANTA FE","9 de Julio","Independencia","SATELITAL","5"
"82077040","SANTA FE","9 de Julio","Logroño","SATELITAL","14"
"82077040","SANTA FE","9 de Julio","Logroño","WIRELESS","101"
"82077050","SANTA FE","9 de Julio","Montefiore","SATELITAL","13"
"82077050","SANTA FE","9 de Julio","Montefiore","WIRELESS","17"
"0","SANTA FE","9 de Julio","Otros","SATELITAL","255"
"82077060","SANTA FE","9 de Julio","Pozo Borrado","SATELITAL","89"
"82077060","SANTA FE","9 de Julio","Pozo Borrado","WIRELESS","130"
"82077065","SANTA FE","9 de Julio","San Bernardo","SATELITAL","49"
"82077065","SANTA FE","9 de Julio","San Bernardo","WIRELESS","121"
"82077070","SANTA FE","9 de Julio","Santa Margarita","SATELITAL","111"
"82077070","SANTA FE","9 de Julio","Santa Margarita","WIRELESS","67"
"82077080","SANTA FE","9 de Julio","Tostado","ADSL","25"
"82077080","SANTA FE","9 de Julio","Tostado","CABLEMODEM","6"
"82077080","SANTA FE","9 de Julio","Tostado","SATELITAL","267"
"82077080","SANTA FE","9 de Julio","Tostado","WIRELESS","3.301"
"82077090","SANTA FE","9 de Julio","Villa Minetti","SATELITAL","500"
"82077090","SANTA FE","9 de Julio","Villa Minetti","WIRELESS","252"
"82007010","SANTA FE","Belgrano","Armstrong","ADSL","123"
"82007010","SANTA FE","Belgrano","Armstrong","FIBRA OPTICA","1.505"
"82007010","SANTA FE","Belgrano","Armstrong","SATELITAL","114"
"82007010","SANTA FE","Belgrano","Armstrong","WIRELESS","402"
"82007020","SANTA FE","Belgrano","Bouquet","FIBRA OPTICA","324"
"82007020","SANTA FE","Belgrano","Bouquet","SATELITAL","33"
"82007020","SANTA FE","Belgrano","Bouquet","WIRELESS","1"
"82007030","SANTA FE","Belgrano","Las Parejas","ADSL","31"
"82007030","SANTA FE","Belgrano","Las Parejas","FIBRA OPTICA","4.134"
"82007030","SANTA FE","Belgrano","Las Parejas","SATELITAL","100"
"82007030","SANTA FE","Belgrano","Las Parejas","WIRELESS","124"
"82007040","SANTA FE","Belgrano","Las Rosas","ADSL","41"
"82007040","SANTA FE","Belgrano","Las Rosas","FIBRA OPTICA","4.455"
"82007040","SANTA FE","Belgrano","Las Rosas","SATELITAL","87"
"82007040","SANTA FE","Belgrano","Las Rosas","WIRELESS","43"
"82007050","SANTA FE","Belgrano","Montes de Oca","FIBRA OPTICA","631"
"82007050","SANTA FE","Belgrano","Montes de Oca","Otros","168"
"82007050","SANTA FE","Belgrano","Montes de Oca","SATELITAL","29"
"82007050","SANTA FE","Belgrano","Montes de Oca","WIRELESS","61"
"0","SANTA FE","Belgrano","Otros","SATELITAL","37"
"82007060","SANTA FE","Belgrano","Tortugas","ADSL","77"
"82007060","SANTA FE","Belgrano","Tortugas","CABLEMODEM","638"
"82007060","SANTA FE","Belgrano","Tortugas","CELULAR","8"
"82007060","SANTA FE","Belgrano","Tortugas","SATELITAL","79"
"82014010","SANTA FE","Caseros","Arequito","ADSL","13"
"82014010","SANTA FE","Caseros","Arequito","CABLEMODEM","2.241"
"82014010","SANTA FE","Caseros","Arequito","CELULAR","6"
"82014010","SANTA FE","Caseros","Arequito","SATELITAL","118"
"82014010","SANTA FE","Caseros","Arequito","WIRELESS","8"
"82014020","SANTA FE","Caseros","Arteaga","ADSL","19"
"82014020","SANTA FE","Caseros","Arteaga","CABLEMODEM","868"
"82014020","SANTA FE","Caseros","Arteaga","CELULAR","5"
"82014020","SANTA FE","Caseros","Arteaga","SATELITAL","132"
"82014020","SANTA FE","Caseros","Arteaga","WIRELESS","83"
"82014030","SANTA FE","Caseros","Beravebú","FIBRA OPTICA","14"
"82014030","SANTA FE","Caseros","Beravebú","SATELITAL","39"
"82014030","SANTA FE","Caseros","Beravebú","WIRELESS","342"
"82014040","SANTA FE","Caseros","Bigand","ADSL","202"
"82014040","SANTA FE","Caseros","Bigand","CABLEMODEM","1.660"
"82014040","SANTA FE","Caseros","Bigand","CELULAR","49"
"82014040","SANTA FE","Caseros","Bigand","SATELITAL","95"
"82014040","SANTA FE","Caseros","Bigand","WIRELESS","19"
"82014050","SANTA FE","Caseros","Casilda","ADSL","522"
"82014050","SANTA FE","Caseros","Casilda","CABLEMODEM","2.564"
"82014050","SANTA FE","Caseros","Casilda","CELULAR","3"
"82014050","SANTA FE","Caseros","Casilda","FIBRA OPTICA","8.702"
"82014050","SANTA FE","Caseros","Casilda","SATELITAL","300"
"82014050","SANTA FE","Caseros","Casilda","WIRELESS","1.888"
"82014060","SANTA FE","Caseros","Chabás","ADSL","807"
"82014060","SANTA FE","Caseros","Chabás","CELULAR","8"
"82014060","SANTA FE","Caseros","Chabás","FIBRA OPTICA","620"
"82014060","SANTA FE","Caseros","Chabás","SATELITAL","173"
"82014060","SANTA FE","Caseros","Chabás","WIRELESS","32"
"82014070","SANTA FE","Caseros","Chañar Ladeado","ADSL","9"
"82014070","SANTA FE","Caseros","Chañar Ladeado","CABLEMODEM","187"
"82014070","SANTA FE","Caseros","Chañar Ladeado","CELULAR","1"
"82014070","SANTA FE","Caseros","Chañar Ladeado","FIBRA OPTICA","1.302"
"82014070","SANTA FE","Caseros","Chañar Ladeado","SATELITAL","48"
"82014080","SANTA FE","Caseros","Gödeken","CABLEMODEM","531"
"82014080","SANTA FE","Caseros","Gödeken","FIBRA OPTICA","1"
"82014080","SANTA FE","Caseros","Gödeken","SATELITAL","35"
"82014090","SANTA FE","Caseros","Los Molinos","ADSL","3"
"82014090","SANTA FE","Caseros","Los Molinos","CABLEMODEM","507"
"82014090","SANTA FE","Caseros","Los Molinos","SATELITAL","40"
"82014090","SANTA FE","Caseros","Los Molinos","WIRELESS","8"
"82014100","SANTA FE","Caseros","Los Nogales","CABLEMODEM","44"
"82014100","SANTA FE","Caseros","Los Nogales","SATELITAL","7"
"82014110","SANTA FE","Caseros","Los Quirquinchos","SATELITAL","29"
"82014110","SANTA FE","Caseros","Los Quirquinchos","WIRELESS","858"
"0","SANTA FE","Caseros","Otros","SATELITAL","18"
"82014130","SANTA FE","Caseros","Sanford","FIBRA OPTICA","543"
"82014130","SANTA FE","Caseros","Sanford","SATELITAL","13"
"82014120","SANTA FE","Caseros","San José de la Esquina","ADSL","16"
"82014120","SANTA FE","Caseros","San José de la Esquina","CABLEMODEM","1.976"
"82014120","SANTA FE","Caseros","San José de la Esquina","CELULAR","5"
"82014120","SANTA FE","Caseros","San José de la Esquina","SATELITAL","113"
"82014120","SANTA FE","Caseros","San José de la Esquina","WIRELESS","2"
"82014140","SANTA FE","Caseros","Villada","ADSL","33"
"82014140","SANTA FE","Caseros","Villada","CABLEMODEM","1"
"82014140","SANTA FE","Caseros","Villada","CELULAR","4"
"82014140","SANTA FE","Caseros","Villada","SATELITAL","10"
"82014140","SANTA FE","Caseros","Villada","WIRELESS","4"
"82021010","SANTA FE","Castellanos","Aldao (Est. Casablanca)","ADSL","2"
"82021010","SANTA FE","Castellanos","Aldao (Est. Casablanca)","FIBRA OPTICA","744"
"82021010","SANTA FE","Castellanos","Aldao (Est. Casablanca)","SATELITAL","10"
"82021010","SANTA FE","Castellanos","Aldao (Est. Casablanca)","WIRELESS","62"
"82021020","SANTA FE","Castellanos","Angélica","ADSL","7"
"82021020","SANTA FE","Castellanos","Angélica","FIBRA OPTICA","371"
"82021020","SANTA FE","Castellanos","Angélica","SATELITAL","28"
"82021020","SANTA FE","Castellanos","Angélica","WIRELESS","12"
"82021030","SANTA FE","Castellanos","Ataliva","CABLEMODEM","10"
"82021030","SANTA FE","Castellanos","Ataliva","FIBRA OPTICA","447"
"82021030","SANTA FE","Castellanos","Ataliva","SATELITAL","8"
"82021030","SANTA FE","Castellanos","Ataliva","WIRELESS","311"
"82021040","SANTA FE","Castellanos","Aurelia","SATELITAL","6"
"82021040","SANTA FE","Castellanos","Aurelia","WIRELESS","3"
"82021050","SANTA FE","Castellanos","Barrios Acapulco y Veracruz","SATELITAL","6"
"82021060","SANTA FE","Castellanos","Bauer y Sigel","SATELITAL","8"
"82021070","SANTA FE","Castellanos","Bella Italia","ADSL","7"
"82021070","SANTA FE","Castellanos","Bella Italia","CABLEMODEM","316"
"82021070","SANTA FE","Castellanos","Bella Italia","CELULAR","1"
"82021070","SANTA FE","Castellanos","Bella Italia","FIBRA OPTICA","327"
"82021070","SANTA FE","Castellanos","Bella Italia","SATELITAL","41"
"82021070","SANTA FE","Castellanos","Bella Italia","WIRELESS","1"
"82021080","SANTA FE","Castellanos","Castellanos","CABLEMODEM","1"
"82021080","SANTA FE","Castellanos","Castellanos","FIBRA OPTICA","1"
"82021080","SANTA FE","Castellanos","Castellanos","SATELITAL","12"
"82021080","SANTA FE","Castellanos","Castellanos","WIRELESS","2"
"82021090","SANTA FE","Castellanos","Colonia Bicha","FIBRA OPTICA","84"
"82021090","SANTA FE","Castellanos","Colonia Bicha","SATELITAL","4"
"82021090","SANTA FE","Castellanos","Colonia Bicha","WIRELESS","68"
"82021100","SANTA FE","Castellanos","Colonia Cello","SATELITAL","18"
"82021110","SANTA FE","Castellanos","Colonia Margarita","CABLEMODEM","10"
"82021110","SANTA FE","Castellanos","Colonia Margarita","SATELITAL","8"
"82021110","SANTA FE","Castellanos","Colonia Margarita","WIRELESS","2"
"82021120","SANTA FE","Castellanos","Colonia Raquel","FIBRA OPTICA","58"
"82021120","SANTA FE","Castellanos","Colonia Raquel","SATELITAL","7"
"82021120","SANTA FE","Castellanos","Colonia Raquel","WIRELESS","66"
"82021130","SANTA FE","Castellanos","Coronel Fraga","SATELITAL","14"
"82021130","SANTA FE","Castellanos","Coronel Fraga","WIRELESS","49"
"82021140","SANTA FE","Castellanos","Egusquiza","SATELITAL","10"
"82021150","SANTA FE","Castellanos","Esmeralda","CABLEMODEM","82"
"82021150","SANTA FE","Castellanos","Esmeralda","SATELITAL","26"
"82021160","SANTA FE","Castellanos","Estación Clucellas","CABLEMODEM","179"
"82021160","SANTA FE","Castellanos","Estación Clucellas","SATELITAL","9"
"82021420","SANTA FE","Castellanos","Estacion Presidente Roca","SATELITAL","3"
"82021170","SANTA FE","Castellanos","Estación Saguier","CABLEMODEM","11"
"82021170","SANTA FE","Castellanos","Estación Saguier","SATELITAL","5"
"82021180","SANTA FE","Castellanos","Eusebia y Carolina","FIBRA OPTICA","200"
"82021180","SANTA FE","Castellanos","Eusebia y Carolina","SATELITAL","9"
"82021180","SANTA FE","Castellanos","Eusebia y Carolina","WIRELESS","67"
"82021190","SANTA FE","Castellanos","Eustolia","SATELITAL","1"
"82021200","SANTA FE","Castellanos","Frontera","CABLEMODEM","1"
"82021200","SANTA FE","Castellanos","Frontera","FIBRA OPTICA","262"
"82021200","SANTA FE","Castellanos","Frontera","SATELITAL","12"
"82021210","SANTA FE","Castellanos","Garibaldi","SATELITAL","3"
"82021220","SANTA FE","Castellanos","Humberto Primo","ADSL","62"
"82021220","SANTA FE","Castellanos","Humberto Primo","CELULAR","5"
"82021220","SANTA FE","Castellanos","Humberto Primo","FIBRA OPTICA","410"
"82021220","SANTA FE","Castellanos","Humberto Primo","SATELITAL","35"
"82021220","SANTA FE","Castellanos","Humberto Primo","WIRELESS","154"
"82021230","SANTA FE","Castellanos","Josefina","CABLEMODEM","77"
"82021230","SANTA FE","Castellanos","Josefina","SATELITAL","19"
"82021240","SANTA FE","Castellanos","Lehmann","ADSL","23"
"82021240","SANTA FE","Castellanos","Lehmann","CABLEMODEM","342"
"82021240","SANTA FE","Castellanos","Lehmann","CELULAR","1"
"82021240","SANTA FE","Castellanos","Lehmann","FIBRA OPTICA","524"
"82021240","SANTA FE","Castellanos","Lehmann","SATELITAL","19"
"82021240","SANTA FE","Castellanos","Lehmann","WIRELESS","5"
"82021250","SANTA FE","Castellanos","María Juana","ADSL","1"
"82021250","SANTA FE","Castellanos","María Juana","FIBRA OPTICA","1.403"
"82021250","SANTA FE","Castellanos","María Juana","SATELITAL","36"
"82021250","SANTA FE","Castellanos","María Juana","WIRELESS","87"
"82021260","SANTA FE","Castellanos","Nueva Lehmann","SATELITAL","8"
"0","SANTA FE","Castellanos","Otros","SATELITAL","6"
"82021270","SANTA FE","Castellanos","Plaza Clucellas","ADSL","8"
"82021270","SANTA FE","Castellanos","Plaza Clucellas","CABLEMODEM","283"
"82021270","SANTA FE","Castellanos","Plaza Clucellas","CELULAR","1"
"82021270","SANTA FE","Castellanos","Plaza Clucellas","FIBRA OPTICA","133"
"82021270","SANTA FE","Castellanos","Plaza Clucellas","SATELITAL","9"
"82021270","SANTA FE","Castellanos","Plaza Clucellas","WIRELESS","1"
"82021280","SANTA FE","Castellanos","Plaza Saguier","CABLEMODEM","51"
"82021280","SANTA FE","Castellanos","Plaza Saguier","SATELITAL","5"
"82021290","SANTA FE","Castellanos","Presidente Roca","CABLEMODEM","137"
"82021290","SANTA FE","Castellanos","Presidente Roca","SATELITAL","15"
"82021290","SANTA FE","Castellanos","Presidente Roca","WIRELESS","3"
"82021300","SANTA FE","Castellanos","Pueblo Marini","SATELITAL","5"
"82021310","SANTA FE","Castellanos","Rafaela","ADSL","72"
"82021310","SANTA FE","Castellanos","Rafaela","CABLEMODEM","22.907"
"82021310","SANTA FE","Castellanos","Rafaela","CELULAR","2"
"82021310","SANTA FE","Castellanos","Rafaela","FIBRA OPTICA","14.196"
"82021310","SANTA FE","Castellanos","Rafaela","Otros","5"
"82021310","SANTA FE","Castellanos","Rafaela","SATELITAL","410"
"82021310","SANTA FE","Castellanos","Rafaela","WIRELESS","885"
"82021320","SANTA FE","Castellanos","Ramona","SATELITAL","13"
"82021320","SANTA FE","Castellanos","Ramona","WIRELESS","3"
"82021330","SANTA FE","Castellanos","San Antonio","CABLEMODEM","10"
"82021330","SANTA FE","Castellanos","San Antonio","SATELITAL","3"
"82021330","SANTA FE","Castellanos","San Antonio","WIRELESS","61"
"82021350","SANTA FE","Castellanos","Santa Clara de Saguier","CABLEMODEM","107"
"82021350","SANTA FE","Castellanos","Santa Clara de Saguier","CELULAR","7"
"82021350","SANTA FE","Castellanos","Santa Clara de Saguier","FIBRA OPTICA","400"
"82021350","SANTA FE","Castellanos","Santa Clara de Saguier","SATELITAL","21"
"82021350","SANTA FE","Castellanos","Santa Clara de Saguier","WIRELESS","22"
"82021340","SANTA FE","Castellanos","San Vicente","ADSL","770"
"82021340","SANTA FE","Castellanos","San Vicente","CABLEMODEM","415"
"82021340","SANTA FE","Castellanos","San Vicente","FIBRA OPTICA","1.131"
"82021340","SANTA FE","Castellanos","San Vicente","SATELITAL","70"
"82021340","SANTA FE","Castellanos","San Vicente","WIRELESS","42"
"82021360","SANTA FE","Castellanos","Sunchales","ADSL","142"
"82021360","SANTA FE","Castellanos","Sunchales","CABLEMODEM","20"
"82021360","SANTA FE","Castellanos","Sunchales","CELULAR","7"
"82021360","SANTA FE","Castellanos","Sunchales","FIBRA OPTICA","11.794"
"82021360","SANTA FE","Castellanos","Sunchales","SATELITAL","86"
"82021360","SANTA FE","Castellanos","Sunchales","WIRELESS","127"
"82021370","SANTA FE","Castellanos","Susana","CELULAR","4"
"82021370","SANTA FE","Castellanos","Susana","FIBRA OPTICA","141"
"82021370","SANTA FE","Castellanos","Susana","SATELITAL","30"
"82021370","SANTA FE","Castellanos","Susana","WIRELESS","59"
"82021380","SANTA FE","Castellanos","Tacural","FIBRA OPTICA","511"
"82021380","SANTA FE","Castellanos","Tacural","SATELITAL","14"
"82021380","SANTA FE","Castellanos","Tacural","WIRELESS","145"
"82021390","SANTA FE","Castellanos","Vila","ADSL","419"
"82021390","SANTA FE","Castellanos","Vila","SATELITAL","17"
"82021400","SANTA FE","Castellanos","Villa Josefina","SATELITAL","5"
"82021410","SANTA FE","Castellanos","Villa San José","CABLEMODEM","53"
"82021410","SANTA FE","Castellanos","Villa San José","FIBRA OPTICA","18"
"82021410","SANTA FE","Castellanos","Villa San José","SATELITAL","12"
"82021410","SANTA FE","Castellanos","Villa San José","WIRELESS","29"
"82021420","SANTA FE","Castellanos","Virginia","SATELITAL","18"
"82021420","SANTA FE","Castellanos","Virginia","WIRELESS","8"
"82021430","SANTA FE","Castellanos","Zenón Pereyra","CABLEMODEM","53"
"82021430","SANTA FE","Castellanos","Zenón Pereyra","SATELITAL","47"
"82021430","SANTA FE","Castellanos","Zenón Pereyra","WIRELESS","8"
"82028010","SANTA FE","Constitución","Alcorta","ADSL","107"
"82028010","SANTA FE","Constitución","Alcorta","CABLEMODEM","262"
"82028010","SANTA FE","Constitución","Alcorta","FIBRA OPTICA","2.211"
"82028010","SANTA FE","Constitución","Alcorta","SATELITAL","65"
"82028010","SANTA FE","Constitución","Alcorta","WIRELESS","143"
"82028020","SANTA FE","Constitución","Barrio Arroyo del Medio","SATELITAL","13"
"82028030","SANTA FE","Constitución","Barrio Mitre","SATELITAL","7"
"82028040","SANTA FE","Constitución","Bombal","CABLEMODEM","27"
"82028040","SANTA FE","Constitución","Bombal","FIBRA OPTICA","1.048"
"82028040","SANTA FE","Constitución","Bombal","SATELITAL","30"
"82028040","SANTA FE","Constitución","Bombal","WIRELESS","8"
"82028050","SANTA FE","Constitución","Cañada Rica","SATELITAL","7"
"82028060","SANTA FE","Constitución","Cepeda","CABLEMODEM","1"
"82028060","SANTA FE","Constitución","Cepeda","FIBRA OPTICA","89"
"82028060","SANTA FE","Constitución","Cepeda","SATELITAL","1"
"82028070","SANTA FE","Constitución","Empalme Villa Constitución","ADSL","88"
"82028070","SANTA FE","Constitución","Empalme Villa Constitución","CABLEMODEM","1"
"82028070","SANTA FE","Constitución","Empalme Villa Constitución","CELULAR","5"
"82028070","SANTA FE","Constitución","Empalme Villa Constitución","FIBRA OPTICA","5"
"82028070","SANTA FE","Constitución","Empalme Villa Constitución","SATELITAL","26"
"82028080","SANTA FE","Constitución","Firmat","SATELITAL","7"
"82028090","SANTA FE","Constitución","General Gelly","ADSL","189"
"82028090","SANTA FE","Constitución","General Gelly","SATELITAL","10"
"82028090","SANTA FE","Constitución","General Gelly","WIRELESS","4"
"82028100","SANTA FE","Constitución","Godoy","ADSL","82"
"82028100","SANTA FE","Constitución","Godoy","CABLEMODEM","46"
"82028100","SANTA FE","Constitución","Godoy","CELULAR","1"
"82028100","SANTA FE","Constitución","Godoy","FIBRA OPTICA","179"
"82028100","SANTA FE","Constitución","Godoy","SATELITAL","13"
"82028110","SANTA FE","Constitución","Juan B. Molina","ADSL","350"
"82028110","SANTA FE","Constitución","Juan B. Molina","FIBRA OPTICA","251"
"82028110","SANTA FE","Constitución","Juan B. Molina","SATELITAL","10"
"82028110","SANTA FE","Constitución","Juan B. Molina","WIRELESS","1"
"82028120","SANTA FE","Constitución","Juncal","ADSL","256"
"82028120","SANTA FE","Constitución","Juncal","FIBRA OPTICA","1"
"82028120","SANTA FE","Constitución","Juncal","SATELITAL","21"
"82028120","SANTA FE","Constitución","Juncal","WIRELESS","38"
"82028130","SANTA FE","Constitución","La Vanguardia","CABLEMODEM","7"
"82028130","SANTA FE","Constitución","La Vanguardia","FIBRA OPTICA","153"
"82028130","SANTA FE","Constitución","La Vanguardia","SATELITAL","5"
"82028140","SANTA FE","Constitución","Máximo Paz (Est. Paz)","ADSL","28"
"82028140","SANTA FE","Constitución","Máximo Paz (Est. Paz)","FIBRA OPTICA","1.251"
"82028140","SANTA FE","Constitución","Máximo Paz (Est. Paz)","SATELITAL","15"
"82028140","SANTA FE","Constitución","Máximo Paz (Est. Paz)","WIRELESS","86"
"0","SANTA FE","Constitución","Otros","SATELITAL","12"
"82028150","SANTA FE","Constitución","Pavón","ADSL","11"
"82028150","SANTA FE","Constitución","Pavón","SATELITAL","5"
"82028160","SANTA FE","Constitución","Pavón Arriba","ADSL","35"
"82028160","SANTA FE","Constitución","Pavón Arriba","CABLEMODEM","13"
"82028160","SANTA FE","Constitución","Pavón Arriba","CELULAR","1"
"82028160","SANTA FE","Constitución","Pavón Arriba","FIBRA OPTICA","626"
"82028160","SANTA FE","Constitución","Pavón Arriba","SATELITAL","30"
"82028160","SANTA FE","Constitución","Pavón Arriba","WIRELESS","4"
"82028170","SANTA FE","Constitución","Peyrano","CABLEMODEM","867"
"82028170","SANTA FE","Constitución","Peyrano","FIBRA OPTICA","3"
"82028170","SANTA FE","Constitución","Peyrano","SATELITAL","17"
"82028180","SANTA FE","Constitución","Rueda","ADSL","27"
"82028180","SANTA FE","Constitución","Rueda","CABLEMODEM","8"
"82028180","SANTA FE","Constitución","Rueda","CELULAR","1"
"82028180","SANTA FE","Constitución","Rueda","FIBRA OPTICA","209"
"82028180","SANTA FE","Constitución","Rueda","SATELITAL","17"
"82028190","SANTA FE","Constitución","Santa Teresa","CABLEMODEM","37"
"82028190","SANTA FE","Constitución","Santa Teresa","FIBRA OPTICA","894"
"82028190","SANTA FE","Constitución","Santa Teresa","SATELITAL","46"
"82028190","SANTA FE","Constitución","Santa Teresa","WIRELESS","83"
"82028200","SANTA FE","Constitución","Sargento Cabral","ADSL","67"
"82028200","SANTA FE","Constitución","Sargento Cabral","FIBRA OPTICA","387"
"82028200","SANTA FE","Constitución","Sargento Cabral","SATELITAL","7"
"82028210","SANTA FE","Constitución","Stephenson","FIBRA OPTICA","14"
"82028210","SANTA FE","Constitución","Stephenson","SATELITAL","7"
"82028220","SANTA FE","Constitución","Theobald","SATELITAL","18"
"82028230","SANTA FE","Constitución","Villa Constitución","ADSL","412"
"82028230","SANTA FE","Constitución","Villa Constitución","CABLEMODEM","2.182"
"82028230","SANTA FE","Constitución","Villa Constitución","CELULAR","4"
"82028230","SANTA FE","Constitución","Villa Constitución","FIBRA OPTICA","5.488"
"82028230","SANTA FE","Constitución","Villa Constitución","SATELITAL","114"
"82028230","SANTA FE","Constitución","Villa Constitución","WIRELESS","378"
"82035010","SANTA FE","Garay","Cayastá","SATELITAL","130"
"82035010","SANTA FE","Garay","Cayastá","WIRELESS","449"
"82035020","SANTA FE","Garay","Helvecia","CABLEMODEM","440"
"82035020","SANTA FE","Garay","Helvecia","SATELITAL","394"
"82035020","SANTA FE","Garay","Helvecia","WIRELESS","230"
"82035030","SANTA FE","Garay","Los Zapallos","CABLEMODEM","67"
"82035030","SANTA FE","Garay","Los Zapallos","Otros","67"
"82035030","SANTA FE","Garay","Los Zapallos","SATELITAL","18"
"0","SANTA FE","Garay","Otros","SATELITAL","118"
"82035040","SANTA FE","Garay","Saladero Mariano Cabal","CELULAR","4"
"82035040","SANTA FE","Garay","Saladero Mariano Cabal","FIBRA OPTICA","137"
"82035040","SANTA FE","Garay","Saladero Mariano Cabal","SATELITAL","45"
"82035050","SANTA FE","Garay","Santa Rosa de Calchines","ADSL","5"
"82035050","SANTA FE","Garay","Santa Rosa de Calchines","CABLEMODEM","941"
"82035050","SANTA FE","Garay","Santa Rosa de Calchines","CELULAR","7"
"82035050","SANTA FE","Garay","Santa Rosa de Calchines","SATELITAL","96"
"82042010","SANTA FE","General López","Aarón Castellanos (Est. Castellanos)","SATELITAL","7"
"82042010","SANTA FE","General López","Aarón Castellanos (Est. Castellanos)","WIRELESS","77"
"82042020","SANTA FE","General López","Amenábar","ADSL","61"
"82042020","SANTA FE","General López","Amenábar","CELULAR","11"
"82042020","SANTA FE","General López","Amenábar","SATELITAL","81"
"82042020","SANTA FE","General López","Amenábar","WIRELESS","398"
"82042030","SANTA FE","General López","Cafferata","ADSL","246"
"82042030","SANTA FE","General López","Cafferata","FIBRA OPTICA","1"
"82042030","SANTA FE","General López","Cafferata","SATELITAL","143"
"82042040","SANTA FE","General López","Cañada del Ucle","ADSL","214"
"82042040","SANTA FE","General López","Cañada del Ucle","FIBRA OPTICA","53"
"82042040","SANTA FE","General López","Cañada del Ucle","SATELITAL","10"
"82042050","SANTA FE","General López","Carmen","SATELITAL","25"
"82042050","SANTA FE","General López","Carmen","WIRELESS","101"
"82042060","SANTA FE","General López","Carreras","CABLEMODEM","1"
"82042060","SANTA FE","General López","Carreras","SATELITAL","22"
"82042060","SANTA FE","General López","Carreras","WIRELESS","230"
"82042070","SANTA FE","General López","Chapuy","CABLEMODEM","1"
"82042070","SANTA FE","General López","Chapuy","SATELITAL","24"
"82042080","SANTA FE","General López","Chovet","CABLEMODEM","1"
"82042080","SANTA FE","General López","Chovet","CELULAR","1"
"82042080","SANTA FE","General López","Chovet","SATELITAL","24"
"82042090","SANTA FE","General López","Christophersen","FIBRA OPTICA","15"
"82042090","SANTA FE","General López","Christophersen","SATELITAL","29"
"82042090","SANTA FE","General López","Christophersen","WIRELESS","78"
"82042100","SANTA FE","General López","Diego de Alvear","ADSL","206"
"82042100","SANTA FE","General López","Diego de Alvear","FIBRA OPTICA","64"
"82042100","SANTA FE","General López","Diego de Alvear","SATELITAL","25"
"82042100","SANTA FE","General López","Diego de Alvear","WIRELESS","108"
"82042110","SANTA FE","General López","Elortondo","ADSL","241"
"82042110","SANTA FE","General López","Elortondo","CABLEMODEM","1.290"
"82042110","SANTA FE","General López","Elortondo","CELULAR","90"
"82042110","SANTA FE","General López","Elortondo","SATELITAL","189"
"82042110","SANTA FE","General López","Elortondo","WIRELESS","91"
"82042120","SANTA FE","General López","Firmat","ADSL","24"
"82042120","SANTA FE","General López","Firmat","CABLEMODEM","1.004"
"82042120","SANTA FE","General López","Firmat","FIBRA OPTICA","3.844"
"82042120","SANTA FE","General López","Firmat","SATELITAL","83"
"82042120","SANTA FE","General López","Firmat","WIRELESS","2"
"82042130","SANTA FE","General López","Hughes","FIBRA OPTICA","1.555"
"82042130","SANTA FE","General López","Hughes","SATELITAL","43"
"82042130","SANTA FE","General López","Hughes","WIRELESS","6"
"82042150","SANTA FE","General López","Labordeboy","ADSL","211"
"82042150","SANTA FE","General López","Labordeboy","SATELITAL","9"
"82042140","SANTA FE","General López","La Chispa","SATELITAL","16"
"82042140","SANTA FE","General López","La Chispa","WIRELESS","71"
"82042160","SANTA FE","General López","Lazzarino","SATELITAL","14"
"82042160","SANTA FE","General López","Lazzarino","WIRELESS","51"
"82042170","SANTA FE","General López","Maggiolo","ADSL","78"
"82042170","SANTA FE","General López","Maggiolo","Otros","1"
"82042170","SANTA FE","General López","Maggiolo","SATELITAL","97"
"82042170","SANTA FE","General López","Maggiolo","WIRELESS","50"
"82042180","SANTA FE","General López","María Teresa","ADSL","1"
"82042180","SANTA FE","General López","María Teresa","CABLEMODEM","1.042"
"82042180","SANTA FE","General López","María Teresa","CELULAR","1"
"82042180","SANTA FE","General López","María Teresa","FIBRA OPTICA","621"
"82042180","SANTA FE","General López","María Teresa","Otros","92"
"82042180","SANTA FE","General López","María Teresa","SATELITAL","70"
"82042180","SANTA FE","General López","María Teresa","WIRELESS","30"
"82042190","SANTA FE","General López","Melincué (Est. San Urbano)","FIBRA OPTICA","1"
"82042190","SANTA FE","General López","Melincué (Est. San Urbano)","SATELITAL","29"
"82042190","SANTA FE","General López","Melincué (Est. San Urbano)","WIRELESS","203"
"82042200","SANTA FE","General López","Miguel Torres","CABLEMODEM","1"
"82042200","SANTA FE","General López","Miguel Torres","SATELITAL","11"
"82042210","SANTA FE","General López","Murphy","CELULAR","1"
"82042210","SANTA FE","General López","Murphy","FIBRA OPTICA","716"
"82042210","SANTA FE","General López","Murphy","SATELITAL","80"
"0","SANTA FE","General López","Otros","SATELITAL","150"
"82042220","SANTA FE","General López","Rufino","ADSL","90"
"82042220","SANTA FE","General López","Rufino","CABLEMODEM","3"
"82042220","SANTA FE","General López","Rufino","CELULAR","14"
"82042220","SANTA FE","General López","Rufino","FIBRA OPTICA","8.356"
"82042220","SANTA FE","General López","Rufino","SATELITAL","184"
"82042220","SANTA FE","General López","Rufino","WIRELESS","1"
"82042260","SANTA FE","General López","Sancti Spiritu","ADSL","121"
"82042260","SANTA FE","General López","Sancti Spiritu","FIBRA OPTICA","799"
"82042260","SANTA FE","General López","Sancti Spiritu","SATELITAL","89"
"82042260","SANTA FE","General López","Sancti Spiritu","WIRELESS","83"
"82042230","SANTA FE","General López","San Eduardo","ADSL","47"
"82042230","SANTA FE","General López","San Eduardo","FIBRA OPTICA","303"
"82042230","SANTA FE","General López","San Eduardo","SATELITAL","48"
"82042240","SANTA FE","General López","San Francisco de Santa Fe","CABLEMODEM","21"
"82042240","SANTA FE","General López","San Francisco de Santa Fe","FIBRA OPTICA","46"
"82042240","SANTA FE","General López","San Francisco de Santa Fe","SATELITAL","32"
"82042250","SANTA FE","General López","San Gregorio","ADSL","43"
"82042250","SANTA FE","General López","San Gregorio","FIBRA OPTICA","1.013"
"82042250","SANTA FE","General López","San Gregorio","SATELITAL","85"
"82042250","SANTA FE","General López","San Gregorio","WIRELESS","118"
"82042270","SANTA FE","General López","Santa Isabel","ADSL","45"
"82042270","SANTA FE","General López","Santa Isabel","CELULAR","4"
"82042270","SANTA FE","General López","Santa Isabel","FIBRA OPTICA","1.335"
"82042270","SANTA FE","General López","Santa Isabel","SATELITAL","62"
"82042280","SANTA FE","General López","Teodelina","CABLEMODEM","935"
"82042280","SANTA FE","General López","Teodelina","SATELITAL","200"
"82042280","SANTA FE","General López","Teodelina","WIRELESS","167"
"82042290","SANTA FE","General López","Venado Tuerto","ADSL","148"
"82042290","SANTA FE","General López","Venado Tuerto","CABLEMODEM","20.902"
"82042290","SANTA FE","General López","Venado Tuerto","CELULAR","33"
"82042290","SANTA FE","General López","Venado Tuerto","FIBRA OPTICA","2.281"
"82042290","SANTA FE","General López","Venado Tuerto","SATELITAL","1.127"
"82042290","SANTA FE","General López","Venado Tuerto","WIRELESS","716"
"82042300","SANTA FE","General López","Villa Cañás","ADSL","130"
"82042300","SANTA FE","General López","Villa Cañás","CABLEMODEM","1.195"
"82042300","SANTA FE","General López","Villa Cañás","CELULAR","14"
"82042300","SANTA FE","General López","Villa Cañás","FIBRA OPTICA","2.427"
"82042300","SANTA FE","General López","Villa Cañás","Otros","6"
"82042300","SANTA FE","General López","Villa Cañás","SATELITAL","205"
"82042300","SANTA FE","General López","Villa Cañás","WIRELESS","45"
"82042310","SANTA FE","General López","Wheelwright","CABLEMODEM","1.501"
"82042310","SANTA FE","General López","Wheelwright","FIBRA OPTICA","1"
"82042310","SANTA FE","General López","Wheelwright","SATELITAL","45"
"82042310","SANTA FE","General López","Wheelwright","WIRELESS","11"
"82049010","SANTA FE","General Obligado","Arroyo Ceibal","SATELITAL","47"
"82049010","SANTA FE","General Obligado","Arroyo Ceibal","WIRELESS","108"
"82049020","SANTA FE","General Obligado","Avellaneda (Est. Ewald)","CELULAR","11"
"82049020","SANTA FE","General Obligado","Avellaneda (Est. Ewald)","FIBRA OPTICA","4.345"
"82049020","SANTA FE","General Obligado","Avellaneda (Est. Ewald)","Otros","750"
"82049020","SANTA FE","General Obligado","Avellaneda (Est. Ewald)","SATELITAL","344"
"82049020","SANTA FE","General Obligado","Avellaneda (Est. Ewald)","WIRELESS","1.141"
"82049030","SANTA FE","General Obligado","Berna","Otros","10"
"82049030","SANTA FE","General Obligado","Berna","SATELITAL","18"
"82049030","SANTA FE","General Obligado","Berna","WIRELESS","48"
"82049040","SANTA FE","General Obligado","El Araza","SATELITAL","37"
"82049040","SANTA FE","General Obligado","El Araza","WIRELESS","126"
"82049050","SANTA FE","General Obligado","El Rabón","CABLEMODEM","65"
"82049050","SANTA FE","General Obligado","El Rabón","SATELITAL","28"
"82049050","SANTA FE","General Obligado","El Rabón","WIRELESS","144"
"82049060","SANTA FE","General Obligado","Florencia","ADSL","100"
"82049060","SANTA FE","General Obligado","Florencia","CABLEMODEM","136"
"82049060","SANTA FE","General Obligado","Florencia","CELULAR","6"
"82049060","SANTA FE","General Obligado","Florencia","FIBRA OPTICA","229"
"82049060","SANTA FE","General Obligado","Florencia","SATELITAL","162"
"82049070","SANTA FE","General Obligado","Guadalupe Norte","ADSL","33"
"82049070","SANTA FE","General Obligado","Guadalupe Norte","CELULAR","4"
"82049070","SANTA FE","General Obligado","Guadalupe Norte","SATELITAL","159"
"82049080","SANTA FE","General Obligado","Ingeniero Chanourdie","SATELITAL","20"
"82049080","SANTA FE","General Obligado","Ingeniero Chanourdie","WIRELESS","85"
"82049090","SANTA FE","General Obligado","La Isleta","SATELITAL","12"
"82049110","SANTA FE","General Obligado","Lanteri","SATELITAL","90"
"82049110","SANTA FE","General Obligado","Lanteri","WIRELESS","300"
"82049100","SANTA FE","General Obligado","La Sarita","SATELITAL","17"
"82049100","SANTA FE","General Obligado","La Sarita","WIRELESS","85"
"82049120","SANTA FE","General Obligado","Las Garzas","ADSL","40"
"82049120","SANTA FE","General Obligado","Las Garzas","CELULAR","8"
"82049120","SANTA FE","General Obligado","Las Garzas","SATELITAL","35"
"82049130","SANTA FE","General Obligado","Las Toscas","ADSL","246"
"82049130","SANTA FE","General Obligado","Las Toscas","CABLEMODEM","1.045"
"82049130","SANTA FE","General Obligado","Las Toscas","FIBRA OPTICA","538"
"82049130","SANTA FE","General Obligado","Las Toscas","Otros","27"
"82049130","SANTA FE","General Obligado","Las Toscas","SATELITAL","98"
"82049130","SANTA FE","General Obligado","Las Toscas","WIRELESS","471"
"82049140","SANTA FE","General Obligado","Los Laureles","Otros","20"
"82049140","SANTA FE","General Obligado","Los Laureles","SATELITAL","38"
"82049150","SANTA FE","General Obligado","Malabrigo","ADSL","545"
"82049150","SANTA FE","General Obligado","Malabrigo","CABLEMODEM","924"
"82049150","SANTA FE","General Obligado","Malabrigo","CELULAR","14"
"82049150","SANTA FE","General Obligado","Malabrigo","Otros","160"
"82049150","SANTA FE","General Obligado","Malabrigo","SATELITAL","283"
"82049150","SANTA FE","General Obligado","Malabrigo","WIRELESS","91"
"0","SANTA FE","General Obligado","Otros","SATELITAL","143"
"82049160","SANTA FE","General Obligado","Paraje San Manuel","SATELITAL","26"
"82049170","SANTA FE","General Obligado","Puerto Reconquista","FIBRA OPTICA","2"
"82049170","SANTA FE","General Obligado","Puerto Reconquista","SATELITAL","20"
"82049180","SANTA FE","General Obligado","Reconquista","ADSL","187"
"82049180","SANTA FE","General Obligado","Reconquista","CABLEMODEM","13.512"
"82049180","SANTA FE","General Obligado","Reconquista","CELULAR","12"
"82049180","SANTA FE","General Obligado","Reconquista","DIAL UP","1"
"82049180","SANTA FE","General Obligado","Reconquista","FIBRA OPTICA","10.488"
"82049180","SANTA FE","General Obligado","Reconquista","Otros","800"
"82049180","SANTA FE","General Obligado","Reconquista","SATELITAL","783"
"82049180","SANTA FE","General Obligado","Reconquista","WIRELESS","2.840"
"82049190","SANTA FE","General Obligado","San Antonio de Obligado","ADSL","113"
"82049190","SANTA FE","General Obligado","San Antonio de Obligado","CABLEMODEM","132"
"82049190","SANTA FE","General Obligado","San Antonio de Obligado","FIBRA OPTICA","1"
"82049190","SANTA FE","General Obligado","San Antonio de Obligado","SATELITAL","14"
"82049190","SANTA FE","General Obligado","San Antonio de Obligado","WIRELESS","5"
"82049200","SANTA FE","General Obligado","Tacuarendí (Emb. Kilómetro 421)","ADSL","82"
"82049200","SANTA FE","General Obligado","Tacuarendí (Emb. Kilómetro 421)","CABLEMODEM","115"
"82049200","SANTA FE","General Obligado","Tacuarendí (Emb. Kilómetro 421)","SATELITAL","21"
"82049200","SANTA FE","General Obligado","Tacuarendí (Emb. Kilómetro 421)","WIRELESS","3"
"82049210","SANTA FE","General Obligado","Villa Ana","SATELITAL","58"
"82049220","SANTA FE","General Obligado","Villa Guillermina","ADSL","150"
"82049220","SANTA FE","General Obligado","Villa Guillermina","CABLEMODEM","173"
"82049220","SANTA FE","General Obligado","Villa Guillermina","SATELITAL","43"
"82049220","SANTA FE","General Obligado","Villa Guillermina","WIRELESS","164"
"82049230","SANTA FE","General Obligado","Villa Ocampo","ADSL","2.009"
"82049230","SANTA FE","General Obligado","Villa Ocampo","CABLEMODEM","1.891"
"82049230","SANTA FE","General Obligado","Villa Ocampo","SATELITAL","193"
"82056010","SANTA FE","Iriondo","Barrio Cicarelli","SATELITAL","11"
"82056020","SANTA FE","Iriondo","Bustinza","ADSL","287"
"82056020","SANTA FE","Iriondo","Bustinza","FIBRA OPTICA","1"
"82056020","SANTA FE","Iriondo","Bustinza","SATELITAL","60"
"82056020","SANTA FE","Iriondo","Bustinza","WIRELESS","118"
"82056030","SANTA FE","Iriondo","Cañada de Gómez","ADSL","574"
"82056030","SANTA FE","Iriondo","Cañada de Gómez","CABLEMODEM","8.667"
"82056030","SANTA FE","Iriondo","Cañada de Gómez","CELULAR","8"
"82056030","SANTA FE","Iriondo","Cañada de Gómez","FIBRA OPTICA","1.914"
"82056030","SANTA FE","Iriondo","Cañada de Gómez","SATELITAL","314"
"82056030","SANTA FE","Iriondo","Cañada de Gómez","WIRELESS","220"
"82056040","SANTA FE","Iriondo","Carrizales (Est. Clarke)","ADSL","243"
"82056040","SANTA FE","Iriondo","Carrizales (Est. Clarke)","CABLEMODEM","17"
"82056040","SANTA FE","Iriondo","Carrizales (Est. Clarke)","FIBRA OPTICA","96"
"82056040","SANTA FE","Iriondo","Carrizales (Est. Clarke)","Otros","2"
"82056040","SANTA FE","Iriondo","Carrizales (Est. Clarke)","SATELITAL","15"
"82056050","SANTA FE","Iriondo","Classon","CELULAR","1"
"82056050","SANTA FE","Iriondo","Classon","FIBRA OPTICA","163"
"82056050","SANTA FE","Iriondo","Classon","SATELITAL","25"
"82056050","SANTA FE","Iriondo","Classon","WIRELESS","48"
"82056060","SANTA FE","Iriondo","Colonia Médici","SATELITAL","21"
"82056070","SANTA FE","Iriondo","Correa","ADSL","47"
"82056070","SANTA FE","Iriondo","Correa","CABLEMODEM","991"
"82056070","SANTA FE","Iriondo","Correa","CELULAR","3"
"82056070","SANTA FE","Iriondo","Correa","FIBRA OPTICA","722"
"82056070","SANTA FE","Iriondo","Correa","SATELITAL","42"
"82056070","SANTA FE","Iriondo","Correa","WIRELESS","35"
"82056080","SANTA FE","Iriondo","Larguía","SATELITAL","15"
"82056090","SANTA FE","Iriondo","Lucio V. López","CABLEMODEM","5"
"82056090","SANTA FE","Iriondo","Lucio V. López","CELULAR","3"
"82056090","SANTA FE","Iriondo","Lucio V. López","SATELITAL","25"
"82056100","SANTA FE","Iriondo","Oliveros","ADSL","2.000"
"82056100","SANTA FE","Iriondo","Oliveros","FIBRA OPTICA","1.360"
"82056100","SANTA FE","Iriondo","Oliveros","SATELITAL","86"
"82056100","SANTA FE","Iriondo","Oliveros","WIRELESS","40"
"0","SANTA FE","Iriondo","Otros","SATELITAL","87"
"82056110","SANTA FE","Iriondo","Pueblo Andino","ADSL","15"
"82056110","SANTA FE","Iriondo","Pueblo Andino","CABLEMODEM","786"
"82056110","SANTA FE","Iriondo","Pueblo Andino","CELULAR","1"
"82056110","SANTA FE","Iriondo","Pueblo Andino","SATELITAL","46"
"82056110","SANTA FE","Iriondo","Pueblo Andino","WIRELESS","399"
"82056120","SANTA FE","Iriondo","Salto Grande","ADSL","493"
"82056120","SANTA FE","Iriondo","Salto Grande","SATELITAL","18"
"82056120","SANTA FE","Iriondo","Salto Grande","WIRELESS","1"
"82056130","SANTA FE","Iriondo","Serodino","ADSL","104"
"82056130","SANTA FE","Iriondo","Serodino","SATELITAL","45"
"82056130","SANTA FE","Iriondo","Serodino","WIRELESS","184"
"82056140","SANTA FE","Iriondo","Totoras","ADSL","122"
"82056140","SANTA FE","Iriondo","Totoras","FIBRA OPTICA","1.819"
"82056140","SANTA FE","Iriondo","Totoras","SATELITAL","130"
"82056140","SANTA FE","Iriondo","Totoras","WIRELESS","702"
"82056150","SANTA FE","Iriondo","Villa Eloísa","ADSL","563"
"82056150","SANTA FE","Iriondo","Villa Eloísa","FIBRA OPTICA","457"
"82056150","SANTA FE","Iriondo","Villa Eloísa","Otros","82"
"82056150","SANTA FE","Iriondo","Villa Eloísa","SATELITAL","62"
"82056150","SANTA FE","Iriondo","Villa Eloísa","WIRELESS","76"
"82056160","SANTA FE","Iriondo","Villa La Rivera (Oliveros)","SATELITAL","17"
"82056160","SANTA FE","Iriondo","Villa La Rivera (Oliveros)","WIRELESS","79"
"82056170","SANTA FE","Iriondo","Villa La Rivera (Pueblo Andino)","SATELITAL","30"
"82056170","SANTA FE","Iriondo","Villa La Rivera (Pueblo Andino)","WIRELESS","26"
"82063010","SANTA FE","La Capital","Angel Gallardo","SATELITAL","362"
"82063010","SANTA FE","La Capital","Angel Gallardo","WIRELESS","7"
"82063020","SANTA FE","La Capital","Arroyo Aguiar","ADSL","39"
"82063020","SANTA FE","La Capital","Arroyo Aguiar","CELULAR","11"
"82063020","SANTA FE","La Capital","Arroyo Aguiar","SATELITAL","52"
"82063020","SANTA FE","La Capital","Arroyo Aguiar","WIRELESS","38"
"82063030","SANTA FE","La Capital","Arroyo Leyes","CABLEMODEM","1.115"
"82063030","SANTA FE","La Capital","Arroyo Leyes","CELULAR","2"
"82063030","SANTA FE","La Capital","Arroyo Leyes","FIBRA OPTICA","88"
"82063030","SANTA FE","La Capital","Arroyo Leyes","SATELITAL","135"
"82063030","SANTA FE","La Capital","Arroyo Leyes","WIRELESS","106"
"82063040","SANTA FE","La Capital","Cabal","SATELITAL","9"
"82063040","SANTA FE","La Capital","Cabal","WIRELESS","11"
"82063050","SANTA FE","La Capital","Campo Andino","CELULAR","2"
"82063050","SANTA FE","La Capital","Campo Andino","SATELITAL","9"
"82063060","SANTA FE","La Capital","Candioti","FIBRA OPTICA","324"
"82063060","SANTA FE","La Capital","Candioti","SATELITAL","39"
"82063070","SANTA FE","La Capital","Emilia","ADSL","54"
"82063070","SANTA FE","La Capital","Emilia","CELULAR","11"
"82063070","SANTA FE","La Capital","Emilia","FIBRA OPTICA","205"
"82063070","SANTA FE","La Capital","Emilia","SATELITAL","48"
"82063080","SANTA FE","La Capital","Laguna Paiva","ADSL","30"
"82063080","SANTA FE","La Capital","Laguna Paiva","CELULAR","22"
"82063080","SANTA FE","La Capital","Laguna Paiva","FIBRA OPTICA","2.962"
"82063080","SANTA FE","La Capital","Laguna Paiva","SATELITAL","63"
"82063080","SANTA FE","La Capital","Laguna Paiva","WIRELESS","2"
"82063090","SANTA FE","La Capital","Llambi Campbell","ADSL","75"
"82063090","SANTA FE","La Capital","Llambi Campbell","CELULAR","3"
"82063090","SANTA FE","La Capital","Llambi Campbell","FIBRA OPTICA","121"
"82063090","SANTA FE","La Capital","Llambi Campbell","SATELITAL","57"
"82063100","SANTA FE","La Capital","Monte Vera","ADSL","111"
"82063100","SANTA FE","La Capital","Monte Vera","CELULAR","3"
"82063100","SANTA FE","La Capital","Monte Vera","SATELITAL","89"
"82063110","SANTA FE","La Capital","Nelson","ADSL","182"
"82063110","SANTA FE","La Capital","Nelson","CELULAR","2"
"82063110","SANTA FE","La Capital","Nelson","SATELITAL","71"
"82063110","SANTA FE","La Capital","Nelson","WIRELESS","13"
"0","SANTA FE","La Capital","Otros","SATELITAL","14"
"82063120","SANTA FE","La Capital","Paraje Chaco Chico","SATELITAL","181"
"82063130","SANTA FE","La Capital","Paraje La Costa","SATELITAL","32"
"82063140","SANTA FE","La Capital","Recreo","ADSL","466"
"82063140","SANTA FE","La Capital","Recreo","CABLEMODEM","30"
"82063140","SANTA FE","La Capital","Recreo","CELULAR","22"
"82063140","SANTA FE","La Capital","Recreo","FIBRA OPTICA","232"
"82063140","SANTA FE","La Capital","Recreo","SATELITAL","220"
"82063140","SANTA FE","La Capital","Recreo","WIRELESS","135"
"82063150","SANTA FE","La Capital","Rincón Potrero","SATELITAL","16"
"82063160","SANTA FE","La Capital","San José del Rincón","ADSL","275"
"82063160","SANTA FE","La Capital","San José del Rincón","CABLEMODEM","2.329"
"82063160","SANTA FE","La Capital","San José del Rincón","CELULAR","32"
"82063160","SANTA FE","La Capital","San José del Rincón","FIBRA OPTICA","498"
"82063160","SANTA FE","La Capital","San José del Rincón","SATELITAL","142"
"82063170","SANTA FE","La Capital","Santa Fe","ADSL","1.901"
"82063170","SANTA FE","La Capital","Santa Fe","CABLEMODEM","57.574"
"82063170","SANTA FE","La Capital","Santa Fe","CELULAR","335"
"82063170","SANTA FE","La Capital","Santa Fe","DIAL UP","26"
"82063170","SANTA FE","La Capital","Santa Fe","FIBRA OPTICA","80.431"
"82063170","SANTA FE","La Capital","Santa Fe","Otros","140"
"82063170","SANTA FE","La Capital","Santa Fe","SATELITAL","1.289"
"82063170","SANTA FE","La Capital","Santa Fe","WIRELESS","119"
"82063180","SANTA FE","La Capital","Santo Tomé","ADSL","13"
"82063180","SANTA FE","La Capital","Santo Tomé","CABLEMODEM","14"
"82063180","SANTA FE","La Capital","Santo Tomé","CELULAR","48"
"82063180","SANTA FE","La Capital","Santo Tomé","FIBRA OPTICA","2.719"
"82063180","SANTA FE","La Capital","Santo Tomé","Otros","4"
"82063180","SANTA FE","La Capital","Santo Tomé","SATELITAL","319"
"82063180","SANTA FE","La Capital","Santo Tomé","WIRELESS","607"
"82063190","SANTA FE","La Capital","Sauce Viejo","ADSL","286"
"82063190","SANTA FE","La Capital","Sauce Viejo","CELULAR","4"
"82063190","SANTA FE","La Capital","Sauce Viejo","FIBRA OPTICA","404"
"82063190","SANTA FE","La Capital","Sauce Viejo","SATELITAL","97"
"82063190","SANTA FE","La Capital","Sauce Viejo","WIRELESS","47"
"82063070","SANTA FE","La Capital","Villa Adelina","SATELITAL","103"
"82063200","SANTA FE","La Capital","Villa Laura (Est. Constituyentes)","CELULAR","1"
"82063200","SANTA FE","La Capital","Villa Laura (Est. Constituyentes)","SATELITAL","18"
"82070010","SANTA FE","Las Colonias","Cavour","SATELITAL","14"
"82070020","SANTA FE","Las Colonias","Cululú","SATELITAL","19"
"82070020","SANTA FE","Las Colonias","Cululú","WIRELESS","24"
"82070030","SANTA FE","Las Colonias","Elisa","FIBRA OPTICA","208"
"82070030","SANTA FE","Las Colonias","Elisa","SATELITAL","36"
"82070040","SANTA FE","Las Colonias","Empalme San Carlos","SATELITAL","13"
"82070040","SANTA FE","Las Colonias","Empalme San Carlos","WIRELESS","455"
"82070050","SANTA FE","Las Colonias","Esperanza","ADSL","116"
"82070050","SANTA FE","Las Colonias","Esperanza","CABLEMODEM","7.544"
"82070050","SANTA FE","Las Colonias","Esperanza","CELULAR","5"
"82070050","SANTA FE","Las Colonias","Esperanza","FIBRA OPTICA","5.008"
"82070050","SANTA FE","Las Colonias","Esperanza","SATELITAL","334"
"82070050","SANTA FE","Las Colonias","Esperanza","WIRELESS","13"
"82070060","SANTA FE","Las Colonias","Felicia","FIBRA OPTICA","1"
"82070060","SANTA FE","Las Colonias","Felicia","SATELITAL","33"
"82070060","SANTA FE","Las Colonias","Felicia","WIRELESS","396"
"82070070","SANTA FE","Las Colonias","Franck","ADSL","79"
"82070070","SANTA FE","Las Colonias","Franck","CELULAR","12"
"82070070","SANTA FE","Las Colonias","Franck","FIBRA OPTICA","1.110"
"82070070","SANTA FE","Las Colonias","Franck","SATELITAL","81"
"82070070","SANTA FE","Las Colonias","Franck","WIRELESS","86"
"82070080","SANTA FE","Las Colonias","Grutly","FIBRA OPTICA","147"
"82070080","SANTA FE","Las Colonias","Grutly","SATELITAL","16"
"82070080","SANTA FE","Las Colonias","Grutly","WIRELESS","2"
"82070090","SANTA FE","Las Colonias","Hipatia","SATELITAL","13"
"82070090","SANTA FE","Las Colonias","Hipatia","WIRELESS","53"
"82070100","SANTA FE","Las Colonias","Humboldt","ADSL","117"
"82070100","SANTA FE","Las Colonias","Humboldt","CELULAR","2"
"82070100","SANTA FE","Las Colonias","Humboldt","FIBRA OPTICA","773"
"82070100","SANTA FE","Las Colonias","Humboldt","SATELITAL","75"
"82070100","SANTA FE","Las Colonias","Humboldt","WIRELESS","68"
"82070110","SANTA FE","Las Colonias","Jacinto L. Aráuz","SATELITAL","6"
"82070120","SANTA FE","Las Colonias","La Pelada","FIBRA OPTICA","88"
"82070120","SANTA FE","Las Colonias","La Pelada","SATELITAL","22"
"82070120","SANTA FE","Las Colonias","La Pelada","WIRELESS","96"
"82070130","SANTA FE","Las Colonias","Las Tunas","FIBRA OPTICA","133"
"82070130","SANTA FE","Las Colonias","Las Tunas","SATELITAL","10"
"82070140","SANTA FE","Las Colonias","María Luisa","FIBRA OPTICA","81"
"82070140","SANTA FE","Las Colonias","María Luisa","SATELITAL","19"
"82070140","SANTA FE","Las Colonias","María Luisa","WIRELESS","81"
"82070150","SANTA FE","Las Colonias","Matilde","ADSL","58"
"82070150","SANTA FE","Las Colonias","Matilde","CELULAR","8"
"82070150","SANTA FE","Las Colonias","Matilde","SATELITAL","83"
"82070150","SANTA FE","Las Colonias","Matilde","WIRELESS","31"
"82070160","SANTA FE","Las Colonias","Nuevo Torino","FIBRA OPTICA","1"
"82070160","SANTA FE","Las Colonias","Nuevo Torino","Otros","72"
"82070160","SANTA FE","Las Colonias","Nuevo Torino","SATELITAL","17"
"82070160","SANTA FE","Las Colonias","Nuevo Torino","WIRELESS","1"
"0","SANTA FE","Las Colonias","Otros","SATELITAL","30"
"0","SANTA FE","Las Colonias","OTROS","WIRELESS","16"
"82070170","SANTA FE","Las Colonias","Pilar","ADSL","1"
"82070170","SANTA FE","Las Colonias","Pilar","FIBRA OPTICA","338"
"82070170","SANTA FE","Las Colonias","Pilar","SATELITAL","35"
"82070170","SANTA FE","Las Colonias","Pilar","WIRELESS","3"
"82070180","SANTA FE","Las Colonias","Plaza Matilde","SATELITAL","7"
"82070190","SANTA FE","Las Colonias","Progreso","FIBRA OPTICA","48"
"82070190","SANTA FE","Las Colonias","Progreso","SATELITAL","26"
"82070190","SANTA FE","Las Colonias","Progreso","WIRELESS","582"
"82070200","SANTA FE","Las Colonias","Providencia","SATELITAL","20"
"82070200","SANTA FE","Las Colonias","Providencia","WIRELESS","115"
"82070220","SANTA FE","Las Colonias","San Agustín","SATELITAL","56"
"82070220","SANTA FE","Las Colonias","San Agustín","WIRELESS","265"
"82070230","SANTA FE","Las Colonias","San Carlos Centro","ADSL","15"
"82070230","SANTA FE","Las Colonias","San Carlos Centro","CABLEMODEM","3.687"
"82070230","SANTA FE","Las Colonias","San Carlos Centro","FIBRA OPTICA","1.051"
"82070230","SANTA FE","Las Colonias","San Carlos Centro","SATELITAL","46"
"82070230","SANTA FE","Las Colonias","San Carlos Centro","WIRELESS","3"
"82070240","SANTA FE","Las Colonias","San Carlos Norte","CABLEMODEM","277"
"82070240","SANTA FE","Las Colonias","San Carlos Norte","FIBRA OPTICA","10"
"82070240","SANTA FE","Las Colonias","San Carlos Norte","SATELITAL","12"
"82070250","SANTA FE","Las Colonias","San Carlos Sud","ADSL","1"
"82070250","SANTA FE","Las Colonias","San Carlos Sud","CABLEMODEM","631"
"82070250","SANTA FE","Las Colonias","San Carlos Sud","FIBRA OPTICA","250"
"82070250","SANTA FE","Las Colonias","San Carlos Sud","SATELITAL","23"
"82070260","SANTA FE","Las Colonias","San Jerónimo del Sauce","FIBRA OPTICA","106"
"82070260","SANTA FE","Las Colonias","San Jerónimo del Sauce","SATELITAL","6"
"82070270","SANTA FE","Las Colonias","San Jerónimo Norte","ADSL","71"
"82070270","SANTA FE","Las Colonias","San Jerónimo Norte","CELULAR","3"
"82070270","SANTA FE","Las Colonias","San Jerónimo Norte","FIBRA OPTICA","1.695"
"82070270","SANTA FE","Las Colonias","San Jerónimo Norte","SATELITAL","33"
"82070270","SANTA FE","Las Colonias","San Jerónimo Norte","WIRELESS","1"
"82070280","SANTA FE","Las Colonias","San Mariano","SATELITAL","22"
"82070290","SANTA FE","Las Colonias","Santa Clara de Buena Vista","CABLEMODEM","758"
"82070290","SANTA FE","Las Colonias","Santa Clara de Buena Vista","SATELITAL","55"
"82070300","SANTA FE","Las Colonias","Santo Domingo","CELULAR","1"
"82070300","SANTA FE","Las Colonias","Santo Domingo","FIBRA OPTICA","30"
"82070300","SANTA FE","Las Colonias","Santo Domingo","SATELITAL","31"
"82070300","SANTA FE","Las Colonias","Santo Domingo","WIRELESS","249"
"82070210","SANTA FE","Las Colonias","Sa Pereyra","ADSL","1"
"82070210","SANTA FE","Las Colonias","Sa Pereyra","CELULAR","1"
"82070210","SANTA FE","Las Colonias","Sa Pereyra","SATELITAL","31"
"82070210","SANTA FE","Las Colonias","Sa Pereyra","WIRELESS","15"
"82070310","SANTA FE","Las Colonias","Sarmiento","ADSL","1"
"82070310","SANTA FE","Las Colonias","Sarmiento","FIBRA OPTICA","1"
"82070310","SANTA FE","Las Colonias","SARMIENTO","Otros","130"
"82070310","SANTA FE","Las Colonias","Sarmiento","SATELITAL","55"
"82070310","SANTA FE","Las Colonias","Sarmiento","WIRELESS","133"
"0","SANTA FE","OTROS","Otros","Otros","2.581"
"82084010","SANTA FE","Rosario","Acebal","ADSL","35"
"82084010","SANTA FE","Rosario","Acebal","CABLEMODEM","781"
"82084010","SANTA FE","Rosario","Acebal","FIBRA OPTICA","1.273"
"82084010","SANTA FE","Rosario","Acebal","SATELITAL","25"
"82084020","SANTA FE","Rosario","Albarellos","SATELITAL","11"
"82084020","SANTA FE","Rosario","Albarellos","WIRELESS","20"
"82084030","SANTA FE","Rosario","Álvarez","CABLEMODEM","1.393"
"82084030","SANTA FE","Rosario","Álvarez","FIBRA OPTICA","77"
"82084030","SANTA FE","Rosario","Álvarez","Otros","134"
"82084030","SANTA FE","Rosario","Álvarez","SATELITAL","17"
"82084040","SANTA FE","Rosario","Alvear","ADSL","387"
"82084040","SANTA FE","Rosario","Alvear","CABLEMODEM","50"
"82084040","SANTA FE","Rosario","Alvear","FIBRA OPTICA","2.076"
"82084040","SANTA FE","Rosario","Alvear","SATELITAL","72"
"82084040","SANTA FE","Rosario","Alvear","WIRELESS","12"
"82084050","SANTA FE","Rosario","Arbilla","SATELITAL","38"
"82084060","SANTA FE","Rosario","Arminda","CABLEMODEM","86"
"82084060","SANTA FE","Rosario","Arminda","Otros","40"
"82084060","SANTA FE","Rosario","Arminda","SATELITAL","9"
"82084070","SANTA FE","Rosario","Arroyo Seco","ADSL","182"
"82084070","SANTA FE","Rosario","Arroyo Seco","CABLEMODEM","3.780"
"82084070","SANTA FE","Rosario","Arroyo Seco","CELULAR","1"
"82084070","SANTA FE","Rosario","Arroyo Seco","FIBRA OPTICA","1.692"
"82084070","SANTA FE","Rosario","Arroyo Seco","SATELITAL","199"
"82084070","SANTA FE","Rosario","Arroyo Seco","WIRELESS","10"
"82084080","SANTA FE","Rosario","Carmen del Sauce","ADSL","19"
"82084080","SANTA FE","Rosario","Carmen del Sauce","CABLEMODEM","5"
"82084080","SANTA FE","Rosario","Carmen del Sauce","FIBRA OPTICA","222"
"82084080","SANTA FE","Rosario","Carmen del Sauce","SATELITAL","3"
"82084090","SANTA FE","Rosario","Coronel Bogado","ADSL","415"
"82084090","SANTA FE","Rosario","Coronel Bogado","FIBRA OPTICA","178"
"82084090","SANTA FE","Rosario","Coronel Bogado","SATELITAL","15"
"82084100","SANTA FE","Rosario","Coronel Rodolfo S. Domínguez","CABLEMODEM","318"
"82084100","SANTA FE","Rosario","Coronel Rodolfo S. Domínguez","SATELITAL","9"
"82084110","SANTA FE","Rosario","Cuatro Esquinas","CABLEMODEM","2"
"82084110","SANTA FE","Rosario","Cuatro Esquinas","FIBRA OPTICA","67"
"82084110","SANTA FE","Rosario","Cuatro Esquinas","SATELITAL","12"
"82084120","SANTA FE","Rosario","El Caramelo","ADSL","71"
"82084120","SANTA FE","Rosario","El Caramelo","CABLEMODEM","14"
"82084120","SANTA FE","Rosario","El Caramelo","FIBRA OPTICA","629"
"82084120","SANTA FE","Rosario","El Caramelo","SATELITAL","23"
"82084130","SANTA FE","Rosario","Fighiera","ADSL","44"
"82084130","SANTA FE","Rosario","Fighiera","CELULAR","40"
"82084130","SANTA FE","Rosario","Fighiera","SATELITAL","94"
"82084130","SANTA FE","Rosario","Fighiera","WIRELESS","258"
"82084140","SANTA FE","Rosario","Funes","ADSL","896"
"82084140","SANTA FE","Rosario","Funes","CABLEMODEM","6.399"
"82084140","SANTA FE","Rosario","Funes","CELULAR","3"
"82084140","SANTA FE","Rosario","Funes","FIBRA OPTICA","9.656"
"82084140","SANTA FE","Rosario","Funes","SATELITAL","1.444"
"82084140","SANTA FE","Rosario","Funes","WIRELESS","117"
"82084150","SANTA FE","Rosario","General Lagos","ADSL","400"
"82084150","SANTA FE","Rosario","General Lagos","Otros","1"
"82084150","SANTA FE","Rosario","General Lagos","SATELITAL","150"
"82084150","SANTA FE","Rosario","General Lagos","WIRELESS","140"
"82084160","SANTA FE","Rosario","Granadero Baigorria","ADSL","874"
"82084160","SANTA FE","Rosario","Granadero Baigorria","CABLEMODEM","3.818"
"82084160","SANTA FE","Rosario","Granadero Baigorria","CELULAR","1"
"82084160","SANTA FE","Rosario","Granadero Baigorria","FIBRA OPTICA","2.588"
"82084160","SANTA FE","Rosario","Granadero Baigorria","SATELITAL","640"
"82084160","SANTA FE","Rosario","Granadero Baigorria","WIRELESS","56"
"82084170","SANTA FE","Rosario","Ibarlucea","ADSL","220"
"82084170","SANTA FE","Rosario","Ibarlucea","CABLEMODEM","774"
"82084170","SANTA FE","Rosario","Ibarlucea","CELULAR","1"
"82084170","SANTA FE","Rosario","Ibarlucea","FIBRA OPTICA","1.301"
"82084170","SANTA FE","Rosario","Ibarlucea","SATELITAL","287"
"82084170","SANTA FE","Rosario","Ibarlucea","WIRELESS","10"
"82084180","SANTA FE","Rosario","Kilómetro 101","SATELITAL","31"
"82084190","SANTA FE","Rosario","Los Muchachos - La Alborada","SATELITAL","6"
"82084200","SANTA FE","Rosario","Monte Flores","SATELITAL","39"
"0","SANTA FE","Rosario","Otros","SATELITAL","1"
"82084210","SANTA FE","Rosario","Pérez","ADSL","40"
"82084210","SANTA FE","Rosario","Pérez","CELULAR","2"
"82084210","SANTA FE","Rosario","Pérez","FIBRA OPTICA","2.887"
"82084210","SANTA FE","Rosario","Pérez","SATELITAL","1.869"
"82084210","SANTA FE","Rosario","Pérez","WIRELESS","3"
"82084220","SANTA FE","Rosario","Piñero (Est. Erasto)","CABLEMODEM","181"
"82084220","SANTA FE","Rosario","Piñero (Est. Erasto)","FIBRA OPTICA","1"
"82084220","SANTA FE","Rosario","Piñero (Est. Erasto)","Otros","55"
"82084220","SANTA FE","Rosario","Piñero (Est. Erasto)","SATELITAL","30"
"82084230","SANTA FE","Rosario","Pueblo Esther","ADSL","694"
"82084230","SANTA FE","Rosario","Pueblo Esther","FIBRA OPTICA","4.588"
"82084230","SANTA FE","Rosario","Pueblo Esther","SATELITAL","279"
"82084230","SANTA FE","Rosario","Pueblo Esther","WIRELESS","1"
"82084240","SANTA FE","Rosario","Pueblo Muñoz (Est. Bernard)","CABLEMODEM","118"
"82084240","SANTA FE","Rosario","Pueblo Muñoz (Est. Bernard)","Otros","54"
"82084240","SANTA FE","Rosario","Pueblo Muñoz (Est. Bernard)","SATELITAL","6"
"82084250","SANTA FE","Rosario","Pueblo Uranga","ADSL","33"
"82084250","SANTA FE","Rosario","Pueblo Uranga","CABLEMODEM","6"
"82084250","SANTA FE","Rosario","Pueblo Uranga","CELULAR","1"
"82084250","SANTA FE","Rosario","Pueblo Uranga","FIBRA OPTICA","234"
"82084250","SANTA FE","Rosario","Pueblo Uranga","SATELITAL","6"
"82084260","SANTA FE","Rosario","Puerto Arroyo Seco","Otros","25"
"82084260","SANTA FE","Rosario","Puerto Arroyo Seco","SATELITAL","49"
"82084270","SANTA FE","Rosario","Rosario","ADSL","1.007"
"82084270","SANTA FE","Rosario","Rosario","CABLEMODEM","81.686"
"82084270","SANTA FE","Rosario","Rosario","CELULAR","126"
"82084270","SANTA FE","Rosario","Rosario","DIAL UP","61"
"82084270","SANTA FE","Rosario","Rosario","FIBRA OPTICA","264.997"
"82084270","SANTA FE","Rosario","Rosario","SATELITAL","2.189"
"82084270","SANTA FE","Rosario","Rosario","WIRELESS","5.270"
"82084280","SANTA FE","Rosario","Soldini","ADSL","18"
"82084280","SANTA FE","Rosario","Soldini","CABLEMODEM","780"
"82084280","SANTA FE","Rosario","Soldini","CELULAR","2"
"82084280","SANTA FE","Rosario","Soldini","Otros","86"
"82084280","SANTA FE","Rosario","Soldini","SATELITAL","62"
"82084290","SANTA FE","Rosario","Villa Amelia","ADSL","172"
"82084290","SANTA FE","Rosario","Villa Amelia","CABLEMODEM","109"
"82084290","SANTA FE","Rosario","Villa Amelia","FIBRA OPTICA","1"
"82084290","SANTA FE","Rosario","Villa Amelia","SATELITAL","15"
"82084290","SANTA FE","Rosario","Villa Amelia","WIRELESS","2"
"82084300","SANTA FE","Rosario","Villa del Plata","CABLEMODEM","8"
"82084300","SANTA FE","Rosario","Villa del Plata","FIBRA OPTICA","344"
"82084300","SANTA FE","Rosario","Villa del Plata","Otros","101"
"82084300","SANTA FE","Rosario","Villa del Plata","SATELITAL","30"
"82084310","SANTA FE","Rosario","Villa Gobernador Gálvez","ADSL","5.311"
"82084310","SANTA FE","Rosario","Villa Gobernador Gálvez","CABLEMODEM","3.198"
"82084310","SANTA FE","Rosario","Villa Gobernador Gálvez","CELULAR","8"
"82084310","SANTA FE","Rosario","Villa Gobernador Gálvez","FIBRA OPTICA","5.623"
"82084310","SANTA FE","Rosario","Villa Gobernador Gálvez","SATELITAL","383"
"82084310","SANTA FE","Rosario","Villa Gobernador Gálvez","WIRELESS","35"
"82084320","SANTA FE","Rosario","Zavalla","ADSL","34"
"82084320","SANTA FE","Rosario","Zavalla","CELULAR","5"
"82084320","SANTA FE","Rosario","Zavalla","SATELITAL","35"
"82091010","SANTA FE","San Cristóbal","Aguará Grande","CABLEMODEM","2.554"
"82091010","SANTA FE","San Cristóbal","Aguará Grande","CELULAR","15"
"82091010","SANTA FE","San Cristóbal","Aguará Grande","FIBRA OPTICA","10"
"82091010","SANTA FE","San Cristóbal","Aguará Grande","SATELITAL","41"
"82091010","SANTA FE","San Cristóbal","Aguará Grande","WIRELESS","2"
"82091020","SANTA FE","San Cristóbal","Ambrosetti","SATELITAL","58"
"82091020","SANTA FE","San Cristóbal","Ambrosetti","WIRELESS","84"
"82091030","SANTA FE","San Cristóbal","Arrufo","ADSL","124"
"82091030","SANTA FE","San Cristóbal","Arrufo","CABLEMODEM","166"
"82091030","SANTA FE","San Cristóbal","Arrufo","FIBRA OPTICA","158"
"82091030","SANTA FE","San Cristóbal","Arrufo","SATELITAL","26"
"82091040","SANTA FE","San Cristóbal","Balneario La Verde","SATELITAL","8"
"82091050","SANTA FE","San Cristóbal","Capivara","SATELITAL","16"
"82091060","SANTA FE","San Cristóbal","Ceres","ADSL","415"
"82091060","SANTA FE","San Cristóbal","Ceres","CABLEMODEM","1.939"
"82091060","SANTA FE","San Cristóbal","Ceres","CELULAR","20"
"82091060","SANTA FE","San Cristóbal","Ceres","FIBRA OPTICA","759"
"82091060","SANTA FE","San Cristóbal","Ceres","SATELITAL","210"
"82091060","SANTA FE","San Cristóbal","Ceres","WIRELESS","13"
"82091070","SANTA FE","San Cristóbal","Colonia Ana","SATELITAL","16"
"82091070","SANTA FE","San Cristóbal","Colonia Ana","WIRELESS","6"
"82091080","SANTA FE","San Cristóbal","Colonia Bossi","FIBRA OPTICA","89"
"82091080","SANTA FE","San Cristóbal","Colonia Bossi","SATELITAL","13"
"82091080","SANTA FE","San Cristóbal","Colonia Bossi","WIRELESS","100"
"82091090","SANTA FE","San Cristóbal","Colonia Rosa","SATELITAL","27"
"82091090","SANTA FE","San Cristóbal","Colonia Rosa","WIRELESS","12"
"82091100","SANTA FE","San Cristóbal","Constanza","SATELITAL","16"
"82091110","SANTA FE","San Cristóbal","Curupaity","SATELITAL","12"
"82091110","SANTA FE","San Cristóbal","Curupaity","WIRELESS","12"
"82091120","SANTA FE","San Cristóbal","Hersilia","CABLEMODEM","212"
"82091120","SANTA FE","San Cristóbal","Hersilia","FIBRA OPTICA","41"
"82091120","SANTA FE","San Cristóbal","Hersilia","SATELITAL","27"
"82091120","SANTA FE","San Cristóbal","Hersilia","WIRELESS","370"
"82091130","SANTA FE","San Cristóbal","Huanqueros","SATELITAL","29"
"82091130","SANTA FE","San Cristóbal","Huanqueros","WIRELESS","24"
"82091140","SANTA FE","San Cristóbal","La Cabral","Otros","1"
"82091140","SANTA FE","San Cristóbal","La Cabral","SATELITAL","29"
"82091140","SANTA FE","San Cristóbal","La Cabral","WIRELESS","2"
"82091145","SANTA FE","San Cristóbal","La Lucila","SATELITAL","6"
"82091150","SANTA FE","San Cristóbal","La Rubia","CABLEMODEM","31"
"82091150","SANTA FE","San Cristóbal","La Rubia","SATELITAL","26"
"82091150","SANTA FE","San Cristóbal","La Rubia","WIRELESS","12"
"82091160","SANTA FE","San Cristóbal","Las Avispas","SATELITAL","6"
"82091170","SANTA FE","San Cristóbal","Las Palmeras","FIBRA OPTICA","6"
"82091170","SANTA FE","San Cristóbal","Las Palmeras","SATELITAL","5"
"82091170","SANTA FE","San Cristóbal","Las Palmeras","WIRELESS","74"
"82091180","SANTA FE","San Cristóbal","Moisés Ville","ADSL","39"
"82091180","SANTA FE","San Cristóbal","Moisés Ville","CABLEMODEM","352"
"82091180","SANTA FE","San Cristóbal","Moisés Ville","CELULAR","2"
"82091180","SANTA FE","San Cristóbal","Moisés Ville","FIBRA OPTICA","192"
"82091180","SANTA FE","San Cristóbal","Moisés Ville","SATELITAL","28"
"82091190","SANTA FE","San Cristóbal","Monigotes","FIBRA OPTICA","43"
"82091190","SANTA FE","San Cristóbal","Monigotes","SATELITAL","21"
"82091190","SANTA FE","San Cristóbal","Monigotes","WIRELESS","12"
"82091200","SANTA FE","San Cristóbal","Ñanducita","SATELITAL","10"
"82091200","SANTA FE","San Cristóbal","Ñanducita","WIRELESS","27"
"0","SANTA FE","San Cristóbal","Otros","SATELITAL","172"
"0","SANTA FE","San Cristóbal","OTROS","WIRELESS","4"
"82091210","SANTA FE","San Cristóbal","Palacios","FIBRA OPTICA","41"
"82091210","SANTA FE","San Cristóbal","Palacios","SATELITAL","16"
"82091210","SANTA FE","San Cristóbal","Palacios","WIRELESS","37"
"82091220","SANTA FE","San Cristóbal","San Cristóbal","ADSL","304"
"82091220","SANTA FE","San Cristóbal","San Cristóbal","CABLEMODEM","872"
"82091220","SANTA FE","San Cristóbal","San Cristóbal","CELULAR","18"
"82091220","SANTA FE","San Cristóbal","San Cristóbal","FIBRA OPTICA","1.326"
"82091220","SANTA FE","San Cristóbal","San Cristóbal","SATELITAL","92"
"82091220","SANTA FE","San Cristóbal","San Cristóbal","WIRELESS","351"
"82091230","SANTA FE","San Cristóbal","San Guillermo","ADSL","605"
"82091230","SANTA FE","San Cristóbal","San Guillermo","CABLEMODEM","1.174"
"82091230","SANTA FE","San Cristóbal","San Guillermo","FIBRA OPTICA","966"
"82091230","SANTA FE","San Cristóbal","San Guillermo","SATELITAL","122"
"82091230","SANTA FE","San Cristóbal","San Guillermo","WIRELESS","191"
"82091240","SANTA FE","San Cristóbal","Santurce","SATELITAL","16"
"82091240","SANTA FE","San Cristóbal","Santurce","WIRELESS","27"
"82091250","SANTA FE","San Cristóbal","Soledad","FIBRA OPTICA","199"
"82091250","SANTA FE","San Cristóbal","Soledad","SATELITAL","26"
"82091260","SANTA FE","San Cristóbal","Suardi","FIBRA OPTICA","2.115"
"82091260","SANTA FE","San Cristóbal","Suardi","SATELITAL","137"
"82091270","SANTA FE","San Cristóbal","Villa Saralegui","FIBRA OPTICA","69"
"82091270","SANTA FE","San Cristóbal","Villa Saralegui","SATELITAL","32"
"82091280","SANTA FE","San Cristóbal","Villa Trinidad","SATELITAL","96"
"82098010","SANTA FE","San Javier","Alejandra","CELULAR","1"
"82098010","SANTA FE","San Javier","Alejandra","SATELITAL","54"
"82098010","SANTA FE","San Javier","Alejandra","WIRELESS","453"
"82098020","SANTA FE","San Javier","Cacique Ariacaiquín","SATELITAL","26"
"82098020","SANTA FE","San Javier","Cacique Ariacaiquín","WIRELESS","40"
"82098030","SANTA FE","San Javier","Colonia Durán","SATELITAL","17"
"82098040","SANTA FE","San Javier","La Brava","CELULAR","10"
"82098040","SANTA FE","San Javier","La Brava","SATELITAL","22"
"82098040","SANTA FE","San Javier","La Brava","WIRELESS","20"
"0","SANTA FE","San Javier","Otros","SATELITAL","160"
"82098050","SANTA FE","San Javier","Romang","CABLEMODEM","801"
"82098050","SANTA FE","San Javier","Romang","CELULAR","1"
"82098050","SANTA FE","San Javier","Romang","Otros","195"
"82098050","SANTA FE","San Javier","Romang","SATELITAL","306"
"82098050","SANTA FE","San Javier","Romang","WIRELESS","370"
"82098060","SANTA FE","San Javier","San Javier","CABLEMODEM","686"
"82098060","SANTA FE","San Javier","San Javier","FIBRA OPTICA","487"
"82098060","SANTA FE","San Javier","San Javier","SATELITAL","1.138"
"82098060","SANTA FE","San Javier","San Javier","WIRELESS","351"
"82105010","SANTA FE","San Jerónimo","Arocena","CABLEMODEM","202"
"82105010","SANTA FE","San Jerónimo","Arocena","Otros","400"
"82105010","SANTA FE","San Jerónimo","Arocena","SATELITAL","67"
"82105020","SANTA FE","San Jerónimo","Balneario Monje","SATELITAL","27"
"82105030","SANTA FE","San Jerónimo","Barrancas","ADSL","1.233"
"82105030","SANTA FE","San Jerónimo","Barrancas","CELULAR","29"
"82105030","SANTA FE","San Jerónimo","Barrancas","SATELITAL","40"
"82105040","SANTA FE","San Jerónimo","Barrio Caima","SATELITAL","61"
"82105040","SANTA FE","San Jerónimo","Barrio Caima","WIRELESS","22"
"82105050","SANTA FE","San Jerónimo","Barrio El Pacaá - Barrio Comipini","SATELITAL","2"
"82105060","SANTA FE","San Jerónimo","Bernardo de Irigoyen (Est. Irigoyen)","FIBRA OPTICA","262"
"82105060","SANTA FE","San Jerónimo","Bernardo de Irigoyen (Est. Irigoyen)","SATELITAL","17"
"82105070","SANTA FE","San Jerónimo","Casalegno","SATELITAL","5"
"82105080","SANTA FE","San Jerónimo","Centeno","ADSL","681"
"82105080","SANTA FE","San Jerónimo","Centeno","FIBRA OPTICA","252"
"82105080","SANTA FE","San Jerónimo","Centeno","Otros","4"
"82105080","SANTA FE","San Jerónimo","Centeno","SATELITAL","88"
"82105090","SANTA FE","San Jerónimo","Coronda","ADSL","228"
"82105090","SANTA FE","San Jerónimo","Coronda","CABLEMODEM","0"
"82105090","SANTA FE","San Jerónimo","Coronda","CELULAR","4"
"82105090","SANTA FE","San Jerónimo","Coronda","FIBRA OPTICA","3.970"
"82105090","SANTA FE","San Jerónimo","Coronda","SATELITAL","81"
"82105090","SANTA FE","San Jerónimo","Coronda","WIRELESS","579"
"82105100","SANTA FE","San Jerónimo","Desvío Arijón","ADSL","78"
"82105100","SANTA FE","San Jerónimo","Desvío Arijón","SATELITAL","40"
"82105100","SANTA FE","San Jerónimo","Desvío Arijón","WIRELESS","102"
"82105110","SANTA FE","San Jerónimo","Díaz","ADSL","185"
"82105110","SANTA FE","San Jerónimo","Díaz","FIBRA OPTICA","314"
"82105110","SANTA FE","San Jerónimo","Díaz","SATELITAL","16"
"82105110","SANTA FE","San Jerónimo","Díaz","WIRELESS","19"
"82105120","SANTA FE","San Jerónimo","Gaboto","CELULAR","1"
"82105120","SANTA FE","San Jerónimo","Gaboto","Otros","201"
"82105120","SANTA FE","San Jerónimo","Gaboto","SATELITAL","33"
"82105120","SANTA FE","San Jerónimo","Gaboto","WIRELESS","240"
"82105130","SANTA FE","San Jerónimo","Gálvez","ADSL","2.626"
"82105130","SANTA FE","San Jerónimo","Gálvez","CELULAR","50"
"82105130","SANTA FE","San Jerónimo","Gálvez","FIBRA OPTICA","4.629"
"82105130","SANTA FE","San Jerónimo","Gálvez","Otros","30"
"82105130","SANTA FE","San Jerónimo","Gálvez","SATELITAL","194"
"82105130","SANTA FE","San Jerónimo","Gálvez","WIRELESS","19"
"82105140","SANTA FE","San Jerónimo","Gessler","ADSL","44"
"82105140","SANTA FE","San Jerónimo","Gessler","CELULAR","7"
"82105140","SANTA FE","San Jerónimo","Gessler","FIBRA OPTICA","135"
"82105140","SANTA FE","San Jerónimo","Gessler","SATELITAL","26"
"82105140","SANTA FE","San Jerónimo","Gessler","WIRELESS","22"
"82105150","SANTA FE","San Jerónimo","Irigoyen","CABLEMODEM","99"
"82105150","SANTA FE","San Jerónimo","Irigoyen","SATELITAL","10"
"82105150","SANTA FE","San Jerónimo","Irigoyen","WIRELESS","246"
"82105160","SANTA FE","San Jerónimo","Larrechea","SATELITAL","6"
"82105160","SANTA FE","San Jerónimo","Larrechea","WIRELESS","21"
"82105170","SANTA FE","San Jerónimo","Loma Alta","ADSL","8"
"82105170","SANTA FE","San Jerónimo","Loma Alta","FIBRA OPTICA","35"
"82105170","SANTA FE","San Jerónimo","Loma Alta","SATELITAL","8"
"82105180","SANTA FE","San Jerónimo","López (Est. San Martín de Tours)","ADSL","3"
"82105180","SANTA FE","San Jerónimo","López (Est. San Martín de Tours)","CABLEMODEM","332"
"82105180","SANTA FE","San Jerónimo","López (Est. San Martín de Tours)","CELULAR","1"
"82105180","SANTA FE","San Jerónimo","López (Est. San Martín de Tours)","SATELITAL","19"
"82105190","SANTA FE","San Jerónimo","Maciel","ADSL","202"
"82105190","SANTA FE","San Jerónimo","Maciel","CABLEMODEM","782"
"82105190","SANTA FE","San Jerónimo","Maciel","CELULAR","36"
"82105190","SANTA FE","San Jerónimo","Maciel","Otros","136"
"82105190","SANTA FE","San Jerónimo","Maciel","SATELITAL","48"
"82105200","SANTA FE","San Jerónimo","Monje","FIBRA OPTICA","791"
"82105200","SANTA FE","San Jerónimo","Monje","SATELITAL","12"
"0","SANTA FE","San Jerónimo","Otros","SATELITAL","18"
"82105210","SANTA FE","San Jerónimo","Puerto Aragón","SATELITAL","10"
"82105220","SANTA FE","San Jerónimo","San Eugenio","CABLEMODEM","24"
"82105220","SANTA FE","San Jerónimo","San Eugenio","SATELITAL","14"
"82105230","SANTA FE","San Jerónimo","San Fabián","ADSL","29"
"82105230","SANTA FE","San Jerónimo","San Fabián","CABLEMODEM","115"
"82105230","SANTA FE","San Jerónimo","San Fabián","CELULAR","3"
"82105230","SANTA FE","San Jerónimo","San Fabián","SATELITAL","18"
"82105230","SANTA FE","San Jerónimo","San Fabián","WIRELESS","67"
"82105240","SANTA FE","San Jerónimo","San Genaro","FIBRA OPTICA","1.492"
"82105240","SANTA FE","San Jerónimo","San Genaro","SATELITAL","37"
"82105240","SANTA FE","San Jerónimo","San Genaro","WIRELESS","71"
"82105250","SANTA FE","San Jerónimo","San Genaro Norte","ADSL","614"
"82105250","SANTA FE","San Jerónimo","San Genaro Norte","FIBRA OPTICA","831"
"82105250","SANTA FE","San Jerónimo","San Genaro Norte","SATELITAL","25"
"82105250","SANTA FE","San Jerónimo","San Genaro Norte","WIRELESS","46"
"82112010","SANTA FE","San Justo","Angeloni","FIBRA OPTICA","49"
"82112010","SANTA FE","San Justo","Angeloni","SATELITAL","10"
"82112020","SANTA FE","San Justo","Cayastacito","FIBRA OPTICA","79"
"82112020","SANTA FE","San Justo","Cayastacito","SATELITAL","38"
"82112030","SANTA FE","San Justo","Colonia Dolores","SATELITAL","6"
"82112030","SANTA FE","San Justo","Colonia Dolores","WIRELESS","22"
"82112040","SANTA FE","San Justo","Esther","SATELITAL","6"
"82112040","SANTA FE","San Justo","Esther","WIRELESS","6"
"82112050","SANTA FE","San Justo","Gobernador Crespo","ADSL","10"
"82112050","SANTA FE","San Justo","Gobernador Crespo","CABLEMODEM","1.110"
"82112050","SANTA FE","San Justo","Gobernador Crespo","CELULAR","36"
"82112050","SANTA FE","San Justo","Gobernador Crespo","SATELITAL","340"
"82112050","SANTA FE","San Justo","Gobernador Crespo","WIRELESS","257"
"82112060","SANTA FE","San Justo","La Criolla (Est. Cañadita)","ADSL","8"
"82112060","SANTA FE","San Justo","La Criolla (Est. Cañadita)","CABLEMODEM","342"
"82112060","SANTA FE","San Justo","La Criolla (Est. Cañadita)","FIBRA OPTICA","266"
"82112060","SANTA FE","San Justo","La Criolla (Est. Cañadita)","SATELITAL","20"
"82112060","SANTA FE","San Justo","La Criolla (Est. Cañadita)","WIRELESS","31"
"82112070","SANTA FE","San Justo","La Penca y Caraguatá","SATELITAL","26"
"82112070","SANTA FE","San Justo","La Penca y Caraguatá","WIRELESS","26"
"82112080","SANTA FE","San Justo","Marcelino Escalada","ADSL","24"
"82112080","SANTA FE","San Justo","Marcelino Escalada","CABLEMODEM","57"
"82112080","SANTA FE","San Justo","Marcelino Escalada","CELULAR","85"
"82112080","SANTA FE","San Justo","Marcelino Escalada","FIBRA OPTICA","117"
"82112080","SANTA FE","San Justo","Marcelino Escalada","SATELITAL","50"
"82112080","SANTA FE","San Justo","Marcelino Escalada","WIRELESS","76"
"82112090","SANTA FE","San Justo","Naré","FIBRA OPTICA","25"
"82112090","SANTA FE","San Justo","Naré","SATELITAL","14"
"0","SANTA FE","San Justo","Otros","SATELITAL","178"
"82112100","SANTA FE","San Justo","Pedro Gómez Cello","CELULAR","1"
"82112100","SANTA FE","San Justo","Pedro Gómez Cello","Otros","0"
"82112100","SANTA FE","San Justo","Pedro Gómez Cello","SATELITAL","19"
"82112100","SANTA FE","San Justo","Pedro Gómez Cello","WIRELESS","73"
"82112110","SANTA FE","San Justo","Ramayón","FIBRA OPTICA","157"
"82112110","SANTA FE","San Justo","Ramayón","SATELITAL","37"
"82112120","SANTA FE","San Justo","San Bernardo","SATELITAL","8"
"82112120","SANTA FE","San Justo","San Bernardo","WIRELESS","4"
"82112130","SANTA FE","San Justo","San Justo","ADSL","527"
"82112130","SANTA FE","San Justo","San Justo","DIAL UP","34"
"82112130","SANTA FE","San Justo","San Justo","FIBRA OPTICA","8.519"
"82112130","SANTA FE","San Justo","San Justo","SATELITAL","275"
"82112130","SANTA FE","San Justo","San Justo","WIRELESS","139"
"82112140","SANTA FE","San Justo","San Martín Norte","SATELITAL","21"
"82112140","SANTA FE","San Justo","San Martín Norte","WIRELESS","35"
"82112150","SANTA FE","San Justo","Silva (Est. Abipones)","SATELITAL","18"
"82112150","SANTA FE","San Justo","Silva (Est. Abipones)","WIRELESS","25"
"82112160","SANTA FE","San Justo","Vera y Pintado (Est. Guaraníes)","ADSL","4"
"82112160","SANTA FE","San Justo","Vera y Pintado (Est. Guaraníes)","CABLEMODEM","47"
"82112160","SANTA FE","San Justo","Vera y Pintado (Est. Guaraníes)","FIBRA OPTICA","268"
"82112160","SANTA FE","San Justo","Vera y Pintado (Est. Guaraníes)","SATELITAL","14"
"82112160","SANTA FE","San Justo","Vera y Pintado (Est. Guaraníes)","WIRELESS","127"
"82112170","SANTA FE","San Justo","Videla","ADSL","63"
"82112170","SANTA FE","San Justo","Videla","CELULAR","28"
"82112170","SANTA FE","San Justo","Videla","FIBRA OPTICA","468"
"82112170","SANTA FE","San Justo","Videla","SATELITAL","58"
"82112170","SANTA FE","San Justo","Videla","WIRELESS","4"
"82119010","SANTA FE","San Lorenzo","Aldao","CABLEMODEM","531"
"82119010","SANTA FE","San Lorenzo","Aldao","SATELITAL","56"
"82119020","SANTA FE","San Lorenzo","Capitán Bermúdez","ADSL","1.397"
"82119020","SANTA FE","San Lorenzo","Capitán Bermúdez","CABLEMODEM","2.343"
"82119020","SANTA FE","San Lorenzo","Capitán Bermúdez","CELULAR","8"
"82119020","SANTA FE","San Lorenzo","Capitán Bermúdez","FIBRA OPTICA","3.977"
"82119020","SANTA FE","San Lorenzo","Capitán Bermúdez","SATELITAL","98"
"82119030","SANTA FE","San Lorenzo","Carcarañá","ADSL","93"
"82119030","SANTA FE","San Lorenzo","Carcarañá","CABLEMODEM","1"
"82119030","SANTA FE","San Lorenzo","Carcarañá","CELULAR","8"
"82119030","SANTA FE","San Lorenzo","Carcarañá","SATELITAL","155"
"82119030","SANTA FE","San Lorenzo","Carcarañá","WIRELESS","23"
"82119040","SANTA FE","San Lorenzo","Coronel Arnold","FIBRA OPTICA","1"
"82119040","SANTA FE","San Lorenzo","Coronel Arnold","Otros","203"
"82119040","SANTA FE","San Lorenzo","Coronel Arnold","SATELITAL","21"
"82119050","SANTA FE","San Lorenzo","Fray Luis Beltrán","ADSL","559"
"82119050","SANTA FE","San Lorenzo","Fray Luis Beltrán","CABLEMODEM","579"
"82119050","SANTA FE","San Lorenzo","Fray Luis Beltrán","FIBRA OPTICA","1.699"
"82119050","SANTA FE","San Lorenzo","Fray Luis Beltrán","SATELITAL","63"
"82119060","SANTA FE","San Lorenzo","Fuentes","FIBRA OPTICA","982"
"82119060","SANTA FE","San Lorenzo","Fuentes","SATELITAL","15"
"82119060","SANTA FE","San Lorenzo","Fuentes","WIRELESS","21"
"82119070","SANTA FE","San Lorenzo","Luis Palacios (Est. La Salada)","CABLEMODEM","558"
"82119070","SANTA FE","San Lorenzo","Luis Palacios (Est. La Salada)","CELULAR","2"
"82119070","SANTA FE","San Lorenzo","Luis Palacios (Est. La Salada)","FIBRA OPTICA","41"
"82119070","SANTA FE","San Lorenzo","Luis Palacios (Est. La Salada)","SATELITAL","53"
"82119070","SANTA FE","San Lorenzo","Luis Palacios (Est. La Salada)","WIRELESS","41"
"0","SANTA FE","San Lorenzo","Otros","SATELITAL","27"
"82119080","SANTA FE","San Lorenzo","Puerto General San Martín","CELULAR","2"
"82119080","SANTA FE","San Lorenzo","Puerto General San Martín","FIBRA OPTICA","3.338"
"82119080","SANTA FE","San Lorenzo","Puerto General San Martín","Otros","215"
"82119080","SANTA FE","San Lorenzo","Puerto General San Martín","SATELITAL","137"
"82119080","SANTA FE","San Lorenzo","Puerto General San Martín","WIRELESS","18"
"82119090","SANTA FE","San Lorenzo","Pujato","ADSL","380"
"82119090","SANTA FE","San Lorenzo","Pujato","FIBRA OPTICA","619"
"82119090","SANTA FE","San Lorenzo","Pujato","SATELITAL","52"
"82119090","SANTA FE","San Lorenzo","Pujato","WIRELESS","103"
"82119100","SANTA FE","San Lorenzo","Ricardone","ADSL","69"
"82119100","SANTA FE","San Lorenzo","Ricardone","CABLEMODEM","1.116"
"82119100","SANTA FE","San Lorenzo","Ricardone","CELULAR","247"
"82119100","SANTA FE","San Lorenzo","Ricardone","SATELITAL","201"
"82119110","SANTA FE","San Lorenzo","Roldán","ADSL","52"
"82119110","SANTA FE","San Lorenzo","Roldán","CABLEMODEM","1.669"
"82119110","SANTA FE","San Lorenzo","Roldán","CELULAR","3"
"82119110","SANTA FE","San Lorenzo","Roldán","FIBRA OPTICA","7.119"
"82119110","SANTA FE","San Lorenzo","Roldán","SATELITAL","677"
"82119110","SANTA FE","San Lorenzo","Roldán","WIRELESS","377"
"82119120","SANTA FE","San Lorenzo","San Jerónimo Sud","ADSL","39"
"82119120","SANTA FE","San Lorenzo","San Jerónimo Sud","CABLEMODEM","1.134"
"82119120","SANTA FE","San Lorenzo","San Jerónimo Sud","CELULAR","6"
"82119120","SANTA FE","San Lorenzo","San Jerónimo Sud","SATELITAL","45"
"82119120","SANTA FE","San Lorenzo","San Jerónimo Sud","WIRELESS","25"
"82119130","SANTA FE","San Lorenzo","San Lorenzo","ADSL","149"
"82119130","SANTA FE","San Lorenzo","San Lorenzo","CABLEMODEM","5.740"
"82119130","SANTA FE","San Lorenzo","San Lorenzo","CELULAR","43"
"82119130","SANTA FE","San Lorenzo","San Lorenzo","FIBRA OPTICA","1.260"
"82119130","SANTA FE","San Lorenzo","San Lorenzo","SATELITAL","189"
"82119130","SANTA FE","San Lorenzo","San Lorenzo","WIRELESS","49"
"82119140","SANTA FE","San Lorenzo","Timbúes","ADSL","21"
"82119140","SANTA FE","San Lorenzo","Timbúes","CELULAR","24"
"82119140","SANTA FE","San Lorenzo","Timbúes","FIBRA OPTICA","1.147"
"82119140","SANTA FE","San Lorenzo","Timbúes","Otros","134"
"82119140","SANTA FE","San Lorenzo","Timbúes","SATELITAL","81"
"82119140","SANTA FE","San Lorenzo","Timbúes","WIRELESS","10"
"82119150","SANTA FE","San Lorenzo","Villa Elvira","SATELITAL","57"
"82119150","SANTA FE","San Lorenzo","Villa Elvira","WIRELESS","30"
"82119160","SANTA FE","San Lorenzo","Villa Mugueta","CABLEMODEM","1"
"82119160","SANTA FE","San Lorenzo","Villa Mugueta","CELULAR","2"
"82119160","SANTA FE","San Lorenzo","Villa Mugueta","SATELITAL","16"
"82119160","SANTA FE","San Lorenzo","Villa Mugueta","WIRELESS","29"
"82126010","SANTA FE","San Martín","Cañada Rosquín","CABLEMODEM","725"
"82126010","SANTA FE","San Martín","Cañada Rosquín","CELULAR","1"
"82126010","SANTA FE","San Martín","Cañada Rosquín","FIBRA OPTICA","825"
"82126010","SANTA FE","San Martín","Cañada Rosquín","SATELITAL","40"
"82126010","SANTA FE","San Martín","Cañada Rosquín","WIRELESS","59"
"82126020","SANTA FE","San Martín","Carlos Pellegrini","ADSL","154"
"82126020","SANTA FE","San Martín","Carlos Pellegrini","CABLEMODEM","3"
"82126020","SANTA FE","San Martín","Carlos Pellegrini","CELULAR","5"
"82126020","SANTA FE","San Martín","Carlos Pellegrini","FIBRA OPTICA","1.370"
"82126020","SANTA FE","San Martín","Carlos Pellegrini","SATELITAL","143"
"82126020","SANTA FE","San Martín","Carlos Pellegrini","WIRELESS","40"
"82126030","SANTA FE","San Martín","Casas","FIBRA OPTICA","85"
"82126030","SANTA FE","San Martín","Casas","SATELITAL","8"
"82126030","SANTA FE","San Martín","Casas","WIRELESS","18"
"82126040","SANTA FE","San Martín","Castelar","FIBRA OPTICA","54"
"82126040","SANTA FE","San Martín","Castelar","SATELITAL","6"
"82126050","SANTA FE","San Martín","Colonia Belgrano","CABLEMODEM","86"
"82126050","SANTA FE","San Martín","Colonia Belgrano","FIBRA OPTICA","502"
"82126050","SANTA FE","San Martín","Colonia Belgrano","Otros","250"
"82126050","SANTA FE","San Martín","Colonia Belgrano","SATELITAL","33"
"82126050","SANTA FE","San Martín","Colonia Belgrano","WIRELESS","16"
"82126060","SANTA FE","San Martín","Crispi","SATELITAL","14"
"82126070","SANTA FE","San Martín","El Trébol","ADSL","242"
"82126070","SANTA FE","San Martín","El Trébol","CELULAR","16"
"82126070","SANTA FE","San Martín","El Trébol","FIBRA OPTICA","4.077"
"82126070","SANTA FE","San Martín","El Trébol","SATELITAL","128"
"82126070","SANTA FE","San Martín","El Trébol","WIRELESS","24"
"82126080","SANTA FE","San Martín","Landeta","ADSL","170"
"82126080","SANTA FE","San Martín","Landeta","CABLEMODEM","208"
"82126080","SANTA FE","San Martín","Landeta","SATELITAL","62"
"82126090","SANTA FE","San Martín","Las Bandurrias","FIBRA OPTICA","45"
"82126090","SANTA FE","San Martín","Las Bandurrias","SATELITAL","15"
"82126090","SANTA FE","San Martín","Las Bandurrias","WIRELESS","12"
"82126100","SANTA FE","San Martín","Las Petacas","Otros","0"
"82126100","SANTA FE","San Martín","Las Petacas","SATELITAL","22"
"82126110","SANTA FE","San Martín","Los Cardos","ADSL","27"
"82126110","SANTA FE","San Martín","Los Cardos","CELULAR","3"
"82126110","SANTA FE","San Martín","Los Cardos","FIBRA OPTICA","500"
"82126110","SANTA FE","San Martín","Los Cardos","SATELITAL","31"
"82126120","SANTA FE","San Martín","María Susana","ADSL","19"
"82126120","SANTA FE","San Martín","María Susana","FIBRA OPTICA","1.196"
"82126120","SANTA FE","San Martín","María Susana","Otros","2"
"82126120","SANTA FE","San Martín","María Susana","SATELITAL","49"
"82126120","SANTA FE","San Martín","María Susana","WIRELESS","40"
"0","SANTA FE","San Martín","Otros","SATELITAL","14"
"82126130","SANTA FE","San Martín","Piamonte","CABLEMODEM","19"
"82126130","SANTA FE","San Martín","Piamonte","FIBRA OPTICA","1.202"
"82126130","SANTA FE","San Martín","Piamonte","SATELITAL","34"
"82126140","SANTA FE","San Martín","San Jorge","ADSL","649"
"82126140","SANTA FE","San Martín","San Jorge","CABLEMODEM","980"
"82126140","SANTA FE","San Martín","San Jorge","CELULAR","10"
"82126140","SANTA FE","San Martín","San Jorge","FIBRA OPTICA","2.355"
"82126140","SANTA FE","San Martín","San Jorge","SATELITAL","164"
"82126140","SANTA FE","San Martín","San Jorge","WIRELESS","183"
"82126150","SANTA FE","San Martín","San Martín de las Escobas","ADSL","148"
"82126150","SANTA FE","San Martín","San Martín de las Escobas","CABLEMODEM","832"
"82126150","SANTA FE","San Martín","San Martín de las Escobas","FIBRA OPTICA","156"
"82126150","SANTA FE","San Martín","San Martín de las Escobas","SATELITAL","31"
"82126150","SANTA FE","San Martín","San Martín de las Escobas","WIRELESS","99"
"82126160","SANTA FE","San Martín","Sastre","ADSL","97"
"82126160","SANTA FE","San Martín","Sastre","CELULAR","3"
"82126160","SANTA FE","San Martín","Sastre","FIBRA OPTICA","1.411"
"82126160","SANTA FE","San Martín","Sastre","SATELITAL","35"
"82126160","SANTA FE","San Martín","Sastre","WIRELESS","145"
"82126170","SANTA FE","San Martín","Traill","SATELITAL","9"
"82126180","SANTA FE","San Martín","Wildermuth (Est. Granadero B. Bustos)","SATELITAL","2"
"82133010","SANTA FE","Vera","Calchaquí","ADSL","58"
"82133010","SANTA FE","Vera","Calchaquí","CELULAR","13"
"82133010","SANTA FE","Vera","Calchaquí","FIBRA OPTICA","509"
"82133010","SANTA FE","Vera","Calchaquí","Otros","1.050"
"82133010","SANTA FE","Vera","Calchaquí","SATELITAL","215"
"82133010","SANTA FE","Vera","Calchaquí","WIRELESS","230"
"82133020","SANTA FE","Vera","Cañada Ombú","SATELITAL","8"
"82133020","SANTA FE","Vera","Cañada Ombú","WIRELESS","34"
"82133030","SANTA FE","Vera","Colmena","SATELITAL","5"
"82133040","SANTA FE","Vera","Fortín Olmos","SATELITAL","53"
"82133040","SANTA FE","Vera","Fortín Olmos","WIRELESS","337"
"82133050","SANTA FE","Vera","Garabato","SATELITAL","11"
"82133050","SANTA FE","Vera","Garabato","WIRELESS","104"
"82133060","SANTA FE","Vera","Golondrina","SATELITAL","5"
"82133060","SANTA FE","Vera","Golondrina","WIRELESS","70"
"82133070","SANTA FE","Vera","Intiyaco","SATELITAL","30"
"82133070","SANTA FE","Vera","Intiyaco","WIRELESS","97"
"82133080","SANTA FE","Vera","Kilómetro 115","SATELITAL","1"
"82133090","SANTA FE","Vera","La Gallareta","SATELITAL","19"
"82133090","SANTA FE","Vera","La Gallareta","WIRELESS","373"
"82133100","SANTA FE","Vera","Los Amores","SATELITAL","12"
"82133100","SANTA FE","Vera","Los Amores","WIRELESS","122"
"82133110","SANTA FE","Vera","Margarita","CABLEMODEM","740"
"82133110","SANTA FE","Vera","Margarita","SATELITAL","68"
"82133110","SANTA FE","Vera","Margarita","WIRELESS","106"
"0","SANTA FE","Vera","Otros","SATELITAL","215"
"82133120","SANTA FE","Vera","Paraje 29","SATELITAL","2"
"82133120","SANTA FE","Vera","Paraje 29","WIRELESS","34"
"82133130","SANTA FE","Vera","Pozo de los Indios","SATELITAL","11"
"82133130","SANTA FE","Vera","Pozo de los Indios","WIRELESS","23"
"82133140","SANTA FE","Vera","Pueblo Santa Lucía","SATELITAL","4"
"82133140","SANTA FE","Vera","Pueblo Santa Lucía","WIRELESS","30"
"82133150","SANTA FE","Vera","Tartagal (Est. El Tajamar)","SATELITAL","22"
"82133150","SANTA FE","Vera","Tartagal (Est. El Tajamar)","WIRELESS","210"
"82133160","SANTA FE","Vera","Toba","SATELITAL","8"
"82133160","SANTA FE","Vera","Toba","WIRELESS","52"
"82133170","SANTA FE","Vera","Vera (Est. Gobernador Vera)","ADSL","27"
"82133170","SANTA FE","Vera","Vera (Est. Gobernador Vera)","CELULAR","8"
"82133170","SANTA FE","Vera","Vera (Est. Gobernador Vera)","FIBRA OPTICA","1.745"
"82133170","SANTA FE","Vera","Vera (Est. Gobernador Vera)","Otros","2.000"
"82133170","SANTA FE","Vera","Vera (Est. Gobernador Vera)","SATELITAL","89"
"82133170","SANTA FE","Vera","Vera (Est. Gobernador Vera)","WIRELESS","801"
"86007010","SANTIAGO DEL ESTERO","Aguirre","Argentina","FIBRA OPTICA","2"
"86007010","SANTIAGO DEL ESTERO","Aguirre","Argentina","SATELITAL","564"
"86007020","SANTIAGO DEL ESTERO","Aguirre","Casares","ADSL","1"
"86007020","SANTIAGO DEL ESTERO","Aguirre","Casares","FIBRA OPTICA","1"
"86007020","SANTIAGO DEL ESTERO","Aguirre","Casares","SATELITAL","15"
"86007030","SANTIAGO DEL ESTERO","Aguirre","Malbrán","ADSL","3"
"86007030","SANTIAGO DEL ESTERO","Aguirre","Malbrán","CELULAR","1"
"86007030","SANTIAGO DEL ESTERO","Aguirre","Malbrán","FIBRA OPTICA","1"
"86007030","SANTIAGO DEL ESTERO","Aguirre","Malbrán","Otros","84"
"86007030","SANTIAGO DEL ESTERO","Aguirre","Malbrán","SATELITAL","3"
"86007030","SANTIAGO DEL ESTERO","Aguirre","Malbrán","WIRELESS","2"
"0","SANTIAGO DEL ESTERO","Aguirre","Otros","SATELITAL","83"
"86007040","SANTIAGO DEL ESTERO","Aguirre","Villa General Mitre (Est. Pinto)","FIBRA OPTICA","3"
"86007040","SANTIAGO DEL ESTERO","Aguirre","Villa General Mitre (Est. Pinto)","Otros","374"
"86007040","SANTIAGO DEL ESTERO","Aguirre","Villa General Mitre (Est. Pinto)","SATELITAL","189"
"86007040","SANTIAGO DEL ESTERO","Aguirre","Villa General Mitre (Est. Pinto)","WIRELESS","2"
"86014010","SANTIAGO DEL ESTERO","Alberdi","Campo Gallo","ADSL","2"
"86014010","SANTIAGO DEL ESTERO","Alberdi","Campo Gallo","FIBRA OPTICA","5"
"86014010","SANTIAGO DEL ESTERO","Alberdi","Campo Gallo","SATELITAL","127"
"86014010","SANTIAGO DEL ESTERO","Alberdi","Campo Gallo","WIRELESS","63"
"86014020","SANTIAGO DEL ESTERO","Alberdi","Coronel Manuel L. Rico","SATELITAL","7"
"86014030","SANTIAGO DEL ESTERO","Alberdi","Donadeu","ADSL","2"
"86014030","SANTIAGO DEL ESTERO","Alberdi","Donadeu","FIBRA OPTICA","1"
"86014030","SANTIAGO DEL ESTERO","Alberdi","Donadeu","SATELITAL","14"
"0","SANTIAGO DEL ESTERO","Alberdi","Otros","SATELITAL","326"
"86014040","SANTIAGO DEL ESTERO","Alberdi","Sachayoj","FIBRA OPTICA","207"
"86014040","SANTIAGO DEL ESTERO","Alberdi","Sachayoj","SATELITAL","136"
"86014050","SANTIAGO DEL ESTERO","Alberdi","Santos Lugares","Otros","57"
"86014050","SANTIAGO DEL ESTERO","Alberdi","Santos Lugares","SATELITAL","102"
"86014050","SANTIAGO DEL ESTERO","Alberdi","Santos Lugares","WIRELESS","5"
"86021010","SANTIAGO DEL ESTERO","Atamisqui","Estación Atamisqui","ADSL","2"
"86021010","SANTIAGO DEL ESTERO","Atamisqui","Estación Atamisqui","FIBRA OPTICA","2"
"86021010","SANTIAGO DEL ESTERO","Atamisqui","Estación Atamisqui","SATELITAL","20"
"86021010","SANTIAGO DEL ESTERO","Atamisqui","Estación Atamisqui","WIRELESS","1"
"86021020","SANTIAGO DEL ESTERO","Atamisqui","Medellín","FIBRA OPTICA","2"
"86021020","SANTIAGO DEL ESTERO","Atamisqui","Medellín","SATELITAL","60"
"86021020","SANTIAGO DEL ESTERO","Atamisqui","Medellín","WIRELESS","33"
"0","SANTIAGO DEL ESTERO","Atamisqui","Otros","SATELITAL","46"
"86021030","SANTIAGO DEL ESTERO","Atamisqui","Villa Atamisqui","ADSL","1"
"86021030","SANTIAGO DEL ESTERO","Atamisqui","Villa Atamisqui","FIBRA OPTICA","4"
"86021030","SANTIAGO DEL ESTERO","Atamisqui","Villa Atamisqui","SATELITAL","100"
"86021030","SANTIAGO DEL ESTERO","Atamisqui","Villa Atamisqui","WIRELESS","46"
"86028010","SANTIAGO DEL ESTERO","Avellaneda","Colonia Dora","ADSL","1"
"86028010","SANTIAGO DEL ESTERO","Avellaneda","Colonia Dora","CELULAR","1"
"86028010","SANTIAGO DEL ESTERO","Avellaneda","Colonia Dora","FIBRA OPTICA","1"
"86028010","SANTIAGO DEL ESTERO","Avellaneda","Colonia Dora","Otros","269"
"86028010","SANTIAGO DEL ESTERO","Avellaneda","Colonia Dora","SATELITAL","72"
"86028010","SANTIAGO DEL ESTERO","Avellaneda","Colonia Dora","WIRELESS","5"
"86028020","SANTIAGO DEL ESTERO","Avellaneda","Herrera","FIBRA OPTICA","5"
"86028020","SANTIAGO DEL ESTERO","Avellaneda","Herrera","Otros","251"
"86028020","SANTIAGO DEL ESTERO","Avellaneda","Herrera","SATELITAL","69"
"86028030","SANTIAGO DEL ESTERO","Avellaneda","Icaño","ADSL","1"
"86028030","SANTIAGO DEL ESTERO","Avellaneda","Icaño","FIBRA OPTICA","4"
"86028030","SANTIAGO DEL ESTERO","Avellaneda","Icaño","Otros","158"
"86028030","SANTIAGO DEL ESTERO","Avellaneda","Icaño","SATELITAL","82"
"86028030","SANTIAGO DEL ESTERO","Avellaneda","Icaño","WIRELESS","79"
"86028040","SANTIAGO DEL ESTERO","Avellaneda","Lugones","FIBRA OPTICA","4"
"86028040","SANTIAGO DEL ESTERO","Avellaneda","Lugones","Otros","97"
"86028040","SANTIAGO DEL ESTERO","Avellaneda","Lugones","SATELITAL","19"
"86028040","SANTIAGO DEL ESTERO","Avellaneda","Lugones","WIRELESS","46"
"0","SANTIAGO DEL ESTERO","Avellaneda","Otros","SATELITAL","57"
"86028050","SANTIAGO DEL ESTERO","Avellaneda","Real Sayana","FIBRA OPTICA","3"
"86028050","SANTIAGO DEL ESTERO","Avellaneda","Real Sayana","Otros","112"
"86028050","SANTIAGO DEL ESTERO","Avellaneda","Real Sayana","SATELITAL","25"
"86028050","SANTIAGO DEL ESTERO","Avellaneda","Real Sayana","WIRELESS","102"
"86028060","SANTIAGO DEL ESTERO","Avellaneda","Villa Mailín","Otros","1"
"86028060","SANTIAGO DEL ESTERO","Avellaneda","Villa Mailín","SATELITAL","17"
"86028060","SANTIAGO DEL ESTERO","Avellaneda","Villa Mailín","WIRELESS","36"
"86035010","SANTIAGO DEL ESTERO","Banda","Abra Grande","ADSL","1"
"86035010","SANTIAGO DEL ESTERO","Banda","Abra Grande","FIBRA OPTICA","1"
"86035010","SANTIAGO DEL ESTERO","Banda","Abra Grande","SATELITAL","23"
"86035020","SANTIAGO DEL ESTERO","Banda","Antajé","FIBRA OPTICA","1"
"86035020","SANTIAGO DEL ESTERO","Banda","Antajé","SATELITAL","21"
"86035030","SANTIAGO DEL ESTERO","Banda","Ardiles","FIBRA OPTICA","1"
"86035030","SANTIAGO DEL ESTERO","Banda","Ardiles","SATELITAL","17"
"86035040","SANTIAGO DEL ESTERO","Banda","Cañada Escobar","FIBRA OPTICA","2"
"86035040","SANTIAGO DEL ESTERO","Banda","Cañada Escobar","SATELITAL","10"
"86035040","SANTIAGO DEL ESTERO","Banda","Cañada Escobar","WIRELESS","7"
"86035050","SANTIAGO DEL ESTERO","Banda","Chaupi Pozo","FIBRA OPTICA","5"
"86035050","SANTIAGO DEL ESTERO","Banda","Chaupi Pozo","SATELITAL","20"
"86035060","SANTIAGO DEL ESTERO","Banda","Clodomira","FIBRA OPTICA","6"
"86035060","SANTIAGO DEL ESTERO","Banda","Clodomira","Otros","5"
"86035060","SANTIAGO DEL ESTERO","Banda","Clodomira","SATELITAL","94"
"86035060","SANTIAGO DEL ESTERO","Banda","Clodomira","WIRELESS","417"
"86035070","SANTIAGO DEL ESTERO","Banda","Huyamampa","FIBRA OPTICA","2"
"86035070","SANTIAGO DEL ESTERO","Banda","Huyamampa","SATELITAL","7"
"86035080","SANTIAGO DEL ESTERO","Banda","La Aurora","FIBRA OPTICA","3"
"86035080","SANTIAGO DEL ESTERO","Banda","La Aurora","SATELITAL","46"
"86035090","SANTIAGO DEL ESTERO","Banda","La Banda","ADSL","39"
"86035090","SANTIAGO DEL ESTERO","Banda","La Banda","CABLEMODEM","9.000"
"86035090","SANTIAGO DEL ESTERO","Banda","La Banda","CELULAR","29"
"86035090","SANTIAGO DEL ESTERO","Banda","La Banda","FIBRA OPTICA","2.496"
"86035090","SANTIAGO DEL ESTERO","Banda","La Banda","SATELITAL","308"
"86035090","SANTIAGO DEL ESTERO","Banda","La Banda","WIRELESS","370"
"86035100","SANTIAGO DEL ESTERO","Banda","La Dársena","SATELITAL","731"
"86035100","SANTIAGO DEL ESTERO","Banda","La Dársena","WIRELESS","2"
"86035110","SANTIAGO DEL ESTERO","Banda","Los Quiroga","FIBRA OPTICA","2"
"86035110","SANTIAGO DEL ESTERO","Banda","Los Quiroga","SATELITAL","19"
"86035110","SANTIAGO DEL ESTERO","Banda","Los Quiroga","WIRELESS","45"
"86035120","SANTIAGO DEL ESTERO","Banda","Los Soria","ADSL","1"
"86035120","SANTIAGO DEL ESTERO","Banda","Los Soria","FIBRA OPTICA","2"
"86035120","SANTIAGO DEL ESTERO","Banda","Los Soria","SATELITAL","7"
"0","SANTIAGO DEL ESTERO","Banda","Otros","SATELITAL","37"
"86035130","SANTIAGO DEL ESTERO","Banda","Simbolar","FIBRA OPTICA","7"
"86035130","SANTIAGO DEL ESTERO","Banda","Simbolar","SATELITAL","22"
"86035140","SANTIAGO DEL ESTERO","Banda","Tramo 16","FIBRA OPTICA","3"
"86035140","SANTIAGO DEL ESTERO","Banda","Tramo 16","SATELITAL","29"
"86035140","SANTIAGO DEL ESTERO","Banda","Tramo 16","WIRELESS","1"
"86035150","SANTIAGO DEL ESTERO","Banda","Tramo 20","ADSL","1"
"86035150","SANTIAGO DEL ESTERO","Banda","Tramo 20","FIBRA OPTICA","3"
"86035150","SANTIAGO DEL ESTERO","Banda","Tramo 20","SATELITAL","8"
"86035150","SANTIAGO DEL ESTERO","Banda","Tramo 20","WIRELESS","5"
"86042010","SANTIAGO DEL ESTERO","Belgrano","Bandera","CABLEMODEM","281"
"86042010","SANTIAGO DEL ESTERO","Belgrano","Bandera","FIBRA OPTICA","8"
"86042010","SANTIAGO DEL ESTERO","Belgrano","Bandera","SATELITAL","519"
"86042010","SANTIAGO DEL ESTERO","Belgrano","Bandera","WIRELESS","1"
"86042020","SANTIAGO DEL ESTERO","Belgrano","Cuatro Bocas","SATELITAL","2"
"86042020","SANTIAGO DEL ESTERO","Belgrano","Cuatro Bocas","WIRELESS","86"
"86042030","SANTIAGO DEL ESTERO","Belgrano","Fortín Inca","FIBRA OPTICA","2"
"86042030","SANTIAGO DEL ESTERO","Belgrano","Fortín Inca","Otros","38"
"86042030","SANTIAGO DEL ESTERO","Belgrano","Fortín Inca","SATELITAL","8"
"86042030","SANTIAGO DEL ESTERO","Belgrano","Fortín Inca","WIRELESS","143"
"86042040","SANTIAGO DEL ESTERO","Belgrano","Guardia Escolta","ADSL","4"
"86042040","SANTIAGO DEL ESTERO","Belgrano","Guardia Escolta","FIBRA OPTICA","3"
"86042040","SANTIAGO DEL ESTERO","Belgrano","Guardia Escolta","Otros","4"
"86042040","SANTIAGO DEL ESTERO","Belgrano","Guardia Escolta","SATELITAL","24"
"0","SANTIAGO DEL ESTERO","Belgrano","Otros","SATELITAL","101"
"86049010","SANTIAGO DEL ESTERO","Capital","El Deán","FIBRA OPTICA","1"
"86049010","SANTIAGO DEL ESTERO","Capital","El Deán","SATELITAL","265"
"86049010","SANTIAGO DEL ESTERO","Capital","El Deán","WIRELESS","1"
"86049020","SANTIAGO DEL ESTERO","Capital","El Mojón","SATELITAL","6"
"86049020","SANTIAGO DEL ESTERO","Capital","El Mojón","WIRELESS","3"
"86049030","SANTIAGO DEL ESTERO","Capital","El Zanjón","FIBRA OPTICA","1"
"86049030","SANTIAGO DEL ESTERO","Capital","El Zanjón","SATELITAL","198"
"86049030","SANTIAGO DEL ESTERO","Capital","El Zanjón","WIRELESS","97"
"86049040","SANTIAGO DEL ESTERO","Capital","Los Cardozos","FIBRA OPTICA","3"
"86049040","SANTIAGO DEL ESTERO","Capital","Los Cardozos","SATELITAL","54"
"86049040","SANTIAGO DEL ESTERO","Capital","Los Cardozos","WIRELESS","3"
"86049050","SANTIAGO DEL ESTERO","Capital","Maco","SATELITAL","334"
"86049050","SANTIAGO DEL ESTERO","Capital","Maco","WIRELESS","79"
"86049060","SANTIAGO DEL ESTERO","Capital","Maquito","FIBRA OPTICA","1"
"86049060","SANTIAGO DEL ESTERO","Capital","Maquito","SATELITAL","329"
"86049060","SANTIAGO DEL ESTERO","Capital","Maquito","WIRELESS","43"
"86049070","SANTIAGO DEL ESTERO","Capital","Morales","FIBRA OPTICA","2"
"86049070","SANTIAGO DEL ESTERO","Capital","Morales","SATELITAL","14"
"86049070","SANTIAGO DEL ESTERO","Capital","Morales","WIRELESS","3"
"0","SANTIAGO DEL ESTERO","Capital","Otros","SATELITAL","70"
"86049080","SANTIAGO DEL ESTERO","Capital","Puesto de San Antonio","SATELITAL","18"
"86049090","SANTIAGO DEL ESTERO","Capital","San Pedro","Otros","250"
"86049090","SANTIAGO DEL ESTERO","Capital","San Pedro","WIRELESS","4"
"86049100","SANTIAGO DEL ESTERO","Capital","Santa María","ADSL","1"
"86049100","SANTIAGO DEL ESTERO","Capital","Santa María","FIBRA OPTICA","2"
"86049100","SANTIAGO DEL ESTERO","Capital","Santa María","SATELITAL","69"
"86049100","SANTIAGO DEL ESTERO","Capital","Santa María","WIRELESS","4"
"86049110","SANTIAGO DEL ESTERO","Capital","Santiago del Estero","ADSL","428"
"86049110","SANTIAGO DEL ESTERO","Capital","Santiago del Estero","CABLEMODEM","77.359"
"86049110","SANTIAGO DEL ESTERO","Capital","Santiago del Estero","CELULAR","26"
"86049110","SANTIAGO DEL ESTERO","Capital","Santiago del Estero","DIAL UP","2"
"86049110","SANTIAGO DEL ESTERO","Capital","Santiago del Estero","FIBRA OPTICA","60.061"
"86049110","SANTIAGO DEL ESTERO","Capital","Santiago del Estero","SATELITAL","1.240"
"86049110","SANTIAGO DEL ESTERO","Capital","Santiago del Estero","WIRELESS","1.715"
"86049120","SANTIAGO DEL ESTERO","Capital","Vuelta de la Barranca","SATELITAL","144"
"86049120","SANTIAGO DEL ESTERO","Capital","Vuelta de la Barranca","WIRELESS","4"
"86049130","SANTIAGO DEL ESTERO","Capital","Yanda","WIRELESS","37"
"86063010","SANTIAGO DEL ESTERO","Choya","Ancaján","SATELITAL","1"
"86063020","SANTIAGO DEL ESTERO","Choya","Choya","ADSL","50"
"86063020","SANTIAGO DEL ESTERO","Choya","Choya","CELULAR","2"
"86063020","SANTIAGO DEL ESTERO","Choya","Choya","FIBRA OPTICA","4"
"86063020","SANTIAGO DEL ESTERO","Choya","Choya","SATELITAL","91"
"86063030","SANTIAGO DEL ESTERO","Choya","Estación La Punta","ADSL","82"
"86063030","SANTIAGO DEL ESTERO","Choya","Estación La Punta","FIBRA OPTICA","2"
"86063030","SANTIAGO DEL ESTERO","Choya","Estación La Punta","SATELITAL","2"
"86063040","SANTIAGO DEL ESTERO","Choya","Frías","ADSL","198"
"86063040","SANTIAGO DEL ESTERO","Choya","Frías","CELULAR","17"
"86063040","SANTIAGO DEL ESTERO","Choya","Frías","FIBRA OPTICA","3.844"
"86063040","SANTIAGO DEL ESTERO","Choya","Frías","Otros","0"
"86063040","SANTIAGO DEL ESTERO","Choya","Frías","SATELITAL","448"
"86063040","SANTIAGO DEL ESTERO","Choya","Frías","WIRELESS","782"
"86063050","SANTIAGO DEL ESTERO","Choya","Laprida","FIBRA OPTICA","4"
"86063050","SANTIAGO DEL ESTERO","Choya","Laprida","SATELITAL","12"
"86063050","SANTIAGO DEL ESTERO","Choya","Laprida","WIRELESS","5"
"0","SANTIAGO DEL ESTERO","Choya","Otros","SATELITAL","896"
"86063070","SANTIAGO DEL ESTERO","Choya","San Pedro","SATELITAL","15"
"86063080","SANTIAGO DEL ESTERO","Choya","Tapso","FIBRA OPTICA","2"
"86063080","SANTIAGO DEL ESTERO","Choya","Tapso","SATELITAL","42"
"86063080","SANTIAGO DEL ESTERO","Choya","Tapso","WIRELESS","71"
"86063090","SANTIAGO DEL ESTERO","Choya","Villa La Punta","FIBRA OPTICA","4"
"86063090","SANTIAGO DEL ESTERO","Choya","Villa La Punta","SATELITAL","95"
"86063090","SANTIAGO DEL ESTERO","Choya","Villa La Punta","WIRELESS","5"
"86056010","SANTIAGO DEL ESTERO","Copo","El Caburé","FIBRA OPTICA","1"
"86056010","SANTIAGO DEL ESTERO","Copo","El Caburé","SATELITAL","19"
"86056010","SANTIAGO DEL ESTERO","Copo","El Caburé","WIRELESS","170"
"86056020","SANTIAGO DEL ESTERO","Copo","La Firmeza","SATELITAL","14"
"86056020","SANTIAGO DEL ESTERO","Copo","La Firmeza","WIRELESS","20"
"86056030","SANTIAGO DEL ESTERO","Copo","Los Pirpintos","FIBRA OPTICA","201"
"86056030","SANTIAGO DEL ESTERO","Copo","Los Pirpintos","SATELITAL","17"
"86056040","SANTIAGO DEL ESTERO","Copo","Los Tigres","FIBRA OPTICA","2"
"86056040","SANTIAGO DEL ESTERO","Copo","Los Tigres","SATELITAL","2"
"86056040","SANTIAGO DEL ESTERO","Copo","Los Tigres","WIRELESS","50"
"86056050","SANTIAGO DEL ESTERO","Copo","Monte Quemado","FIBRA OPTICA","252"
"86056050","SANTIAGO DEL ESTERO","Copo","Monte Quemado","Otros","2"
"86056050","SANTIAGO DEL ESTERO","Copo","Monte Quemado","SATELITAL","131"
"86056050","SANTIAGO DEL ESTERO","Copo","Monte Quemado","WIRELESS","145"
"86056060","SANTIAGO DEL ESTERO","Copo","Nueva Esperanza","SATELITAL","8"
"86056060","SANTIAGO DEL ESTERO","Copo","Nueva Esperanza","WIRELESS","121"
"0","SANTIAGO DEL ESTERO","Copo","Otros","SATELITAL","431"
"86056070","SANTIAGO DEL ESTERO","Copo","Pampa de los Guanacos","CELULAR","1"
"86056070","SANTIAGO DEL ESTERO","Copo","Pampa de los Guanacos","FIBRA OPTICA","210"
"86056070","SANTIAGO DEL ESTERO","Copo","Pampa de los Guanacos","SATELITAL","97"
"86056070","SANTIAGO DEL ESTERO","Copo","Pampa de los Guanacos","WIRELESS","1"
"86056080","SANTIAGO DEL ESTERO","Copo","San José del Boquerón","Otros","120"
"86056080","SANTIAGO DEL ESTERO","Copo","San José del Boquerón","SATELITAL","20"
"86056080","SANTIAGO DEL ESTERO","Copo","San José del Boquerón","WIRELESS","5"
"86056090","SANTIAGO DEL ESTERO","Copo","Urutaú","FIBRA OPTICA","1"
"86056090","SANTIAGO DEL ESTERO","Copo","Urutaú","SATELITAL","2"
"86056090","SANTIAGO DEL ESTERO","Copo","Urutaú","WIRELESS","100"
"86070010","SANTIAGO DEL ESTERO","Figueroa","Bandera Bajada","FIBRA OPTICA","3"
"86070010","SANTIAGO DEL ESTERO","Figueroa","Bandera Bajada","SATELITAL","40"
"86070010","SANTIAGO DEL ESTERO","Figueroa","Bandera Bajada","WIRELESS","5"
"86070020","SANTIAGO DEL ESTERO","Figueroa","Caspi Corral","ADSL","1"
"86070020","SANTIAGO DEL ESTERO","Figueroa","Caspi Corral","FIBRA OPTICA","1"
"86070020","SANTIAGO DEL ESTERO","Figueroa","Caspi Corral","SATELITAL","14"
"86070020","SANTIAGO DEL ESTERO","Figueroa","Caspi Corral","WIRELESS","5"
"86070030","SANTIAGO DEL ESTERO","Figueroa","Colonia San Juan","SATELITAL","3"
"86070030","SANTIAGO DEL ESTERO","Figueroa","Colonia San Juan","WIRELESS","2"
"86070040","SANTIAGO DEL ESTERO","Figueroa","El Crucero","SATELITAL","8"
"86070050","SANTIAGO DEL ESTERO","Figueroa","Kilómetro 30","SATELITAL","42"
"86070060","SANTIAGO DEL ESTERO","Figueroa","La Cañada","FIBRA OPTICA","3"
"86070060","SANTIAGO DEL ESTERO","Figueroa","La Cañada","SATELITAL","5"
"86070060","SANTIAGO DEL ESTERO","Figueroa","La Cañada","WIRELESS","45"
"86070070","SANTIAGO DEL ESTERO","Figueroa","La Invernada","ADSL","1"
"86070070","SANTIAGO DEL ESTERO","Figueroa","La Invernada","FIBRA OPTICA","2"
"86070070","SANTIAGO DEL ESTERO","Figueroa","La Invernada","SATELITAL","33"
"86070070","SANTIAGO DEL ESTERO","Figueroa","La Invernada","WIRELESS","3"
"86070080","SANTIAGO DEL ESTERO","Figueroa","Minerva","SATELITAL","23"
"0","SANTIAGO DEL ESTERO","Figueroa","Otros","SATELITAL","215"
"86070090","SANTIAGO DEL ESTERO","Figueroa","Vaca Huañuna","FIBRA OPTICA","1"
"86070090","SANTIAGO DEL ESTERO","Figueroa","Vaca Huañuna","SATELITAL","22"
"86070090","SANTIAGO DEL ESTERO","Figueroa","Vaca Huañuna","WIRELESS","4"
"86070100","SANTIAGO DEL ESTERO","Figueroa","Villa Figueroa","FIBRA OPTICA","4"
"86070100","SANTIAGO DEL ESTERO","Figueroa","Villa Figueroa","SATELITAL","26"
"86070100","SANTIAGO DEL ESTERO","Figueroa","Villa Figueroa","WIRELESS","3"
"86077010","SANTIAGO DEL ESTERO","General Taboada","Añatuya","CABLEMODEM","806"
"86077010","SANTIAGO DEL ESTERO","General Taboada","Añatuya","CELULAR","2"
"86077010","SANTIAGO DEL ESTERO","General Taboada","Añatuya","FIBRA OPTICA","2.083"
"86077010","SANTIAGO DEL ESTERO","General Taboada","Añatuya","Otros","200"
"86077010","SANTIAGO DEL ESTERO","General Taboada","Añatuya","SATELITAL","197"
"86077010","SANTIAGO DEL ESTERO","General Taboada","Añatuya","WIRELESS","105"
"86077020","SANTIAGO DEL ESTERO","General Taboada","Averías","FIBRA OPTICA","2"
"86077020","SANTIAGO DEL ESTERO","General Taboada","Averías","Otros","29"
"86077020","SANTIAGO DEL ESTERO","General Taboada","Averías","SATELITAL","13"
"86077030","SANTIAGO DEL ESTERO","General Taboada","Estación Tacañitas","FIBRA OPTICA","3"
"86077030","SANTIAGO DEL ESTERO","General Taboada","Estación Tacañitas","Otros","84"
"86077030","SANTIAGO DEL ESTERO","General Taboada","Estación Tacañitas","SATELITAL","18"
"86077030","SANTIAGO DEL ESTERO","General Taboada","Estación Tacañitas","WIRELESS","98"
"86077040","SANTIAGO DEL ESTERO","General Taboada","La Nena","FIBRA OPTICA","1"
"86077040","SANTIAGO DEL ESTERO","General Taboada","La Nena","SATELITAL","85"
"86077050","SANTIAGO DEL ESTERO","General Taboada","Los Juríes","FIBRA OPTICA","8"
"86077050","SANTIAGO DEL ESTERO","General Taboada","Los Juríes","Otros","153"
"86077050","SANTIAGO DEL ESTERO","General Taboada","Los Juríes","SATELITAL","354"
"0","SANTIAGO DEL ESTERO","General Taboada","Otros","SATELITAL","203"
"86077060","SANTIAGO DEL ESTERO","General Taboada","Tomás Young","FIBRA OPTICA","1"
"86077060","SANTIAGO DEL ESTERO","General Taboada","Tomás Young","Otros","43"
"86077060","SANTIAGO DEL ESTERO","General Taboada","Tomás Young","SATELITAL","45"
"86077060","SANTIAGO DEL ESTERO","General Taboada","Tomás Young","WIRELESS","2"
"86084010","SANTIAGO DEL ESTERO","Guasayán","Lavalle","ADSL","1"
"86084010","SANTIAGO DEL ESTERO","Guasayán","Lavalle","FIBRA OPTICA","1"
"86084010","SANTIAGO DEL ESTERO","Guasayán","Lavalle","Otros","200"
"86084010","SANTIAGO DEL ESTERO","Guasayán","Lavalle","SATELITAL","182"
"86084010","SANTIAGO DEL ESTERO","Guasayán","Lavalle","WIRELESS","2"
"0","SANTIAGO DEL ESTERO","Guasayán","Otros","SATELITAL","231"
"86084020","SANTIAGO DEL ESTERO","Guasayán","San Pedro","ADSL","1"
"86084020","SANTIAGO DEL ESTERO","Guasayán","San Pedro","SATELITAL","180"
"86084020","SANTIAGO DEL ESTERO","Guasayán","San Pedro","WIRELESS","2"
"86091005","SANTIAGO DEL ESTERO","Jiménez","El Arenal","Otros","72"
"86091005","SANTIAGO DEL ESTERO","Jiménez","El Arenal","SATELITAL","162"
"86091005","SANTIAGO DEL ESTERO","Jiménez","El Arenal","WIRELESS","2"
"86091010","SANTIAGO DEL ESTERO","Jiménez","El Bobadal","FIBRA OPTICA","2"
"86091010","SANTIAGO DEL ESTERO","Jiménez","El Bobadal","Otros","5"
"86091010","SANTIAGO DEL ESTERO","Jiménez","El Bobadal","SATELITAL","159"
"86091010","SANTIAGO DEL ESTERO","Jiménez","El Bobadal","WIRELESS","9"
"86091020","SANTIAGO DEL ESTERO","Jiménez","El Charco","FIBRA OPTICA","6"
"86091020","SANTIAGO DEL ESTERO","Jiménez","El Charco","Otros","30"
"86091020","SANTIAGO DEL ESTERO","Jiménez","El Charco","SATELITAL","25"
"86091030","SANTIAGO DEL ESTERO","Jiménez","El Rincón","SATELITAL","48"
"86091040","SANTIAGO DEL ESTERO","Jiménez","Gramilla","FIBRA OPTICA","2"
"86091040","SANTIAGO DEL ESTERO","Jiménez","Gramilla","Otros","48"
"86091040","SANTIAGO DEL ESTERO","Jiménez","Gramilla","SATELITAL","11"
"86091040","SANTIAGO DEL ESTERO","Jiménez","Gramilla","WIRELESS","1"
"86091050","SANTIAGO DEL ESTERO","Jiménez","Isca Yacu","Otros","7"
"86091050","SANTIAGO DEL ESTERO","Jiménez","Isca Yacu","SATELITAL","10"
"86091050","SANTIAGO DEL ESTERO","Jiménez","Isca Yacu","WIRELESS","1"
"86091060","SANTIAGO DEL ESTERO","Jiménez","Isca Yacu Semaul","SATELITAL","7"
"0","SANTIAGO DEL ESTERO","Jiménez","Otros","SATELITAL","248"
"86091070","SANTIAGO DEL ESTERO","Jiménez","Pozo Hondo","FIBRA OPTICA","7"
"86091070","SANTIAGO DEL ESTERO","Jiménez","Pozo Hondo","Otros","181"
"86091070","SANTIAGO DEL ESTERO","Jiménez","Pozo Hondo","SATELITAL","65"
"86091070","SANTIAGO DEL ESTERO","Jiménez","Pozo Hondo","WIRELESS","1"
"86091080","SANTIAGO DEL ESTERO","Jiménez","San Pedro","SATELITAL","1"
"86098010","SANTIAGO DEL ESTERO","Juan F. Ibarra","El Colorado","Otros","20"
"86098010","SANTIAGO DEL ESTERO","Juan F. Ibarra","El Colorado","SATELITAL","102"
"86098020","SANTIAGO DEL ESTERO","Juan F. Ibarra","El Cuadrado","FIBRA OPTICA","1"
"86098020","SANTIAGO DEL ESTERO","Juan F. Ibarra","El Cuadrado","SATELITAL","9"
"86098020","SANTIAGO DEL ESTERO","Juan F. Ibarra","El Cuadrado","WIRELESS","113"
"86098030","SANTIAGO DEL ESTERO","Juan F. Ibarra","Matará","FIBRA OPTICA","10"
"86098030","SANTIAGO DEL ESTERO","Juan F. Ibarra","Matará","SATELITAL","15"
"86098030","SANTIAGO DEL ESTERO","Juan F. Ibarra","Matará","WIRELESS","20"
"0","SANTIAGO DEL ESTERO","Juan F. Ibarra","Otros","SATELITAL","342"
"86098040","SANTIAGO DEL ESTERO","Juan F. Ibarra","Suncho Corral","ADSL","5"
"86098040","SANTIAGO DEL ESTERO","Juan F. Ibarra","Suncho Corral","FIBRA OPTICA","8"
"86098040","SANTIAGO DEL ESTERO","Juan F. Ibarra","Suncho Corral","SATELITAL","28"
"86098040","SANTIAGO DEL ESTERO","Juan F. Ibarra","Suncho Corral","WIRELESS","73"
"86098050","SANTIAGO DEL ESTERO","Juan F. Ibarra","Vilelas","ADSL","1"
"86098050","SANTIAGO DEL ESTERO","Juan F. Ibarra","Vilelas","FIBRA OPTICA","4"
"86098050","SANTIAGO DEL ESTERO","Juan F. Ibarra","Vilelas","Otros","1"
"86098050","SANTIAGO DEL ESTERO","Juan F. Ibarra","Vilelas","SATELITAL","27"
"86098060","SANTIAGO DEL ESTERO","Juan F. Ibarra","Yuchán","SATELITAL","11"
"0","SANTIAGO DEL ESTERO","Loreto","Otros","SATELITAL","79"
"86105010","SANTIAGO DEL ESTERO","Loreto","Villa San Martín (Est. Loreto)","CABLEMODEM","9.394"
"86105010","SANTIAGO DEL ESTERO","Loreto","Villa San Martín (Est. Loreto)","CELULAR","10"
"86105010","SANTIAGO DEL ESTERO","Loreto","Villa San Martín (Est. Loreto)","FIBRA OPTICA","5"
"86105010","SANTIAGO DEL ESTERO","Loreto","Villa San Martín (Est. Loreto)","SATELITAL","79"
"86105010","SANTIAGO DEL ESTERO","Loreto","Villa San Martín (Est. Loreto)","WIRELESS","342"
"0","SANTIAGO DEL ESTERO","Mitre","Otros","SATELITAL","47"
"86112010","SANTIAGO DEL ESTERO","Mitre","Villa Unión","FIBRA OPTICA","2"
"86112010","SANTIAGO DEL ESTERO","Mitre","Villa Unión","Otros","3"
"86112010","SANTIAGO DEL ESTERO","Mitre","Villa Unión","SATELITAL","3"
"86112010","SANTIAGO DEL ESTERO","Mitre","Villa Unión","WIRELESS","1"
"86119010","SANTIAGO DEL ESTERO","Moreno","Aerolito","ADSL","1"
"86119010","SANTIAGO DEL ESTERO","Moreno","Aerolito","FIBRA OPTICA","1"
"86119010","SANTIAGO DEL ESTERO","Moreno","Aerolito","Otros","25"
"86119010","SANTIAGO DEL ESTERO","Moreno","Aerolito","SATELITAL","16"
"86119020","SANTIAGO DEL ESTERO","Moreno","Alhuampa","ADSL","1"
"86119020","SANTIAGO DEL ESTERO","Moreno","Alhuampa","FIBRA OPTICA","1"
"86119020","SANTIAGO DEL ESTERO","Moreno","Alhuampa","Otros","20"
"86119020","SANTIAGO DEL ESTERO","Moreno","Alhuampa","SATELITAL","12"
"86119030","SANTIAGO DEL ESTERO","Moreno","Hasse","ADSL","1"
"86119030","SANTIAGO DEL ESTERO","Moreno","Hasse","FIBRA OPTICA","1"
"86119030","SANTIAGO DEL ESTERO","Moreno","Hasse","Otros","15"
"86119030","SANTIAGO DEL ESTERO","Moreno","Hasse","SATELITAL","4"
"86119040","SANTIAGO DEL ESTERO","Moreno","Hernán Mejía Miraval","ADSL","1"
"86119040","SANTIAGO DEL ESTERO","Moreno","Hernán Mejía Miraval","FIBRA OPTICA","1"
"86119040","SANTIAGO DEL ESTERO","Moreno","Hernán Mejía Miraval","SATELITAL","7"
"86119050","SANTIAGO DEL ESTERO","Moreno","Las Tinajas","SATELITAL","9"
"86119060","SANTIAGO DEL ESTERO","Moreno","Libertad","SATELITAL","30"
"86119070","SANTIAGO DEL ESTERO","Moreno","Lilo Viejo","SATELITAL","30"
"0","SANTIAGO DEL ESTERO","Moreno","Otros","SATELITAL","301"
"86119080","SANTIAGO DEL ESTERO","Moreno","Patay","SATELITAL","5"
"86119090","SANTIAGO DEL ESTERO","Moreno","Pueblo Pablo Torelo (Est. Otumpa)","ADSL","1"
"86119090","SANTIAGO DEL ESTERO","Moreno","Pueblo Pablo Torelo (Est. Otumpa)","FIBRA OPTICA","1"
"86119090","SANTIAGO DEL ESTERO","Moreno","Pueblo Pablo Torelo (Est. Otumpa)","Otros","50"
"86119090","SANTIAGO DEL ESTERO","Moreno","Pueblo Pablo Torelo (Est. Otumpa)","SATELITAL","35"
"86119100","SANTIAGO DEL ESTERO","Moreno","Quimilí","ADSL","43"
"86119100","SANTIAGO DEL ESTERO","Moreno","Quimilí","CABLEMODEM","661"
"86119100","SANTIAGO DEL ESTERO","Moreno","Quimilí","FIBRA OPTICA","643"
"86119100","SANTIAGO DEL ESTERO","Moreno","Quimilí","Otros","250"
"86119100","SANTIAGO DEL ESTERO","Moreno","Quimilí","SATELITAL","756"
"86119100","SANTIAGO DEL ESTERO","Moreno","Quimilí","WIRELESS","9"
"86119110","SANTIAGO DEL ESTERO","Moreno","Roversi","ADSL","1"
"86119110","SANTIAGO DEL ESTERO","Moreno","Roversi","FIBRA OPTICA","1"
"86119110","SANTIAGO DEL ESTERO","Moreno","Roversi","Otros","15"
"86119110","SANTIAGO DEL ESTERO","Moreno","Roversi","SATELITAL","25"
"86119120","SANTIAGO DEL ESTERO","Moreno","Tintina","ADSL","1"
"86119120","SANTIAGO DEL ESTERO","Moreno","Tintina","FIBRA OPTICA","195"
"86119120","SANTIAGO DEL ESTERO","Moreno","Tintina","SATELITAL","113"
"86119130","SANTIAGO DEL ESTERO","Moreno","Weisburd","SATELITAL","39"
"86119130","SANTIAGO DEL ESTERO","Moreno","Weisburd","WIRELESS","43"
"86126010","SANTIAGO DEL ESTERO","Ojo de Agua","El 49","SATELITAL","5"
"0","SANTIAGO DEL ESTERO","Ojo de Agua","Otros","SATELITAL","531"
"86126020","SANTIAGO DEL ESTERO","Ojo de Agua","Sol de Julio","FIBRA OPTICA","4"
"86126020","SANTIAGO DEL ESTERO","Ojo de Agua","Sol de Julio","SATELITAL","8"
"86126020","SANTIAGO DEL ESTERO","Ojo de Agua","Sol de Julio","WIRELESS","39"
"86126030","SANTIAGO DEL ESTERO","Ojo de Agua","Villa Ojo de Agua","FIBRA OPTICA","12"
"86126030","SANTIAGO DEL ESTERO","Ojo de Agua","Villa Ojo de Agua","Otros","333"
"86126030","SANTIAGO DEL ESTERO","Ojo de Agua","Villa Ojo de Agua","SATELITAL","117"
"86126030","SANTIAGO DEL ESTERO","Ojo de Agua","Villa Ojo de Agua","WIRELESS","62"
"0","SANTIAGO DEL ESTERO","OTROS","Otros","Otros","137"
"86133010","SANTIAGO DEL ESTERO","Pellegrini","El Mojón","FIBRA OPTICA","5"
"86133010","SANTIAGO DEL ESTERO","Pellegrini","El Mojón","Otros","20"
"86133010","SANTIAGO DEL ESTERO","Pellegrini","El Mojón","SATELITAL","104"
"86133010","SANTIAGO DEL ESTERO","Pellegrini","El Mojón","WIRELESS","7"
"86133020","SANTIAGO DEL ESTERO","Pellegrini","Las Delicias","Otros","38"
"86133020","SANTIAGO DEL ESTERO","Pellegrini","Las Delicias","SATELITAL","129"
"86133020","SANTIAGO DEL ESTERO","Pellegrini","Las Delicias","WIRELESS","3"
"86133030","SANTIAGO DEL ESTERO","Pellegrini","Nueva Esperanza","ADSL","1"
"86133030","SANTIAGO DEL ESTERO","Pellegrini","Nueva Esperanza","FIBRA OPTICA","4"
"86133030","SANTIAGO DEL ESTERO","Pellegrini","Nueva Esperanza","Otros","134"
"86133030","SANTIAGO DEL ESTERO","Pellegrini","Nueva Esperanza","SATELITAL","436"
"86133030","SANTIAGO DEL ESTERO","Pellegrini","Nueva Esperanza","WIRELESS","29"
"0","SANTIAGO DEL ESTERO","Pellegrini","Otros","SATELITAL","312"
"86133040","SANTIAGO DEL ESTERO","Pellegrini","Pozo Betbeder","SATELITAL","39"
"86133040","SANTIAGO DEL ESTERO","Pellegrini","Pozo Betbeder","WIRELESS","2"
"86133050","SANTIAGO DEL ESTERO","Pellegrini","Rapelli","ADSL","1"
"86133050","SANTIAGO DEL ESTERO","Pellegrini","Rapelli","FIBRA OPTICA","4"
"86133050","SANTIAGO DEL ESTERO","Pellegrini","Rapelli","Otros","13"
"86133050","SANTIAGO DEL ESTERO","Pellegrini","Rapelli","SATELITAL","35"
"86133050","SANTIAGO DEL ESTERO","Pellegrini","Rapelli","WIRELESS","1"
"86133060","SANTIAGO DEL ESTERO","Pellegrini","Santo Domingo","Otros","60"
"86133060","SANTIAGO DEL ESTERO","Pellegrini","Santo Domingo","SATELITAL","63"
"86133060","SANTIAGO DEL ESTERO","Pellegrini","Santo Domingo","WIRELESS","5"
"0","SANTIAGO DEL ESTERO","Quebrachos","Otros","SATELITAL","105"
"86140010","SANTIAGO DEL ESTERO","Quebrachos","Ramírez de Velazco","ADSL","1"
"86140010","SANTIAGO DEL ESTERO","Quebrachos","Ramírez de Velazco","FIBRA OPTICA","1"
"86140010","SANTIAGO DEL ESTERO","Quebrachos","Ramírez de Velazco","SATELITAL","7"
"86140020","SANTIAGO DEL ESTERO","Quebrachos","Sumampa","CABLEMODEM","147"
"86140020","SANTIAGO DEL ESTERO","Quebrachos","Sumampa","CELULAR","1"
"86140020","SANTIAGO DEL ESTERO","Quebrachos","Sumampa","FIBRA OPTICA","6"
"86140020","SANTIAGO DEL ESTERO","Quebrachos","Sumampa","SATELITAL","150"
"86140020","SANTIAGO DEL ESTERO","Quebrachos","Sumampa","WIRELESS","45"
"86140030","SANTIAGO DEL ESTERO","Quebrachos","Sumampa Viejo","SATELITAL","43"
"86140030","SANTIAGO DEL ESTERO","Quebrachos","Sumampa Viejo","WIRELESS","18"
"86147010","SANTIAGO DEL ESTERO","Río Hondo","Chañar Pozo de Abajo","Otros","3"
"86147010","SANTIAGO DEL ESTERO","Río Hondo","Chañar Pozo de Abajo","SATELITAL","12"
"86147020","SANTIAGO DEL ESTERO","Río Hondo","Chauchillas","Otros","2"
"86147020","SANTIAGO DEL ESTERO","Río Hondo","Chauchillas","SATELITAL","4"
"86147030","SANTIAGO DEL ESTERO","Río Hondo","Colonia Tinco","FIBRA OPTICA","3"
"86147030","SANTIAGO DEL ESTERO","Río Hondo","Colonia Tinco","Otros","4"
"86147030","SANTIAGO DEL ESTERO","Río Hondo","Colonia Tinco","SATELITAL","114"
"86147030","SANTIAGO DEL ESTERO","Río Hondo","Colonia Tinco","WIRELESS","1"
"86147040","SANTIAGO DEL ESTERO","Río Hondo","El Charco","SATELITAL","17"
"86147050","SANTIAGO DEL ESTERO","Río Hondo","Gramilla","SATELITAL","4"
"86147050","SANTIAGO DEL ESTERO","Río Hondo","Gramilla","WIRELESS","73"
"86147060","SANTIAGO DEL ESTERO","Río Hondo","La Nueva Donosa","SATELITAL","116"
"86147060","SANTIAGO DEL ESTERO","Río Hondo","La Nueva Donosa","WIRELESS","1"
"86147070","SANTIAGO DEL ESTERO","Río Hondo","Los Miranda","FIBRA OPTICA","2"
"86147070","SANTIAGO DEL ESTERO","Río Hondo","Los Miranda","SATELITAL","6"
"86147070","SANTIAGO DEL ESTERO","Río Hondo","Los Miranda","WIRELESS","1"
"86147080","SANTIAGO DEL ESTERO","Río Hondo","Los Núñez","FIBRA OPTICA","4"
"86147080","SANTIAGO DEL ESTERO","Río Hondo","Los Núñez","Otros","7"
"86147080","SANTIAGO DEL ESTERO","Río Hondo","Los Núñez","SATELITAL","1"
"86147090","SANTIAGO DEL ESTERO","Río Hondo","Mansupa","Otros","2"
"86147090","SANTIAGO DEL ESTERO","Río Hondo","Mansupa","SATELITAL","147"
"86147090","SANTIAGO DEL ESTERO","Río Hondo","Mansupa","WIRELESS","1"
"0","SANTIAGO DEL ESTERO","Río Hondo","Otros","SATELITAL","137"
"86147100","SANTIAGO DEL ESTERO","Río Hondo","Pozuelos","FIBRA OPTICA","2"
"86147100","SANTIAGO DEL ESTERO","Río Hondo","Pozuelos","SATELITAL","31"
"86147120","SANTIAGO DEL ESTERO","Río Hondo","Sauzal","FIBRA OPTICA","1"
"86147120","SANTIAGO DEL ESTERO","Río Hondo","Sauzal","SATELITAL","3"
"86147130","SANTIAGO DEL ESTERO","Río Hondo","Termas de Río Hondo","ADSL","57"
"86147130","SANTIAGO DEL ESTERO","Río Hondo","Termas de Río Hondo","CELULAR","34"
"86147130","SANTIAGO DEL ESTERO","Río Hondo","Termas de Río Hondo","FIBRA OPTICA","2.063"
"86147130","SANTIAGO DEL ESTERO","Río Hondo","Termas de Río Hondo","Otros","80"
"86147130","SANTIAGO DEL ESTERO","Río Hondo","Termas de Río Hondo","SATELITAL","192"
"86147130","SANTIAGO DEL ESTERO","Río Hondo","Termas de Río Hondo","WIRELESS","388"
"86147140","SANTIAGO DEL ESTERO","Río Hondo","Villa Giménez","FIBRA OPTICA","1"
"86147140","SANTIAGO DEL ESTERO","Río Hondo","Villa Giménez","SATELITAL","1"
"86147150","SANTIAGO DEL ESTERO","Río Hondo","Villa Río Hondo","Otros","10"
"86147150","SANTIAGO DEL ESTERO","Río Hondo","Villa Río Hondo","SATELITAL","69"
"86147150","SANTIAGO DEL ESTERO","Río Hondo","Villa Río Hondo","WIRELESS","8"
"86147170","SANTIAGO DEL ESTERO","Río Hondo","Vinará","FIBRA OPTICA","1"
"86147170","SANTIAGO DEL ESTERO","Río Hondo","Vinará","SATELITAL","44"
"86147170","SANTIAGO DEL ESTERO","Río Hondo","Vinará","WIRELESS","1"
"86154010","SANTIAGO DEL ESTERO","Rivadavia","Colonia Alpina","CABLEMODEM","50"
"86154010","SANTIAGO DEL ESTERO","Rivadavia","Colonia Alpina","SATELITAL","1"
"86154010","SANTIAGO DEL ESTERO","Rivadavia","Colonia Alpina","WIRELESS","45"
"0","SANTIAGO DEL ESTERO","Rivadavia","Otros","SATELITAL","81"
"86154020","SANTIAGO DEL ESTERO","Rivadavia","Palo Negro","FIBRA OPTICA","2"
"86154020","SANTIAGO DEL ESTERO","Rivadavia","Palo Negro","SATELITAL","1"
"86154020","SANTIAGO DEL ESTERO","Rivadavia","Palo Negro","WIRELESS","8"
"86154030","SANTIAGO DEL ESTERO","Rivadavia","Selva","CABLEMODEM","557"
"86154030","SANTIAGO DEL ESTERO","Rivadavia","Selva","CELULAR","1"
"86154030","SANTIAGO DEL ESTERO","Rivadavia","Selva","FIBRA OPTICA","690"
"86154030","SANTIAGO DEL ESTERO","Rivadavia","Selva","SATELITAL","3"
"86154030","SANTIAGO DEL ESTERO","Rivadavia","Selva","WIRELESS","483"
"86161010","SANTIAGO DEL ESTERO","Robles","Beltrán","ADSL","65"
"86161010","SANTIAGO DEL ESTERO","Robles","Beltrán","CELULAR","8"
"86161010","SANTIAGO DEL ESTERO","Robles","Beltrán","FIBRA OPTICA","1"
"86161010","SANTIAGO DEL ESTERO","Robles","Beltrán","SATELITAL","67"
"86161010","SANTIAGO DEL ESTERO","Robles","Beltrán","WIRELESS","70"
"86161020","SANTIAGO DEL ESTERO","Robles","Colonia El Simbolar","FIBRA OPTICA","4"
"86161020","SANTIAGO DEL ESTERO","Robles","Colonia El Simbolar","SATELITAL","10"
"86161020","SANTIAGO DEL ESTERO","Robles","Colonia El Simbolar","WIRELESS","42"
"86161030","SANTIAGO DEL ESTERO","Robles","Fernández","ADSL","224"
"86161030","SANTIAGO DEL ESTERO","Robles","Fernández","CELULAR","19"
"86161030","SANTIAGO DEL ESTERO","Robles","Fernández","FIBRA OPTICA","6"
"86161030","SANTIAGO DEL ESTERO","Robles","Fernández","SATELITAL","206"
"86161030","SANTIAGO DEL ESTERO","Robles","Fernández","WIRELESS","109"
"86161040","SANTIAGO DEL ESTERO","Robles","Ingeniero Forres (Est. Chaguar Punco)","FIBRA OPTICA","3"
"86161040","SANTIAGO DEL ESTERO","Robles","Ingeniero Forres (Est. Chaguar Punco)","SATELITAL","13"
"86161040","SANTIAGO DEL ESTERO","Robles","Ingeniero Forres (Est. Chaguar Punco)","WIRELESS","99"
"0","SANTIAGO DEL ESTERO","Robles","Otros","SATELITAL","87"
"86161050","SANTIAGO DEL ESTERO","Robles","Vilmer","FIBRA OPTICA","4"
"86161050","SANTIAGO DEL ESTERO","Robles","Vilmer","SATELITAL","243"
"86168010","SANTIAGO DEL ESTERO","Salavina","Chilca Juliana","FIBRA OPTICA","2"
"86168010","SANTIAGO DEL ESTERO","Salavina","Chilca Juliana","Otros","1"
"86168010","SANTIAGO DEL ESTERO","Salavina","Chilca Juliana","SATELITAL","7"
"86168020","SANTIAGO DEL ESTERO","Salavina","Los Telares","FIBRA OPTICA","9"
"86168020","SANTIAGO DEL ESTERO","Salavina","Los Telares","Otros","4"
"86168020","SANTIAGO DEL ESTERO","Salavina","Los Telares","SATELITAL","32"
"86168020","SANTIAGO DEL ESTERO","Salavina","Los Telares","WIRELESS","3"
"0","SANTIAGO DEL ESTERO","Salavina","Otros","SATELITAL","76"
"86168030","SANTIAGO DEL ESTERO","Salavina","Villa Salavina","Otros","1"
"86168030","SANTIAGO DEL ESTERO","Salavina","Villa Salavina","SATELITAL","16"
"86175010","SANTIAGO DEL ESTERO","San Martín","Brea Pozo","FIBRA OPTICA","1"
"86175010","SANTIAGO DEL ESTERO","San Martín","Brea Pozo","SATELITAL","79"
"86175010","SANTIAGO DEL ESTERO","San Martín","Brea Pozo","WIRELESS","76"
"86175020","SANTIAGO DEL ESTERO","San Martín","Estación Robles","CABLEMODEM","1"
"86175020","SANTIAGO DEL ESTERO","San Martín","Estación Robles","SATELITAL","16"
"86175030","SANTIAGO DEL ESTERO","San Martín","Estación Taboada","SATELITAL","11"
"86175030","SANTIAGO DEL ESTERO","San Martín","Estación Taboada","WIRELESS","3"
"0","SANTIAGO DEL ESTERO","San Martín","Otros","SATELITAL","44"
"86175040","SANTIAGO DEL ESTERO","San Martín","Villa Nueva","FIBRA OPTICA","1"
"86175040","SANTIAGO DEL ESTERO","San Martín","Villa Nueva","SATELITAL","20"
"86175040","SANTIAGO DEL ESTERO","San Martín","Villa Nueva","WIRELESS","3"
"86182010","SANTIAGO DEL ESTERO","Sarmiento","Garza","ADSL","1"
"86182010","SANTIAGO DEL ESTERO","Sarmiento","Garza","FIBRA OPTICA","2"
"86182010","SANTIAGO DEL ESTERO","Sarmiento","Garza","SATELITAL","60"
"0","SANTIAGO DEL ESTERO","Sarmiento","Otros","SATELITAL","54"
"86189010","SANTIAGO DEL ESTERO","Silípica","Árraga","ADSL","1"
"86189010","SANTIAGO DEL ESTERO","Silípica","Árraga","FIBRA OPTICA","2"
"86189010","SANTIAGO DEL ESTERO","Silípica","Árraga","SATELITAL","62"
"86189010","SANTIAGO DEL ESTERO","Silípica","Árraga","WIRELESS","83"
"86189020","SANTIAGO DEL ESTERO","Silípica","Nueva Francia","ADSL","1"
"86189020","SANTIAGO DEL ESTERO","Silípica","Nueva Francia","FIBRA OPTICA","2"
"86189020","SANTIAGO DEL ESTERO","Silípica","Nueva Francia","SATELITAL","18"
"86189020","SANTIAGO DEL ESTERO","Silípica","Nueva Francia","WIRELESS","31"
"0","SANTIAGO DEL ESTERO","Silípica","Otros","SATELITAL","61"
"86189030","SANTIAGO DEL ESTERO","Silípica","Simbol","ADSL","1"
"86189030","SANTIAGO DEL ESTERO","Silípica","Simbol","SATELITAL","45"
"86189030","SANTIAGO DEL ESTERO","Silípica","Simbol","WIRELESS","1"
"86189040","SANTIAGO DEL ESTERO","Silípica","Sumamao","SATELITAL","1"
"86189050","SANTIAGO DEL ESTERO","Silípica","Villa Silípica","SATELITAL","10"
"0","TIERRA DEL FUEGO","ANTARTIDA ARGENTINA","Base Orcadas","SATELITAL","1"
"0","TIERRA DEL FUEGO","Río Grande","Otros","SATELITAL","330"
"94007010","TIERRA DEL FUEGO","Río Grande","Río Grande","ADSL","401"
"94007010","TIERRA DEL FUEGO","Río Grande","Río Grande","CABLEMODEM","17.016"
"94007010","TIERRA DEL FUEGO","Río Grande","Río Grande","DIAL UP","129"
"94007010","TIERRA DEL FUEGO","Río Grande","Río Grande","FIBRA OPTICA","5.315"
"94007010","TIERRA DEL FUEGO","Río Grande","Río Grande","Otros","1.624"
"94007010","TIERRA DEL FUEGO","Río Grande","Río Grande","SATELITAL","6.698"
"94007010","TIERRA DEL FUEGO","Río Grande","Río Grande","WIRELESS","287"
"94007020","TIERRA DEL FUEGO","Río Grande","Tolhuin","ADSL","109"
"94007020","TIERRA DEL FUEGO","Río Grande","Tolhuin","FIBRA OPTICA","2"
"94007020","TIERRA DEL FUEGO","Río Grande","Tolhuin","SATELITAL","547"
"94007020","TIERRA DEL FUEGO","Río Grande","Tolhuin","WIRELESS","92"
"94014010","TIERRA DEL FUEGO","Ushuaia","Laguna Escondida","SATELITAL","16"
"0","TIERRA DEL FUEGO","Ushuaia","Otros","SATELITAL","94"
"94014020","TIERRA DEL FUEGO","Ushuaia","Ushuaia","ADSL","271"
"94014020","TIERRA DEL FUEGO","Ushuaia","Ushuaia","CABLEMODEM","23.331"
"94014020","TIERRA DEL FUEGO","Ushuaia","Ushuaia","DIAL UP","160"
"94014020","TIERRA DEL FUEGO","Ushuaia","Ushuaia","FIBRA OPTICA","2.324"
"94014020","TIERRA DEL FUEGO","Ushuaia","Ushuaia","OTROS","1"
"94014020","TIERRA DEL FUEGO","Ushuaia","Ushuaia","SATELITAL","4.307"
"94014020","TIERRA DEL FUEGO","Ushuaia","Ushuaia","WIRELESS","119"
"90007080","TUCUMAN","Burruyacú","7 de Abril","SATELITAL","42"
"90007080","TUCUMAN","Burruyacú","7 de Abril","WIRELESS","3"
"90007010","TUCUMAN","Burruyacú","Barrio San Jorge","SATELITAL","286"
"90007020","TUCUMAN","Burruyacú","El Chañar","SATELITAL","105"
"90007030","TUCUMAN","Burruyacú","El Naranjo","CELULAR","4"
"90007030","TUCUMAN","Burruyacú","El Naranjo","SATELITAL","158"
"90007040","TUCUMAN","Burruyacú","Garmendia","SATELITAL","59"
"90007040","TUCUMAN","Burruyacú","Garmendia","WIRELESS","3"
"90007050","TUCUMAN","Burruyacú","La Ramada","SATELITAL","263"
"90007060","TUCUMAN","Burruyacú","Macomitas","SATELITAL","51"
"0","TUCUMAN","Burruyacú","Otros","SATELITAL","200"
"90007070","TUCUMAN","Burruyacú","Piedrabuena","SATELITAL","66"
"90007070","TUCUMAN","Burruyacú","Piedrabuena","WIRELESS","3"
"90007090","TUCUMAN","Burruyacú","Villa Benjamín Aráoz","SATELITAL","118"
"90007100","TUCUMAN","Burruyacú","Villa Burruyacú","FIBRA OPTICA","2"
"90007100","TUCUMAN","Burruyacú","Villa Burruyacú","SATELITAL","243"
"90007100","TUCUMAN","Burruyacú","Villa Burruyacú","WIRELESS","3"
"90007110","TUCUMAN","Burruyacú","Villa Padre Monti","SATELITAL","117"
"90084010","TUCUMAN","Capital","San Miguel de Tucumán (Est. Tucumán)","ADSL","4.855"
"90084010","TUCUMAN","Capital","San Miguel de Tucumán (Est. Tucumán)","CABLEMODEM","6.267"
"90084010","TUCUMAN","Capital","San Miguel de Tucumán (Est. Tucumán)","CELULAR","76"
"90084010","TUCUMAN","Capital","San Miguel de Tucumán (Est. Tucumán)","DIAL UP","22"
"90084010","TUCUMAN","Capital","San Miguel de Tucumán (Est. Tucumán)","FIBRA OPTICA","172.306"
"90084010","TUCUMAN","Capital","San Miguel de Tucumán (Est. Tucumán)","Otros","1"
"90084010","TUCUMAN","Capital","San Miguel de Tucumán (Est. Tucumán)","SATELITAL","1.852"
"90084010","TUCUMAN","Capital","San Miguel de Tucumán (Est. Tucumán)","WIRELESS","239"
"90021010","TUCUMAN","Chicligasta","Alpachiri","SATELITAL","19"
"90021020","TUCUMAN","Chicligasta","Alto Verde","SATELITAL","69"
"90021030","TUCUMAN","Chicligasta","Arcadia","ADSL","12"
"90021030","TUCUMAN","Chicligasta","Arcadia","CELULAR","1"
"90021030","TUCUMAN","Chicligasta","Arcadia","SATELITAL","15"
"90021050","TUCUMAN","Chicligasta","Concepción","ADSL","63"
"90021050","TUCUMAN","Chicligasta","Concepción","CABLEMODEM","2.130"
"90021050","TUCUMAN","Chicligasta","Concepción","CELULAR","31"
"90021050","TUCUMAN","Chicligasta","Concepción","FIBRA OPTICA","7.510"
"90021050","TUCUMAN","Chicligasta","Concepción","SATELITAL","312"
"90021050","TUCUMAN","Chicligasta","Concepción","WIRELESS","24"
"90021060","TUCUMAN","Chicligasta","Iltico","FIBRA OPTICA","1"
"90021060","TUCUMAN","Chicligasta","Iltico","SATELITAL","25"
"90021070","TUCUMAN","Chicligasta","La Trinidad","SATELITAL","38"
"90021080","TUCUMAN","Chicligasta","Medina","SATELITAL","16"
"0","TUCUMAN","Chicligasta","Otros","SATELITAL","2"
"90021040","TUCUMAN","Chicligasta","San Roque","SATELITAL","15"
"90014010","TUCUMAN","Cruz Alta","Alderetes","CABLEMODEM","1"
"90014010","TUCUMAN","Cruz Alta","Alderetes","CELULAR","124"
"90014010","TUCUMAN","Cruz Alta","Alderetes","FIBRA OPTICA","4.998"
"90014010","TUCUMAN","Cruz Alta","Alderetes","SATELITAL","165"
"90014020","TUCUMAN","Cruz Alta","Banda del Río Salí","CABLEMODEM","4.139"
"90014020","TUCUMAN","Cruz Alta","Banda del Río Salí","CELULAR","30"
"90014020","TUCUMAN","Cruz Alta","Banda del Río Salí","FIBRA OPTICA","8.162"
"90014020","TUCUMAN","Cruz Alta","Banda del Río Salí","SATELITAL","117"
"90014020","TUCUMAN","Cruz Alta","Banda del Río Salí","WIRELESS","6"
"90014090","TUCUMAN","Cruz Alta","Barrio Aeropuerto","SATELITAL","23"
"90014040","TUCUMAN","Cruz Alta","Colombres","SATELITAL","73"
"90014040","TUCUMAN","Cruz Alta","Colombres","WIRELESS","3"
"90014050","TUCUMAN","Cruz Alta","Colonia Mayo - Barrio La Milagrosa","SATELITAL","35"
"90014060","TUCUMAN","Cruz Alta","Delfín Gallo","FIBRA OPTICA","305"
"90014060","TUCUMAN","Cruz Alta","Delfín Gallo","SATELITAL","13"
"90014060","TUCUMAN","Cruz Alta","Delfín Gallo","WIRELESS","1"
"90014070","TUCUMAN","Cruz Alta","El Bracho","SATELITAL","182"
"90014070","TUCUMAN","Cruz Alta","El Bracho","WIRELESS","10"
"90014090","TUCUMAN","Cruz Alta","El Corte","SATELITAL","85"
"90014090","TUCUMAN","Cruz Alta","El Paraiso","SATELITAL","15"
"90014090","TUCUMAN","Cruz Alta","Ex Ingenio Esperanza","SATELITAL","2"
"90014070","TUCUMAN","Cruz Alta","Ex Ingenio Los Ralos","SATELITAL","20"
"90014090","TUCUMAN","Cruz Alta","Ingenio La Florida","SATELITAL","40"
"90014080","TUCUMAN","Cruz Alta","La Florida","FIBRA OPTICA","311"
"90014080","TUCUMAN","Cruz Alta","La Florida","SATELITAL","47"
"90014080","TUCUMAN","Cruz Alta","La Florida","WIRELESS","3"
"90014090","TUCUMAN","Cruz Alta","Las Cejas","FIBRA OPTICA","20"
"90014090","TUCUMAN","Cruz Alta","Las Cejas","SATELITAL","145"
"90014090","TUCUMAN","Cruz Alta","Las Cejas","WIRELESS","1"
"90014090","TUCUMAN","Cruz Alta","Lastenia","FIBRA OPTICA","1.577"
"90014090","TUCUMAN","Cruz Alta","Lastenia","SATELITAL","167"
"90014090","TUCUMAN","Cruz Alta","Los Gutierrez","SATELITAL","206"
"90014100","TUCUMAN","Cruz Alta","Los Ralos","CELULAR","4"
"90014100","TUCUMAN","Cruz Alta","Los Ralos","FIBRA OPTICA","297"
"0","TUCUMAN","Cruz Alta","Otros","SATELITAL","163"
"90014110","TUCUMAN","Cruz Alta","Pacará","SATELITAL","91"
"90014110","TUCUMAN","Cruz Alta","Pacará","WIRELESS","1"
"90014120","TUCUMAN","Cruz Alta","Ranchillos","FIBRA OPTICA","20"
"90014120","TUCUMAN","Cruz Alta","Ranchillos","SATELITAL","146"
"90014130","TUCUMAN","Cruz Alta","San Andrés","ADSL","324"
"90014130","TUCUMAN","Cruz Alta","San Andrés","CELULAR","28"
"90014130","TUCUMAN","Cruz Alta","San Andrés","SATELITAL","86"
"90014090","TUCUMAN","Cruz Alta","Villa Recaste","SATELITAL","105"
"90014090","TUCUMAN","Cruz Alta","Villa Tercera","SATELITAL","9"
"90028010","TUCUMAN","Famaillá","Barrio Casa Rosada","SATELITAL","21"
"90028020","TUCUMAN","Famaillá","Campo de Herrera","SATELITAL","1"
"90028020","TUCUMAN","Famaillá","Ex Ingenio Nueva Baviera","SATELITAL","87"
"90028030","TUCUMAN","Famaillá","Famaillá","ADSL","33"
"90028030","TUCUMAN","Famaillá","Famaillá","CABLEMODEM","857"
"90028030","TUCUMAN","Famaillá","Famaillá","FIBRA OPTICA","2.168"
"90028030","TUCUMAN","Famaillá","Famaillá","SATELITAL","82"
"90028030","TUCUMAN","Famaillá","Famaillá","WIRELESS","77"
"90028040","TUCUMAN","Famaillá","Ingenio Fronterita","SATELITAL","14"
"0","TUCUMAN","Famaillá","Otros","SATELITAL","3"
"90035010","TUCUMAN","Graneros","Graneros","SATELITAL","115"
"90035010","TUCUMAN","Graneros","Graneros","WIRELESS","15"
"90035020","TUCUMAN","Graneros","Lamadrid","FIBRA OPTICA","4"
"90035020","TUCUMAN","Graneros","Lamadrid","SATELITAL","96"
"90035020","TUCUMAN","Graneros","Lamadrid","WIRELESS","21"
"0","TUCUMAN","Graneros","Otros","SATELITAL","131"
"90035030","TUCUMAN","Graneros","Taco Ralo","SATELITAL","118"
"90035030","TUCUMAN","Graneros","Taco Ralo","WIRELESS","36"
"90042010","TUCUMAN","Juan Bautista Alberdi","Juan Bautista Alberdi","ADSL","25"
"90042010","TUCUMAN","Juan Bautista Alberdi","Juan Bautista Alberdi","CABLEMODEM","439"
"90042010","TUCUMAN","Juan Bautista Alberdi","Juan Bautista Alberdi","CELULAR","5"
"90042010","TUCUMAN","Juan Bautista Alberdi","Juan Bautista Alberdi","FIBRA OPTICA","2.696"
"90042010","TUCUMAN","Juan Bautista Alberdi","Juan Bautista Alberdi","SATELITAL","234"
"0","TUCUMAN","Juan Bautista Alberdi","Otros","SATELITAL","58"
"90042020","TUCUMAN","Juan Bautista Alberdi","Villa Belgrano","SATELITAL","28"
"90049010","TUCUMAN","La Cocha","La Cocha","ADSL","135"
"90049010","TUCUMAN","La Cocha","La Cocha","CELULAR","11"
"90049010","TUCUMAN","La Cocha","La Cocha","SATELITAL","263"
"90049010","TUCUMAN","La Cocha","La Cocha","WIRELESS","3"
"0","TUCUMAN","La Cocha","Otros","SATELITAL","109"
"90049020","TUCUMAN","La Cocha","San José de La Cocha","SATELITAL","95"
"90049020","TUCUMAN","La Cocha","San José de La Cocha","WIRELESS","1"
"90056010","TUCUMAN","Leales","Bella Vista","ADSL","17"
"90056010","TUCUMAN","Leales","Bella Vista","CELULAR","4"
"90056010","TUCUMAN","Leales","Bella Vista","FIBRA OPTICA","2.931"
"90056010","TUCUMAN","Leales","Bella Vista","SATELITAL","78"
"90056010","TUCUMAN","Leales","Bella Vista","WIRELESS","55"
"90056020","TUCUMAN","Leales","Estación Aráoz","FIBRA OPTICA","20"
"90056020","TUCUMAN","Leales","Estación Aráoz","SATELITAL","106"
"90056030","TUCUMAN","Leales","Los Puestos","SATELITAL","196"
"90056040","TUCUMAN","Leales","Manuel García Fernández","ADSL","5"
"90056040","TUCUMAN","Leales","Manuel García Fernández","CELULAR","10"
"90056040","TUCUMAN","Leales","Manuel García Fernández","SATELITAL","70"
"0","TUCUMAN","Leales","Otros","SATELITAL","468"
"90056050","TUCUMAN","Leales","Pala Pala","SATELITAL","245"
"90056050","TUCUMAN","Leales","Pala Pala","WIRELESS","15"
"90056060","TUCUMAN","Leales","Río Colorado","SATELITAL","45"
"90056060","TUCUMAN","Leales","Río Colorado","WIRELESS","115"
"90056070","TUCUMAN","Leales","Santa Rosa de Leales","CELULAR","2"
"90056070","TUCUMAN","Leales","Santa Rosa de Leales","SATELITAL","66"
"90056070","TUCUMAN","Leales","Santa Rosa de Leales","WIRELESS","30"
"90056090","TUCUMAN","Leales","Villa de Leales","CABLEMODEM","1"
"90056090","TUCUMAN","Leales","Villa de Leales","SATELITAL","56"
"90056080","TUCUMAN","Leales","Villa Fiad - Ingenio Leales","SATELITAL","71"
"90056080","TUCUMAN","Leales","Villa Fiad - Ingenio Leales","WIRELESS","15"
"90063040","TUCUMAN","Lules","Barrio Araujo","SATELITAL","17"
"90063010","TUCUMAN","Lules","Barrio San Felipe","SATELITAL","81"
"90063020","TUCUMAN","Lules","El Manantial","CELULAR","12"
"90063020","TUCUMAN","Lules","El Manantial","FIBRA OPTICA","4.543"
"90063020","TUCUMAN","Lules","El Manantial","SATELITAL","236"
"90063030","TUCUMAN","Lules","Ingenio San Pablo","ADSL","34"
"90063030","TUCUMAN","Lules","Ingenio San Pablo","CELULAR","9"
"90063030","TUCUMAN","Lules","Ingenio San Pablo","FIBRA OPTICA","753"
"90063030","TUCUMAN","Lules","Ingenio San Pablo","SATELITAL","312"
"90063030","TUCUMAN","Lules","Ingenio San Pablo","WIRELESS","120"
"90063040","TUCUMAN","Lules","La Reducción","ADSL","303"
"90063040","TUCUMAN","Lules","La Reducción","CELULAR","14"
"90063040","TUCUMAN","Lules","La Reducción","SATELITAL","27"
"90063050","TUCUMAN","Lules","Lules","ADSL","158"
"90063050","TUCUMAN","Lules","Lules","CABLEMODEM","1.681"
"90063050","TUCUMAN","Lules","Lules","CELULAR","19"
"90063050","TUCUMAN","Lules","Lules","FIBRA OPTICA","3.601"
"90063050","TUCUMAN","Lules","Lules","SATELITAL","102"
"90063050","TUCUMAN","Lules","Lules","WIRELESS","246"
"0","TUCUMAN","Lules","Otros","SATELITAL","51"
"90070010","TUCUMAN","Monteros","Acheral","ADSL","2"
"90070010","TUCUMAN","Monteros","Acheral","CABLEMODEM","2.228"
"90070010","TUCUMAN","Monteros","Acheral","CELULAR","5"
"90070010","TUCUMAN","Monteros","Acheral","FIBRA OPTICA","67"
"90070010","TUCUMAN","Monteros","Acheral","SATELITAL","24"
"90070010","TUCUMAN","Monteros","Acheral","WIRELESS","23"
"90070020","TUCUMAN","Monteros","Capitán Cáceres","FIBRA OPTICA","21"
"90070020","TUCUMAN","Monteros","Capitán Cáceres","SATELITAL","20"
"90070020","TUCUMAN","Monteros","Capitán Cáceres","WIRELESS","15"
"90070030","TUCUMAN","Monteros","Monteros","ADSL","15"
"90070030","TUCUMAN","Monteros","Monteros","CABLEMODEM","1.099"
"90070030","TUCUMAN","Monteros","Monteros","CELULAR","2"
"90070030","TUCUMAN","Monteros","Monteros","FIBRA OPTICA","2.310"
"90070030","TUCUMAN","Monteros","Monteros","SATELITAL","111"
"90070030","TUCUMAN","Monteros","Monteros","WIRELESS","102"
"0","TUCUMAN","Monteros","Otros","SATELITAL","17"
"90070040","TUCUMAN","Monteros","Pueblo Independencia","SATELITAL","31"
"90070050","TUCUMAN","Monteros","Río Seco","ADSL","4"
"90070050","TUCUMAN","Monteros","Río Seco","CELULAR","4"
"90070050","TUCUMAN","Monteros","Río Seco","SATELITAL","26"
"90070050","TUCUMAN","Monteros","Río Seco","WIRELESS","330"
"90070060","TUCUMAN","Monteros","Santa Lucía","CELULAR","1"
"90070060","TUCUMAN","Monteros","Santa Lucía","FIBRA OPTICA","95"
"90070060","TUCUMAN","Monteros","Santa Lucía","SATELITAL","40"
"90070070","TUCUMAN","Monteros","Sargento Moya","SATELITAL","11"
"90070070","TUCUMAN","Monteros","Sargento Moya","WIRELESS","75"
"90070080","TUCUMAN","Monteros","Soldado Maldonado","FIBRA OPTICA","26"
"90070080","TUCUMAN","Monteros","Soldado Maldonado","SATELITAL","12"
"90070090","TUCUMAN","Monteros","Teniente Berdina","FIBRA OPTICA","112"
"90070090","TUCUMAN","Monteros","Teniente Berdina","SATELITAL","10"
"90070100","TUCUMAN","Monteros","Villa Quinteros","ADSL","1"
"90070100","TUCUMAN","Monteros","Villa Quinteros","SATELITAL","43"
"90070100","TUCUMAN","Monteros","Villa Quinteros","WIRELESS","390"
"90077010","TUCUMAN","Río Chico","Aguilares","ADSL","218"
"90077010","TUCUMAN","Río Chico","Aguilares","CABLEMODEM","2.106"
"90077010","TUCUMAN","Río Chico","Aguilares","CELULAR","112"
"90077010","TUCUMAN","Río Chico","Aguilares","FIBRA OPTICA","2.614"
"90077010","TUCUMAN","Río Chico","Aguilares","SATELITAL","200"
"90077010","TUCUMAN","Río Chico","Aguilares","WIRELESS","93"
"90077020","TUCUMAN","Río Chico","Ingenio Santa Barbara","SATELITAL","38"
"90077020","TUCUMAN","Río Chico","Los Sarmientos","ADSL","18"
"90077020","TUCUMAN","Río Chico","Los Sarmientos","CELULAR","2"
"90077020","TUCUMAN","Río Chico","Los Sarmientos","SATELITAL","93"
"90077030","TUCUMAN","Río Chico","Río Chico","SATELITAL","36"
"90077030","TUCUMAN","Río Chico","Río Chico","WIRELESS","1"
"90077040","TUCUMAN","Río Chico","Santa Ana","SATELITAL","24"
"90077050","TUCUMAN","Río Chico","Villa Clodomiro Hileret","SATELITAL","6"
"90091010","TUCUMAN","Simoca","Atahona","SATELITAL","54"
"90091010","TUCUMAN","Simoca","Atahona","WIRELESS","15"
"90091020","TUCUMAN","Simoca","Monteagudo","SATELITAL","47"
"90091020","TUCUMAN","Simoca","Monteagudo","WIRELESS","17"
"90091030","TUCUMAN","Simoca","Nueva Trinidad","SATELITAL","38"
"90091030","TUCUMAN","Simoca","Nueva Trinidad","WIRELESS","68"
"0","TUCUMAN","Simoca","Otros","SATELITAL","6"
"90091040","TUCUMAN","Simoca","Santa Cruz","SATELITAL","79"
"90091050","TUCUMAN","Simoca","Simoca","CELULAR","1"
"90091050","TUCUMAN","Simoca","Simoca","SATELITAL","206"
"90091050","TUCUMAN","Simoca","Simoca","WIRELESS","72"
"90091060","TUCUMAN","Simoca","Villa Chicligasta","SATELITAL","184"
"90091060","TUCUMAN","Simoca","Villa Chicligasta","WIRELESS","221"
"90098010","TUCUMAN","Tafí del Valle","Amaicha del Valle","FIBRA OPTICA","597"
"90098010","TUCUMAN","Tafí del Valle","Amaicha del Valle","SATELITAL","72"
"90098010","TUCUMAN","Tafí del Valle","Amaicha del Valle","WIRELESS","65"
"90098020","TUCUMAN","Tafí del Valle","Colalao del Valle","SATELITAL","38"
"90098020","TUCUMAN","Tafí del Valle","Colalao del Valle","WIRELESS","51"
"90098030","TUCUMAN","Tafí del Valle","El Mollar","SATELITAL","472"
"90098030","TUCUMAN","Tafí del Valle","El Mollar","WIRELESS","17"
"0","TUCUMAN","Tafí del Valle","Otros","SATELITAL","26"
"90098040","TUCUMAN","Tafí del Valle","Tafí del Valle","ADSL","67"
"90098040","TUCUMAN","Tafí del Valle","Tafí del Valle","CELULAR","11"
"90098040","TUCUMAN","Tafí del Valle","Tafí del Valle","Otros","131"
"90098040","TUCUMAN","Tafí del Valle","Tafí del Valle","SATELITAL","1.014"
"90098040","TUCUMAN","Tafí del Valle","Tafí del Valle","WIRELESS","557"
"90105010","TUCUMAN","Tafí Viejo","Barrio El Cruce","SATELITAL","161"
"90105020","TUCUMAN","Tafí Viejo","Barrio Lomas de Tafí","ADSL","8"
"90105020","TUCUMAN","Tafí Viejo","Barrio Lomas de Tafí","SATELITAL","197"
"90105030","TUCUMAN","Tafí Viejo","Barrio Mutual San Martín","ADSL","3"
"90105030","TUCUMAN","Tafí Viejo","Barrio Mutual San Martín","SATELITAL","43"
"90105040","TUCUMAN","Tafí Viejo","Barrio Parada 14","SATELITAL","56"
"90105050","TUCUMAN","Tafí Viejo","Barrio U.T.A. II","SATELITAL","71"
"90105060","TUCUMAN","Tafí Viejo","Diagonal Norte - Luz y Fuerza - Los Pocitos - Villa Nueva Italia (6)","FIBRA OPTICA","13"
"90105060","TUCUMAN","Tafí Viejo","Diagonal Norte - Luz y Fuerza - Los Pocitos - Villa Nueva Italia (6)","SATELITAL","123"
"90105070","TUCUMAN","Tafí Viejo","El Cadillal","SATELITAL","235"
"0","TUCUMAN","Tafí Viejo","Otros","SATELITAL","286"
"90105080","TUCUMAN","Tafí Viejo","Tafí Viejo","ADSL","56"
"90105080","TUCUMAN","Tafí Viejo","Tafí Viejo","CABLEMODEM","579"
"90105080","TUCUMAN","Tafí Viejo","Tafí Viejo","CELULAR","77"
"90105080","TUCUMAN","Tafí Viejo","Tafí Viejo","FIBRA OPTICA","28.418"
"90105080","TUCUMAN","Tafí Viejo","Tafí Viejo","SATELITAL","272"
"90105080","TUCUMAN","Tafí Viejo","Tafí Viejo","WIRELESS","8"
"90105090","TUCUMAN","Tafí Viejo","Villa Las Flores","SATELITAL","110"
"90105100","TUCUMAN","Tafí Viejo","Villa Mariano Moreno - El Colmenar","FIBRA OPTICA","127"
"90105100","TUCUMAN","Tafí Viejo","Villa Mariano Moreno - El Colmenar","SATELITAL","235"
"90112010","TUCUMAN","Trancas","Choromoro","SATELITAL","221"
"0","TUCUMAN","Trancas","Otros","SATELITAL","359"
"90112020","TUCUMAN","Trancas","San Pedro de Colalao","FIBRA OPTICA","771"
"90112020","TUCUMAN","Trancas","San Pedro de Colalao","SATELITAL","639"
"90112030","TUCUMAN","Trancas","Villa  de Trancas","ADSL","32"
"90112030","TUCUMAN","Trancas","Villa  de Trancas","CELULAR","9"
"90112030","TUCUMAN","Trancas","Villa  de Trancas","FIBRA OPTICA","57"
"90112030","TUCUMAN","Trancas","Villa  de Trancas","Otros","33"
"90112030","TUCUMAN","Trancas","Villa  de Trancas","SATELITAL","179"
"90112030","TUCUMAN","Trancas","Villa  de Trancas","WIRELESS","5"
"90119010","TUCUMAN","Yerba Buena","Barrio San José III","SATELITAL","149"
"90119030","TUCUMAN","Yerba Buena","Cevil Redondo","SATELITAL","164"
"90119010","TUCUMAN","Yerba Buena","Country Jockey Club","SATELITAL","22"
"90119030","TUCUMAN","Yerba Buena","EX INGENIO SAN JOSE","SATELITAL","226"
"90119020","TUCUMAN","Yerba Buena","Villa Carmela","ADSL","17"
"90119020","TUCUMAN","Yerba Buena","Villa Carmela","CELULAR","3"
"90119020","TUCUMAN","Yerba Buena","Villa Carmela","FIBRA OPTICA","1.321"
"90119020","TUCUMAN","Yerba Buena","Villa Carmela","SATELITAL","49"
"90119020","TUCUMAN","Yerba Buena","Villa Carmela","WIRELESS","13"
"90119010","TUCUMAN","Yerba Buena","Villa San Javier","SATELITAL","68"
"90119030","TUCUMAN","Yerba Buena","Yerba Buena - Marcos Paz","ADSL","126"
"90119030","TUCUMAN","Yerba Buena","Yerba Buena - Marcos Paz","CABLEMODEM","822"
"90119030","TUCUMAN","Yerba Buena","Yerba Buena - Marcos Paz","CELULAR","41"
"90119030","TUCUMAN","Yerba Buena","Yerba Buena - Marcos Paz","FIBRA OPTICA","20.577"
"90119030","TUCUMAN","Yerba Buena","Yerba Buena - Marcos Paz","SATELITAL","772"
"90119030","TUCUMAN","Yerba Buena","Yerba Buena - Marcos Paz","WIRELESS","1"

